customer_id,age,sex,employment_type,employment_years,monthly_income,cibil_score,past_loans,on_time_payments,late_payments,defaults,existing_loans,existing_emi,credit_utilization,dti_ratio,bank_balance,savings_balance,new_loan_amount,loan_duration_months,loan_purpose,identity_verified,address_verified,employment_verified,background_verified,collateral_available,credit_risk
CUST100001,59,female,business,2.7,120900,603,3,45,6,1,1,47800.0,0.083,0.598,487700.0,249700.0,441100,18,vehicle,1,1,1,1,1,0
CUST100002,29,male,contract,9.7,52500,665,4,79,9,0,0,15100.0,0.234,0.362,280900.0,91300.0,233200,60,personal,1,1,0,1,0,0
CUST100003,22,female,self_employed,20.9,76300,767,3,57,0,0,2,9700.0,0.394,0.217,405100.0,360200.0,329000,48,home_improvement,1,1,1,1,0,1
CUST100004,49,male,salaried,6.9,15200,606,1,8,2,1,1,10600.0,0.415,0.78,39700.0,10900.0,45200,36,personal,1,1,1,1,0,0
CUST100005,37,female,salaried,6.3,44600,705,2,33,1,0,1,12800.0,0.643,0.516,262400.0,166400.0,183600,18,consumer,1,1,1,1,1,0
CUST100006,42,female,contract,26.4,33800,800,4,43,1,0,1,9100.0,0.129,0.368,113100.0,38300.0,119900,36,vehicle,1,1,1,1,1,1
CUST100007,24,male,salaried,0.8,30200,643,2,19,3,0,2,3300.0,0.325,0.199,32500.0,7200.0,97500,36,consumer,1,1,1,1,1,0
CUST100008,37,male,business,3.1,40900,672,3,38,4,0,3,5100.0,0.51,0.218,272600.0,145800.0,228600,60,business,1,1,1,1,1,0
CUST100009,49,female,salaried,6.0,36000,675,2,43,3,0,1,9600.0,0.92,0.425,174600.0,102100.0,137000,24,business,1,1,1,1,1,0
CUST100010,36,male,self_employed,3.3,27400,640,2,26,2,0,1,12100.0,0.552,0.616,74200.0,20000.0,172100,36,consumer,1,1,1,1,0,0
CUST100011,58,female,salaried,6.6,27000,707,2,31,3,0,1,8800.0,0.222,0.378,160600.0,122300.0,84900,60,business,1,1,1,1,0,0
CUST100012,56,female,self_employed,2.6,28500,677,6,74,4,0,1,4800.0,0.3,0.205,51800.0,36600.0,61800,60,personal,1,1,1,1,1,0
CUST100013,52,female,salaried,5.5,39700,650,0,0,0,0,0,11600.0,0.033,0.405,183200.0,101800.0,214900,48,education,1,1,1,1,1,0
CUST100014,61,female,salaried,13.5,77900,727,6,67,5,0,6,20200.0,0.633,0.538,153000.0,117100.0,521900,24,business,1,1,0,1,0,1
CUST100015,53,male,self_employed,5.6,112100,651,5,69,1,0,2,16900.0,0.309,0.328,246000.0,74900.0,476100,24,education,1,1,0,1,1,0
CUST100016,28,male,contract,2.8,29700,666,2,43,1,0,0,2800.0,0.224,1.037,20600.0,17000.0,168000,6,personal,1,1,1,1,1,0
CUST100017,59,male,salaried,7.0,79500,790,5,81,4,0,3,31200.0,0.412,0.531,149300.0,118000.0,397400,36,home_improvement,1,1,1,1,0,1
CUST100018,50,female,business,11.5,53100,736,3,47,1,0,1,800.0,0.46,0.321,150900.0,104800.0,195100,12,vehicle,1,1,0,1,1,1
CUST100019,25,male,salaried,6.5,55900,710,2,24,2,0,3,16800.0,0.612,0.422,93900.0,78600.0,325100,48,personal,1,1,1,1,1,0
CUST100020,34,female,self_employed,2.7,116500,705,2,34,4,0,2,25300.0,0.401,0.298,327900.0,260100.0,341100,36,vehicle,1,1,1,1,1,0
CUST100021,28,male,contract,9.9,54500,758,2,37,1,0,2,10900.0,0.666,0.32,150800.0,96200.0,314600,48,personal,1,1,1,1,1,1
CUST100022,64,male,business,6.1,72900,645,3,30,0,0,1,27300.0,0.185,0.468,508500.0,121100.0,123100,18,consumer,1,1,0,1,0,0
CUST100023,53,female,contract,5.8,114500,705,2,38,2,0,0,39200.0,0.071,0.697,396800.0,201600.0,243800,6,consumer,1,1,1,1,0,1
CUST100024,62,female,self_employed,9.8,59600,710,0,0,0,0,0,22400.0,0.096,0.874,153400.0,113800.0,356300,12,education,1,1,1,1,1,0
CUST100025,33,female,contract,6.0,84000,697,1,23,1,0,1,24500.0,0.251,0.374,175400.0,90800.0,82700,12,medical,1,1,1,1,0,0
CUST100026,49,male,self_employed,5.4,72200,769,2,34,0,0,0,8700.0,0.37,0.227,138700.0,69300.0,553800,72,vehicle,1,1,1,1,0,1
CUST100027,48,female,self_employed,19.5,32400,735,2,32,2,0,3,5300.0,0.262,0.185,151400.0,126700.0,49300,72,vehicle,1,1,1,1,1,1
CUST100028,54,female,salaried,5.8,23600,707,5,80,5,0,1,3300.0,0.253,0.197,135400.0,64800.0,64500,48,vehicle,1,1,1,1,1,0
CUST100029,26,male,contract,2.1,123600,720,3,55,2,0,0,12500.0,0.285,0.319,444400.0,147000.0,647600,24,vehicle,1,1,1,1,1,1
CUST100030,44,male,salaried,8.0,93700,707,3,29,1,0,2,10100.0,0.497,0.251,470200.0,183600.0,482100,36,education,1,1,1,1,0,1
CUST100031,50,male,salaried,9.6,116500,686,2,32,2,0,0,8100.0,0.552,0.138,438200.0,372000.0,288500,36,vehicle,1,1,1,1,1,1
CUST100032,58,male,salaried,12.1,30200,702,6,80,4,0,0,9300.0,0.256,0.587,161100.0,69400.0,202600,24,personal,1,1,1,1,0,0
CUST100033,50,female,self_employed,4.4,31300,649,1,14,0,0,0,11700.0,0.253,0.499,42400.0,15500.0,70300,18,consumer,1,1,0,1,0,0
CUST100034,41,male,business,6.3,52200,675,3,26,4,0,2,8800.0,0.169,1.143,114200.0,98800.0,305200,6,home_improvement,1,1,1,1,1,0
CUST100035,41,male,self_employed,20.6,42300,785,3,31,2,0,3,3000.0,0.344,0.149,273000.0,171100.0,78900,24,home_improvement,1,1,1,1,0,1
CUST100036,36,male,salaried,7.2,110500,734,3,54,3,0,3,19300.0,0.373,0.254,343500.0,158900.0,526100,60,consumer,1,1,1,1,0,1
CUST100037,28,male,contract,5.8,66300,718,2,34,2,0,2,14600.0,0.49,0.253,261300.0,97600.0,131400,60,education,1,1,1,1,0,0
CUST100038,33,female,self_employed,14.2,59000,720,4,94,2,0,1,14700.0,0.505,0.375,103100.0,65000.0,178700,24,home_improvement,1,1,1,1,1,1
CUST100039,27,male,salaried,2.6,21800,671,1,13,0,0,0,10700.0,0.43,0.968,79800.0,60300.0,124800,12,consumer,1,1,1,1,1,0
CUST100040,31,male,self_employed,5.7,99400,750,2,24,2,0,0,20300.0,0.169,0.236,145500.0,126900.0,113900,36,personal,1,1,1,1,0,1
CUST100041,59,male,business,11.2,63400,749,2,33,1,0,0,17900.0,0.101,0.393,398300.0,318500.0,338000,48,personal,1,1,1,1,0,1
CUST100042,44,male,salaried,7.3,51500,642,5,64,6,0,0,4900.0,0.047,0.2,279000.0,227800.0,130000,24,education,1,1,1,1,0,0
CUST100043,25,female,salaried,13.5,54600,607,0,0,0,0,0,9700.0,0.338,0.291,260500.0,175200.0,111500,18,home,1,1,1,1,1,0
CUST100044,40,male,contract,6.8,32200,665,2,46,2,0,2,13100.0,0.353,0.536,38700.0,11700.0,199800,48,personal,1,1,1,1,0,0
CUST100045,33,male,salaried,1.0,55700,593,1,12,1,0,1,18700.0,0.316,0.348,371000.0,163500.0,48600,72,consumer,1,1,1,1,1,0
CUST100046,50,male,salaried,8.5,94800,737,0,0,0,0,0,29000.0,0.26,0.368,94100.0,61200.0,212500,36,vehicle,1,1,1,1,0,1
CUST100047,58,female,salaried,4.9,108800,631,2,21,3,0,0,5500.0,0.177,0.176,521700.0,130600.0,327600,24,medical,1,1,1,1,1,0
CUST100048,21,female,self_employed,8.3,43200,671,2,30,2,0,0,5900.0,0.101,0.548,164700.0,36300.0,320000,18,personal,1,0,1,1,0,0
CUST100049,41,male,salaried,5.9,84500,740,4,61,3,0,3,31900.0,0.431,0.43,288500.0,203500.0,213500,48,home_improvement,1,0,1,1,0,1
CUST100050,41,female,business,3.1,101600,652,3,51,3,0,1,31700.0,0.722,0.494,534300.0,160900.0,442800,24,education,1,1,1,1,1,0
CUST100051,65,male,self_employed,19.6,99500,749,5,105,0,0,1,20500.0,0.627,0.248,562200.0,165000.0,151600,36,vehicle,1,1,1,1,1,1
CUST100052,37,male,salaried,12.9,61900,700,2,28,2,0,1,23500.0,0.386,0.451,208500.0,86800.0,266500,60,business,1,1,1,1,1,1
CUST100053,28,male,salaried,19.6,161300,704,3,31,2,0,2,25800.0,0.35,0.204,275100.0,189800.0,253500,36,medical,1,1,1,1,1,1
CUST100054,29,female,salaried,2.1,120500,655,2,20,2,1,3,25200.0,0.287,0.324,135800.0,64900.0,331500,24,home,1,1,1,1,1,0
CUST100055,42,female,self_employed,8.4,151400,702,2,42,2,0,1,44400.0,0.36,0.304,919000.0,277800.0,96100,60,home,1,1,1,1,1,1
CUST100056,47,male,business,0.5,38500,666,0,0,0,0,1,6000.0,0.116,0.287,232400.0,88600.0,120900,24,business,1,1,1,1,0,0
CUST100057,35,male,self_employed,6.6,57200,731,6,77,1,0,0,18000.0,0.04,0.432,89600.0,32000.0,241900,36,business,1,1,0,1,0,1
CUST100058,40,male,contract,2.1,45300,619,4,40,4,0,1,7300.0,0.171,0.304,96300.0,50400.0,311200,48,education,1,1,1,1,1,0
CUST100059,50,male,self_employed,12.9,21400,746,2,27,3,0,1,4800.0,0.61,0.328,117900.0,55100.0,79900,36,home,1,1,1,1,0,0
CUST100060,34,female,salaried,9.7,106000,676,5,44,6,0,1,31900.0,0.213,0.467,64200.0,33100.0,634300,36,personal,1,1,1,1,0,0
CUST100061,64,female,salaried,5.4,87200,694,1,16,1,0,1,16300.0,0.237,0.219,353600.0,241700.0,102200,36,personal,1,1,1,1,1,1
CUST100062,30,female,business,1.3,41900,590,5,66,4,0,1,16300.0,0.241,0.639,286100.0,131900.0,125800,12,home,1,1,1,1,1,0
CUST100063,63,male,business,10.0,31100,713,1,17,1,0,0,10200.0,0.382,0.509,181800.0,40700.0,202600,36,education,1,1,1,1,1,1
CUST100064,60,female,business,6.7,92200,656,1,13,0,0,1,9400.0,0.093,0.126,65200.0,28500.0,105500,48,vehicle,1,1,1,1,0,1
CUST100065,64,female,self_employed,13.1,93300,764,4,71,1,0,2,34200.0,0.444,0.514,354300.0,132000.0,660300,48,education,1,1,1,1,1,1
CUST100066,56,female,self_employed,11.9,113400,739,4,76,0,0,2,8500.0,0.322,0.114,663300.0,495500.0,107000,24,education,1,1,1,1,0,1
CUST100067,44,female,salaried,2.1,94100,701,2,41,1,0,3,8800.0,0.396,0.237,224300.0,157700.0,323900,24,business,1,1,1,1,0,1
CUST100068,48,female,salaried,19.1,94400,735,2,37,1,0,4,27600.0,0.348,0.743,444300.0,399700.0,510700,12,personal,1,1,1,1,0,1
CUST100069,30,female,salaried,6.6,60300,665,2,32,4,0,1,18900.0,0.251,0.395,51300.0,24600.0,235000,48,vehicle,1,1,1,1,0,0
CUST100070,36,male,salaried,8.6,70600,703,3,49,8,0,1,11200.0,0.087,0.26,307600.0,255300.0,86100,12,education,1,1,1,1,1,1
CUST100071,41,female,self_employed,3.7,95600,676,3,26,4,0,1,27800.0,0.124,0.351,221300.0,82700.0,208000,36,education,1,1,1,1,1,1
CUST100072,63,male,salaried,5.4,59600,733,5,67,3,0,4,10900.0,0.886,0.596,44600.0,15900.0,295800,12,personal,1,1,1,1,0,0
CUST100073,56,male,self_employed,6.6,30800,659,4,61,7,0,0,5900.0,0.309,0.243,113000.0,26400.0,113200,72,consumer,1,1,1,1,0,0
CUST100074,46,female,salaried,9.0,68500,657,5,63,7,0,1,10400.0,0.329,0.223,86900.0,47600.0,293800,60,medical,1,1,1,1,1,1
CUST100075,47,male,salaried,12.5,191300,693,1,10,2,0,1,43700.0,0.561,0.358,327700.0,284400.0,447800,18,education,1,1,1,1,1,1
CUST100076,40,male,salaried,6.4,42600,625,2,19,1,0,1,7600.0,0.052,0.214,103300.0,46700.0,109200,72,business,1,1,1,1,1,0
CUST100077,39,male,contract,7.6,60500,690,0,0,0,0,1,16800.0,0.654,0.419,47300.0,38100.0,205300,24,business,1,1,1,1,1,0
CUST100078,61,female,salaried,14.0,54500,730,1,13,0,0,1,9100.0,0.066,0.465,285600.0,247600.0,292800,18,business,1,1,1,1,0,1
CUST100079,21,male,salaried,7.6,60100,694,4,40,0,0,1,11400.0,0.258,0.238,91600.0,35600.0,104500,36,vehicle,1,1,0,1,0,1
CUST100080,35,male,salaried,9.8,42000,716,2,19,1,0,2,6200.0,0.149,0.342,220900.0,96500.0,293800,36,vehicle,1,1,1,1,0,1
CUST100081,39,male,self_employed,3.1,65400,673,5,75,10,1,1,7600.0,0.217,0.214,263600.0,114400.0,231400,36,consumer,1,1,1,1,1,0
CUST100082,52,female,self_employed,14.6,205300,749,5,47,3,0,0,33600.0,0.394,0.233,381800.0,213000.0,679100,48,vehicle,0,1,1,1,1,1
CUST100083,39,female,salaried,10.3,57300,672,3,30,0,0,1,15400.0,0.254,0.796,97500.0,28700.0,362400,12,vehicle,1,1,1,1,1,0
CUST100084,35,female,contract,4.4,71300,755,3,48,3,0,2,25600.0,0.141,0.424,156100.0,79700.0,222100,48,consumer,1,1,1,1,1,1
CUST100085,24,female,salaried,2.6,78300,720,3,45,3,0,2,15800.0,0.363,0.771,208100.0,114800.0,535100,12,education,1,1,1,1,0,1
CUST100086,32,female,self_employed,6.9,119800,675,6,92,10,0,0,8300.0,0.371,0.241,833900.0,297500.0,740100,36,education,1,1,1,1,0,0
CUST100087,25,female,self_employed,11.6,162900,704,1,22,1,0,2,42800.0,0.153,0.401,361500.0,150600.0,538800,24,consumer,1,1,1,1,0,1
CUST100088,52,male,contract,,129500,727,4,61,3,0,2,19700.0,0.146,0.365,702400.0,394800.0,662500,24,consumer,1,1,1,1,1,1
CUST100089,40,female,business,3.9,49900,720,2,17,3,0,3,6500.0,0.786,0.176,139400.0,43500.0,82000,36,vehicle,1,1,1,1,1,0
CUST100090,31,male,business,13.1,108200,707,3,46,2,0,0,13900.0,0.043,0.211,125300.0,80900.0,428400,48,education,0,1,1,1,0,1
CUST100091,45,male,salaried,1.5,115800,765,6,89,1,0,2,19700.0,0.3,0.293,495000.0,109700.0,170300,12,home_improvement,1,1,1,1,0,1
CUST100092,43,female,business,10.3,106400,643,2,22,2,0,1,17100.0,0.388,0.253,289600.0,198300.0,590200,60,vehicle,1,1,0,1,0,0
CUST100093,42,male,contract,15.9,80200,613,5,46,4,1,3,13400.0,0.323,0.288,531700.0,277000.0,175000,18,personal,1,1,1,1,1,0
CUST100094,47,male,contract,4.6,45800,671,6,105,3,0,0,4300.0,0.219,0.201,113600.0,62800.0,177200,36,personal,1,1,1,1,1,1
CUST100095,49,male,business,4.8,38600,666,3,55,5,0,3,8000.0,0.301,0.255,260800.0,75000.0,111400,60,home_improvement,1,1,1,0,0,0
CUST100096,29,female,salaried,2.8,46000,627,3,51,6,1,2,12300.0,0.494,0.473,233900.0,148300.0,170300,18,consumer,1,1,1,1,1,0
CUST100097,27,female,salaried,10.6,106800,761,4,81,3,0,0,32500.0,0.488,0.575,443900.0,156700.0,693000,24,home,1,0,1,1,0,1
CUST100098,53,female,salaried,13.9,134500,730,1,18,0,0,0,42300.0,0.554,0.364,334000.0,136100.0,317900,48,business,1,1,1,1,0,1
CUST100099,64,female,self_employed,8.9,52700,686,1,17,0,0,4,15500.0,0.63,0.454,264500.0,235100.0,303700,36,consumer,1,1,1,0,0,0
CUST100100,45,female,salaried,5.5,40200,729,2,30,0,0,1,10200.0,0.387,0.323,80800.0,60600.0,100900,36,education,1,1,1,1,1,1
CUST100101,41,male,salaried,8.8,39100,686,1,9,1,0,1,3400.0,0.169,0.32,218800.0,47000.0,218400,24,home,1,1,1,1,0,0
CUST100102,48,male,self_employed,2.1,27500,653,6,82,2,0,3,2800.0,0.46,0.136,170200.0,126600.0,56500,60,vehicle,1,1,1,1,0,0
CUST100103,22,female,business,7.7,32600,659,1,22,2,0,5,2000.0,0.493,0.361,132100.0,86100.0,175700,18,personal,1,1,1,1,1,0
CUST100104,37,female,salaried,1.3,45900,664,3,47,1,0,0,5200.0,0.287,0.231,273800.0,245100.0,259900,48,medical,1,1,1,1,0,0
CUST100105,37,female,salaried,3.3,94500,658,1,18,6,0,1,10200.0,0.488,0.195,361100.0,216700.0,393100,48,personal,1,1,1,1,0,0
CUST100106,39,male,salaried,3.6,89700,660,3,39,3,0,3,24000.0,0.793,0.378,461700.0,197400.0,236700,24,business,1,1,1,1,1,0
CUST100107,54,female,salaried,8.1,21900,696,2,43,1,0,0,5900.0,0.21,0.367,136500.0,78400.0,76600,36,home_improvement,1,1,1,1,0,0
CUST100108,43,female,salaried,2.9,45200,664,2,28,2,0,0,7600.0,0.257,0.418,139100.0,44600.0,270600,24,vehicle,1,1,1,1,1,1
CUST100109,59,male,salaried,9.2,25500,687,4,93,3,0,0,9200.0,0.032,0.403,46600.0,33700.0,39000,36,medical,1,1,1,1,1,0
CUST100110,42,male,salaried,12.2,60900,689,1,18,2,0,1,22800.0,0.156,0.523,151900.0,109700.0,326300,36,home,1,1,0,1,1,1
CUST100111,22,male,salaried,3.6,36700,651,2,40,0,0,0,12100.0,0.339,0.472,189600.0,53200.0,188400,36,home_improvement,1,1,1,1,0,0
CUST100112,51,female,business,7.8,63400,660,2,21,1,0,1,17200.0,0.49,0.363,80900.0,21500.0,210400,36,personal,1,1,1,1,0,1
CUST100113,56,male,business,10.1,43600,708,1,12,0,0,2,11000.0,0.417,0.327,118400.0,81000.0,118000,36,consumer,1,1,1,1,0,1
CUST100114,46,male,salaried,13.7,34600,711,6,124,2,0,1,12300.0,0.16,0.43,135000.0,92400.0,154600,60,vehicle,1,1,1,1,1,1
CUST100115,63,female,salaried,8.2,140500,720,1,19,0,0,6,19700.0,0.711,0.245,540500.0,185100.0,887000,60,business,1,1,1,1,1,1
CUST100116,39,female,contract,11.5,40700,739,1,15,0,0,1,13500.0,0.286,0.451,143300.0,64100.0,174900,36,personal,1,1,1,1,0,1
CUST100117,56,male,salaried,2.5,40900,573,3,48,6,0,2,7000.0,0.213,0.375,35600.0,11600.0,199900,24,consumer,1,1,1,1,1,0
CUST100118,21,male,salaried,7.5,22200,696,1,20,4,0,2,9900.0,0.168,0.945,64800.0,51700.0,133000,12,consumer,1,1,1,1,1,0
CUST100119,22,female,self_employed,11.4,100200,745,6,76,2,0,1,24200.0,0.542,0.38,619600.0,304500.0,668300,48,education,1,1,1,1,0,1
CUST100120,56,male,salaried,5.4,33200,663,3,61,5,0,0,13100.0,0.352,0.503,209700.0,117800.0,172900,48,home_improvement,1,1,1,1,1,0
CUST100121,60,female,salaried,15.8,33700,724,5,67,3,0,1,13000.0,0.109,0.412,59200.0,41900.0,52900,60,personal,1,1,1,0,0,1
CUST100122,44,male,self_employed,11.2,48700,760,4,43,1,0,1,9500.0,0.641,0.248,268900.0,85800.0,124500,48,personal,1,1,1,1,1,1
CUST100123,54,male,salaried,8.6,46100,714,1,16,1,0,1,8500.0,0.225,0.331,219900.0,59100.0,243200,36,home,1,1,1,1,1,1
CUST100124,35,male,salaried,14.0,32800,720,2,43,1,0,0,12800.0,0.119,0.456,125000.0,90500.0,104300,48,business,1,1,1,1,0,1
CUST100125,53,male,salaried,2.6,61600,699,4,66,2,0,1,18500.0,0.34,0.322,305000.0,233400.0,94500,72,consumer,1,1,1,1,1,1
CUST100126,43,female,salaried,12.3,116700,745,1,18,0,0,4,22000.0,0.482,0.245,768200.0,633500.0,237300,36,home,1,1,1,1,0,1
CUST100127,34,female,salaried,17.8,83900,725,3,56,1,0,0,3300.0,0.127,0.125,292100.0,193300.0,257400,36,vehicle,1,1,0,1,0,1
CUST100128,25,male,salaried,3.4,74900,711,1,16,1,0,2,8500.0,0.393,0.156,48600.0,15300.0,56800,18,home,1,1,1,1,0,0
CUST100129,28,male,salaried,3.7,37000,664,4,81,7,0,1,6900.0,0.412,0.357,267900.0,223200.0,227000,36,vehicle,1,1,1,1,1,0
CUST100130,61,female,salaried,5.4,81700,733,4,55,1,0,1,13500.0,0.112,0.439,164100.0,96900.0,268100,12,medical,1,1,1,1,0,1
CUST100131,40,female,salaried,9.4,201900,708,1,10,0,0,1,40500.0,0.224,0.595,1178500.0,1003100.0,955400,12,personal,1,1,1,1,0,1
CUST100132,65,male,salaried,18.1,46000,759,1,17,0,0,0,8300.0,0.494,0.374,336800.0,79900.0,213700,24,consumer,1,1,1,1,1,1
CUST100133,36,female,business,4.0,36100,648,3,52,2,0,0,17600.0,0.408,0.652,12800.0,11500.0,214100,36,vehicle,1,1,1,1,1,0
CUST100134,23,male,salaried,8.7,111600,699,1,22,0,0,1,6700.0,0.626,0.168,765700.0,232700.0,724900,60,home,1,1,1,1,1,1
CUST100135,32,male,business,8.1,69400,664,2,26,0,0,0,6500.0,0.626,0.16,56700.0,22200.0,277100,60,vehicle,1,1,1,1,0,0
CUST100136,37,male,salaried,12.5,54400,684,4,71,5,0,1,13400.0,0.217,0.345,348600.0,171300.0,192900,36,personal,1,1,1,1,1,1
CUST100137,52,female,salaried,10.3,55900,700,3,35,1,0,0,7500.0,0.535,0.317,317200.0,190700.0,368600,36,personal,1,1,1,1,0,1
CUST100138,53,female,contract,6.4,116500,699,2,43,5,0,2,35400.0,0.257,0.434,263000.0,93800.0,544800,36,personal,1,1,1,1,0,1
CUST100139,54,male,contract,1.5,45300,656,2,28,4,0,0,6700.0,0.495,0.221,344000.0,157100.0,198000,60,business,1,1,1,1,1,0
CUST100140,35,male,salaried,12.0,76200,716,0,0,0,0,2,20500.0,0.804,0.383,126700.0,96300.0,417400,48,home,1,1,1,1,1,1
CUST100141,38,male,business,9.6,93800,733,2,24,0,0,0,13900.0,0.451,0.177,225300.0,111900.0,129500,48,personal,1,1,1,1,1,1
CUST100142,46,male,salaried,5.4,109600,680,1,14,1,0,2,32300.0,0.73,0.611,396300.0,331600.0,832000,24,home,1,1,1,1,1,0
CUST100143,48,female,contract,6.8,186500,658,1,22,0,0,2,48600.0,0.332,0.433,1245400.0,751100.0,770700,24,consumer,1,1,1,1,1,1
CUST100144,39,male,business,12.1,38100,721,1,19,0,0,1,10600.0,0.648,0.342,203600.0,147100.0,174600,72,personal,1,1,1,1,0,1
CUST100145,29,male,salaried,11.9,67700,705,3,39,3,0,1,22100.0,0.159,0.42,375400.0,136900.0,381000,60,education,1,1,1,1,0,1
CUST100146,55,male,salaried,11.7,65000,724,4,46,2,0,1,18100.0,0.711,0.787,163600.0,139300.0,396500,12,education,1,1,1,1,0,1
CUST100147,44,female,self_employed,6.6,73700,672,2,24,0,0,0,22500.0,0.389,0.398,266400.0,81900.0,411600,60,vehicle,1,1,1,1,0,0
CUST100148,64,male,salaried,1.8,128100,752,3,37,2,0,0,48800.0,0.473,0.51,315500.0,180000.0,790500,48,personal,1,1,1,1,0,1
CUST100149,63,female,salaried,7.7,222900,758,3,48,0,0,1,32400.0,0.049,0.208,285800.0,71500.0,501400,36,personal,1,1,1,1,0,1
CUST100150,60,male,business,13.7,28400,731,4,58,2,0,5,9200.0,0.374,0.417,219700.0,141300.0,94900,36,consumer,1,1,1,1,0,0
CUST100151,64,male,self_employed,4.7,101000,659,4,85,7,0,3,5100.0,0.558,0.278,143100.0,91900.0,275700,12,personal,1,1,1,1,1,0
CUST100152,48,male,business,8.2,71200,705,6,137,7,0,1,23500.0,0.356,0.477,127300.0,108900.0,377500,36,consumer,0,1,1,1,0,0
CUST100153,34,male,self_employed,9.5,49500,744,5,107,3,0,0,15000.0,0.172,0.495,42800.0,20300.0,342700,36,consumer,1,1,1,1,1,1
CUST100154,28,male,contract,3.7,148100,804,4,52,0,0,2,32700.0,0.269,0.359,110000.0,75000.0,985400,48,vehicle,1,1,1,1,1,1
CUST100155,25,male,business,10.6,42900,688,6,85,5,0,3,18600.0,0.283,0.453,56600.0,49300.0,20000,24,personal,1,1,1,1,1,0
CUST100156,63,male,salaried,9.1,147200,701,2,26,0,0,0,34300.0,0.21,0.392,76000.0,40700.0,561700,24,personal,1,1,1,1,1,1
CUST100157,33,female,salaried,3.9,38400,725,3,51,3,0,0,3800.0,0.173,0.244,251200.0,201200.0,134000,24,home_improvement,1,1,1,1,1,1
CUST100158,22,female,contract,1.6,54200,630,3,44,1,0,1,1700.0,0.201,0.142,180000.0,43600.0,287300,48,personal,1,1,1,1,0,0
CUST100159,22,male,salaried,4.5,117200,691,3,54,3,0,0,37900.0,0.132,0.433,554100.0,434100.0,773400,60,personal,1,1,1,1,1,1
CUST100160,34,female,business,5.3,33800,735,3,36,0,0,1,9200.0,0.444,0.335,57300.0,35700.0,76500,36,personal,1,1,1,1,1,1
CUST100161,65,male,salaried,25.6,44900,739,2,23,1,0,1,15400.0,0.214,0.865,136300.0,85100.0,281200,12,business,1,1,1,1,1,1
CUST100162,33,female,salaried,6.7,70200,729,2,26,0,0,0,21200.0,0.463,0.513,112200.0,77700.0,356000,24,business,1,1,1,1,0,1
CUST100163,25,male,self_employed,2.4,65300,652,2,33,5,0,0,19700.0,0.028,0.391,187100.0,139600.0,105200,18,business,1,1,1,1,1,0
CUST100164,51,male,salaried,2.4,36800,719,1,12,1,0,3,7000.0,0.44,0.875,36700.0,30100.0,151200,6,vehicle,1,1,1,1,1,0
CUST100165,23,female,self_employed,8.9,45800,636,4,75,5,0,0,9500.0,0.292,0.599,74500.0,47500.0,215400,12,education,1,1,1,1,1,0
CUST100166,42,male,self_employed,10.2,67300,752,2,44,0,0,2,2300.0,0.296,0.161,243400.0,56200.0,410600,48,education,1,1,1,1,1,1
CUST100167,24,female,salaried,,104900,646,0,0,0,0,0,25500.0,0.302,0.327,495600.0,163800.0,210200,24,vehicle,1,1,0,1,1,0
CUST100168,25,female,salaried,7.0,29900,720,2,20,0,0,3,12100.0,0.35,0.557,188000.0,143400.0,163900,36,personal,1,1,1,1,1,0
CUST100169,37,female,self_employed,2.1,23800,641,4,71,5,1,1,1400.0,0.478,0.214,27000.0,9400.0,133000,36,education,1,1,1,1,1,0
CUST100170,21,female,salaried,9.8,94000,709,2,20,0,0,0,34900.0,0.093,0.476,182800.0,71900.0,237300,24,personal,1,1,1,1,1,1
CUST100171,59,female,salaried,1.0,49400,635,1,12,0,0,0,17000.0,0.175,0.428,95000.0,34900.0,148400,36,home,1,1,1,1,1,0
CUST100172,48,male,contract,10.7,50500,770,1,20,1,0,1,17600.0,0.276,0.57,92900.0,69600.0,268800,24,personal,1,1,1,1,1,1
CUST100173,63,female,salaried,2.1,56600,629,2,21,1,0,0,23000.0,0.318,0.492,261000.0,222800.0,232900,48,personal,1,1,1,1,1,0
CUST100174,43,female,self_employed,5.0,73900,588,4,84,12,0,1,11700.0,0.264,0.257,315300.0,165000.0,261900,36,consumer,1,1,1,1,1,0
CUST100175,46,male,self_employed,3.7,99500,737,3,31,2,0,0,10200.0,0.331,0.141,489700.0,234700.0,185000,48,business,1,1,1,1,0,1
CUST100176,48,male,contract,4.8,75400,648,4,45,3,0,1,27200.0,0.382,0.509,210300.0,91200.0,268800,24,home_improvement,1,1,1,1,1,0
CUST100177,41,male,salaried,3.4,59800,660,4,58,2,0,0,19000.0,0.229,0.641,75700.0,28000.0,116100,6,home_improvement,1,1,1,1,0,0
CUST100178,46,male,self_employed,11.0,109900,681,3,31,2,0,1,26600.0,0.384,0.283,146500.0,126300.0,160700,36,business,1,1,1,1,1,1
CUST100179,46,male,contract,12.9,91300,783,2,20,0,0,0,14700.0,0.71,0.251,539900.0,323900.0,294900,36,medical,1,1,0,1,0,1
CUST100180,61,male,salaried,8.3,90800,644,2,32,2,0,0,26800.0,0.743,0.623,244400.0,210700.0,356900,12,home,1,1,1,1,0,0
CUST100181,34,male,salaried,8.7,126400,723,1,10,1,0,0,19300.0,0.283,0.236,461600.0,392000.0,507900,48,personal,1,1,1,1,1,1
CUST100182,62,female,salaried,4.7,35500,690,3,42,3,0,0,10500.0,0.387,0.416,93000.0,21600.0,153400,36,home_improvement,1,1,1,1,1,0
CUST100183,28,male,salaried,0.9,31300,657,0,0,0,0,2,0.0,0.425,0.071,189000.0,99400.0,107000,48,vehicle,1,1,1,1,0,0
CUST100184,29,male,salaried,5.1,101500,742,4,74,2,0,0,26900.0,0.605,0.38,453500.0,264900.0,281200,24,vehicle,1,1,1,1,1,1
CUST100185,32,female,salaried,5.5,95800,686,3,56,4,0,2,12800.0,0.276,0.614,380900.0,258500.0,552800,12,education,1,1,1,1,1,0
CUST100186,63,male,salaried,7.3,44700,759,3,50,4,0,3,14000.0,0.315,0.66,275400.0,78300.0,185800,12,personal,1,1,0,1,1,0
CUST100187,32,male,business,23.5,97200,706,6,123,3,0,0,23200.0,0.411,0.412,434100.0,126400.0,404700,24,personal,1,1,1,1,0,1
CUST100188,56,female,salaried,8.0,34800,695,2,35,1,0,3,4600.0,0.362,0.278,46100.0,34300.0,183200,36,business,1,0,0,1,1,0
CUST100189,47,male,salaried,7.1,35100,675,4,80,8,0,1,12200.0,0.142,0.369,22800.0,17200.0,45700,60,medical,1,1,1,1,0,0
CUST100190,49,female,business,7.6,72500,650,4,78,10,0,1,12300.0,0.677,0.69,80800.0,54200.0,453100,12,consumer,1,1,1,1,1,0
CUST100191,24,female,salaried,18.4,25900,721,2,24,0,0,5,6800.0,0.348,0.514,17900.0,13100.0,156100,24,business,1,1,1,1,0,0
CUST100192,50,male,salaried,7.4,74800,685,1,23,1,0,0,7300.0,0.25,0.121,69600.0,22600.0,63300,36,home,1,1,1,1,0,1
CUST100193,24,female,salaried,4.3,28200,671,6,61,5,0,1,5500.0,0.291,0.278,93200.0,75700.0,83900,36,vehicle,1,1,1,1,0,0
CUST100194,45,female,salaried,8.0,195800,794,2,31,1,0,4,56900.0,0.662,0.37,723800.0,546200.0,743000,48,personal,1,1,1,1,1,1
CUST100195,56,male,salaried,3.6,69400,700,2,43,1,0,4,9600.0,0.438,0.198,400800.0,323700.0,248000,60,personal,1,1,1,1,0,1
CUST100196,62,female,salaried,6.7,38700,602,4,45,3,0,0,400.0,0.096,0.099,106400.0,33500.0,206100,60,consumer,1,1,1,1,0,0
CUST100197,65,male,salaried,9.1,28400,745,3,69,0,0,0,9000.0,0.392,0.474,88900.0,33600.0,161100,36,vehicle,1,1,1,1,1,1
CUST100198,31,female,salaried,16.5,34900,729,5,55,0,0,0,9600.0,0.125,0.366,59800.0,14700.0,152900,48,personal,1,1,1,1,0,1
CUST100199,55,female,salaried,11.4,76500,721,4,80,0,0,0,3400.0,0.209,0.083,285700.0,119700.0,106000,36,home_improvement,1,1,1,1,0,1
CUST100200,47,male,contract,7.9,35200,613,3,47,7,0,2,9900.0,0.411,0.333,26000.0,,65400,36,education,1,1,1,1,0,0
CUST100201,54,female,salaried,7.7,45800,667,3,47,4,0,1,14300.0,0.578,0.449,74200.0,17500.0,300800,48,personal,1,1,1,1,1,0
CUST100202,57,male,self_employed,12.2,74700,731,3,38,1,0,0,20000.0,0.31,0.39,363800.0,278400.0,328700,36,vehicle,1,1,1,0,0,1
CUST100203,42,male,self_employed,16.1,109400,710,3,60,3,0,1,4900.0,0.211,0.191,210800.0,177800.0,576000,36,vehicle,1,1,0,1,1,1
CUST100204,27,female,business,6.1,32500,637,7,107,19,0,0,5800.0,0.147,0.336,147600.0,53300.0,183800,36,home,1,1,1,1,0,0
CUST100205,56,female,salaried,6.6,108400,712,5,99,6,0,0,29500.0,0.145,0.439,589500.0,495900.0,217500,12,consumer,1,1,1,1,1,1
CUST100206,48,male,salaried,8.1,21700,677,3,54,6,0,0,2400.0,0.361,0.25,0.0,0.0,109100,36,home_improvement,1,1,1,1,1,0
CUST100207,27,female,business,6.7,104500,651,3,46,5,0,4,13100.0,0.35,0.194,224200.0,144900.0,129900,18,medical,0,1,1,1,0,0
CUST100208,39,male,self_employed,2.9,70300,692,4,80,4,0,3,21900.0,0.635,0.435,453400.0,109300.0,208400,24,vehicle,1,1,1,1,0,0
CUST100209,27,female,self_employed,10.6,33200,665,1,17,1,0,2,0.0,0.245,0.052,224300.0,179400.0,62700,36,education,1,1,1,1,1,1
CUST100210,55,female,self_employed,6.9,24700,609,1,20,4,0,1,4300.0,0.549,0.245,96100.0,41000.0,42200,24,home_improvement,1,1,1,1,0,0
CUST100211,36,female,self_employed,3.0,58600,645,3,27,3,0,0,1800.0,0.056,0.092,213300.0,82300.0,214900,60,consumer,1,1,1,1,0,0
CUST100212,24,male,business,5.3,54600,711,0,0,0,0,0,14900.0,0.477,0.494,22900.0,17700.0,217200,18,consumer,1,1,1,1,0,0
CUST100213,33,female,business,6.7,32200,628,2,19,1,0,1,11300.0,0.392,0.667,87000.0,35700.0,61000,6,home_improvement,1,1,1,1,0,0
CUST100214,48,male,contract,1.9,80800,754,3,41,1,0,3,18400.0,0.876,0.363,22900.0,7000.0,393100,36,home_improvement,1,1,1,1,1,1
CUST100215,47,male,contract,7.9,30700,654,4,67,5,0,0,1700.0,0.23,0.161,176000.0,138400.0,155600,48,home,1,1,1,1,0,0
CUST100216,59,male,salaried,4.0,27600,670,0,0,0,0,0,8400.0,0.213,0.453,38300.0,30000.0,147900,36,personal,1,1,1,1,1,0
CUST100217,37,male,business,8.7,86400,710,1,15,1,0,3,9300.0,0.232,0.152,396400.0,266700.0,138200,36,home_improvement,1,1,1,1,1,1
CUST100218,49,female,salaried,4.6,95900,617,5,51,4,0,0,29900.0,0.594,0.397,604600.0,530100.0,392400,48,education,1,1,1,1,1,0
CUST100219,63,female,salaried,8.3,77200,714,3,61,2,0,2,18900.0,0.313,0.368,299100.0,188900.0,341400,36,business,1,1,1,1,0,1
CUST100220,35,male,self_employed,10.9,138300,705,6,115,5,0,1,51900.0,0.424,0.442,681500.0,245000.0,330200,36,vehicle,1,1,1,1,1,1
CUST100221,22,female,contract,5.7,188500,708,5,86,4,0,1,66700.0,0.43,0.456,1004100.0,553600.0,463400,24,vehicle,1,1,1,1,0,1
CUST100222,50,male,self_employed,10.3,51700,610,1,14,1,0,0,13600.0,0.096,0.426,298400.0,111200.0,302600,36,personal,1,1,1,1,1,0
CUST100223,48,female,business,15.3,55800,743,4,80,4,0,1,9000.0,0.541,0.562,286600.0,181000.0,268200,12,personal,1,1,1,1,1,1
CUST100224,36,male,salaried,3.5,71900,663,2,36,6,0,4,12400.0,0.537,0.456,103700.0,38400.0,490100,24,vehicle,1,1,1,1,0,0
CUST100225,46,male,salaried,11.2,76400,681,3,41,1,0,1,11800.0,0.616,0.261,445000.0,374300.0,146700,18,home_improvement,1,1,1,1,1,1
CUST100226,51,male,salaried,10.1,69500,706,4,83,1,0,1,14900.0,0.559,0.604,215600.0,119400.0,162600,6,business,1,1,1,1,0,1
CUST100227,57,male,contract,3.4,24500,724,4,73,3,0,1,2900.0,0.405,0.315,99800.0,71500.0,115400,24,business,1,1,1,1,0,0
CUST100228,26,male,contract,8.0,65000,746,4,87,5,1,1,15600.0,0.185,0.308,96000.0,40500.0,211800,48,vehicle,1,1,1,1,1,0
CUST100229,42,male,contract,3.9,57100,657,4,56,0,0,1,8100.0,0.192,0.182,133600.0,47900.0,136500,60,personal,1,1,1,1,0,0
CUST100230,33,male,salaried,9.6,18100,624,1,19,4,0,2,6000.0,0.711,0.498,60400.0,31500.0,108200,36,home_improvement,1,1,1,1,1,0
CUST100231,36,male,salaried,5.6,59600,671,1,10,1,0,2,21400.0,0.461,0.662,282600.0,166500.0,325500,18,business,1,1,1,1,0,0
CUST100232,22,male,salaried,1.0,47000,688,1,12,0,0,0,14200.0,0.366,0.605,91900.0,21000.0,171000,12,personal,1,1,1,1,1,0
CUST100233,39,male,salaried,6.4,49100,665,5,111,9,0,2,11000.0,0.236,0.372,240900.0,72100.0,260900,36,education,1,0,1,1,1,0
CUST100234,24,female,salaried,4.3,21500,661,3,69,3,0,0,9200.0,0.246,0.492,52500.0,21800.0,66200,48,business,1,1,1,1,1,0
CUST100235,62,male,salaried,1.8,24300,685,2,41,1,0,3,11500.0,0.239,0.593,55200.0,41000.0,139400,48,personal,1,1,1,1,1,0
CUST100236,45,male,salaried,4.4,38000,635,4,71,5,0,2,8100.0,0.22,0.224,220400.0,179600.0,20000,48,home_improvement,1,1,1,1,0,0
CUST100237,39,female,self_employed,4.8,51200,690,2,25,1,0,2,6400.0,0.418,0.916,252900.0,164300.0,242900,6,vehicle,1,1,1,1,0,0
CUST100238,31,female,self_employed,9.5,94900,825,3,33,0,0,1,17800.0,0.388,0.488,368100.0,233100.0,684400,24,personal,1,1,1,1,0,1
CUST100239,63,male,business,16.1,35700,785,0,0,0,0,2,1800.0,0.806,0.267,56500.0,43800.0,92800,12,consumer,1,1,1,1,0,1
CUST100240,44,female,salaried,4.1,98200,684,3,49,2,0,3,18400.0,0.254,0.322,409600.0,82300.0,477700,36,consumer,1,1,1,1,1,1
CUST100241,65,female,salaried,3.8,21700,682,5,49,1,0,3,0.0,0.271,0.285,120700.0,33400.0,74200,12,education,1,1,1,1,0,0
CUST100242,50,female,self_employed,15.6,115800,755,2,39,1,0,4,17900.0,0.399,0.188,525400.0,320100.0,140200,36,personal,1,0,1,1,1,1
CUST100243,65,female,self_employed,10.9,50800,668,2,24,0,0,2,7700.0,0.225,0.229,258300.0,227500.0,188400,48,personal,1,1,1,1,1,1
CUST100244,60,female,salaried,12.6,67300,728,6,141,3,0,2,27300.0,0.245,0.558,368100.0,187200.0,368400,36,education,1,1,1,1,1,1
CUST100245,54,male,salaried,7.1,120100,765,1,19,0,0,2,35400.0,0.874,0.411,519900.0,246300.0,504300,36,medical,1,1,1,1,0,1
CUST100246,36,female,salaried,4.6,40900,706,4,73,3,0,0,9500.0,0.079,0.269,196200.0,115500.0,108400,72,vehicle,1,1,1,1,1,1
CUST100247,55,male,salaried,3.5,75500,706,4,85,7,0,2,20900.0,0.241,0.349,100900.0,80600.0,195900,36,business,1,1,1,1,1,1
CUST100248,35,male,salaried,2.7,65700,702,2,24,2,0,3,27600.0,0.577,0.588,446200.0,367100.0,199000,18,personal,1,1,1,1,1,0
CUST100249,59,male,business,8.5,54100,736,3,69,3,0,2,10600.0,0.151,0.47,89200.0,26900.0,355500,24,consumer,1,1,1,1,1,1
CUST100250,35,male,contract,3.1,56700,725,2,21,1,0,1,10100.0,0.49,0.263,345400.0,287000.0,289600,60,medical,1,1,1,1,1,1
CUST100251,24,male,contract,8.6,31600,721,4,65,7,0,1,16900.0,0.38,0.852,84600.0,45300.0,120100,12,personal,1,1,1,1,0,0
CUST100252,26,female,business,7.4,53700,653,1,10,2,0,2,4100.0,0.7,0.228,275700.0,122500.0,391600,48,personal,1,1,1,1,1,0
CUST100253,41,male,business,5.4,72000,637,5,94,11,0,2,21500.0,0.369,0.334,112200.0,73900.0,121600,48,home_improvement,1,1,1,1,1,0
CUST100254,50,male,salaried,15.1,62500,713,2,17,3,0,1,20900.0,0.601,0.51,205300.0,154100.0,263100,24,personal,1,1,1,1,0,1
CUST100255,34,female,salaried,5.3,49600,656,2,37,5,0,4,13400.0,0.266,0.529,158200.0,92400.0,231400,18,home,1,1,1,1,0,0
CUST100256,57,female,salaried,16.4,58600,705,6,57,3,0,0,10400.0,0.482,0.505,382900.0,157700.0,230000,12,vehicle,1,1,1,1,1,1
CUST100257,32,male,salaried,7.1,43900,621,4,60,4,0,1,3500.0,0.644,0.25,98500.0,47300.0,268800,36,vehicle,1,1,1,1,1,0
CUST100258,42,female,salaried,13.3,39400,681,2,22,2,0,1,12100.0,0.574,0.541,91000.0,72700.0,221500,24,medical,1,1,1,1,0,0
CUST100259,36,female,business,4.8,82400,717,6,103,5,0,1,9000.0,0.313,0.286,103700.0,92700.0,350100,24,home,1,0,1,1,0,1
CUST100260,46,female,business,6.2,36600,631,1,17,0,0,0,1500.0,0.037,0.104,219500.0,47800.0,82700,36,home,1,1,1,0,1,0
CUST100261,29,male,salaried,4.0,90500,593,1,13,1,0,1,7500.0,0.305,0.331,402400.0,298800.0,404900,18,consumer,1,1,1,1,1,0
CUST100262,64,female,salaried,6.3,41100,710,4,90,6,0,3,1400.0,0.351,0.081,57300.0,24500.0,69000,36,personal,1,1,1,1,0,1
CUST100263,62,male,salaried,6.9,184500,765,7,105,0,0,1,53900.0,0.382,0.355,694600.0,285400.0,278700,24,medical,1,1,1,1,0,1
CUST100264,52,female,salaried,9.7,68100,672,5,83,2,0,1,12900.0,0.245,0.34,169700.0,146800.0,369300,36,medical,1,1,1,1,0,1
CUST100265,44,male,salaried,2.4,35000,630,3,60,6,1,4,11000.0,0.701,0.415,118300.0,89400.0,127100,36,personal,1,1,1,1,1,0
CUST100266,54,male,salaried,2.4,95800,643,2,21,5,0,2,31800.0,0.229,0.361,198300.0,55100.0,99300,36,medical,1,1,0,1,1,0
CUST100267,42,female,salaried,5.5,47200,693,0,0,0,0,0,15400.0,0.247,0.427,209300.0,65500.0,228900,48,education,1,1,1,1,0,0
CUST100268,61,female,self_employed,3.3,69100,637,1,18,0,0,2,16600.0,0.306,0.339,199700.0,44600.0,490100,72,education,1,1,1,1,1,0
CUST100269,23,male,salaried,19.1,148800,722,2,45,1,0,2,28800.0,0.266,0.244,667100.0,522300.0,271000,36,personal,1,1,1,1,1,1
CUST100270,30,male,salaried,6.6,60700,730,2,36,2,0,2,15100.0,0.164,0.396,378500.0,97300.0,214200,24,personal,1,1,1,1,1,1
CUST100271,41,male,salaried,3.7,54800,592,2,29,1,0,2,11400.0,0.69,0.319,294200.0,64000.0,291200,48,personal,1,1,1,1,1,0
CUST100272,50,male,salaried,17.1,64700,730,5,59,1,0,2,15700.0,0.604,0.426,195100.0,64800.0,142200,12,education,1,1,1,1,0,1
CUST100273,52,male,salaried,5.4,40000,652,2,40,0,0,4,4800.0,0.547,0.175,168700.0,69500.0,39500,18,home_improvement,1,0,1,1,0,0
CUST100274,53,female,self_employed,6.9,60700,637,2,35,3,0,1,17900.0,0.6,1.488,413600.0,357900.0,434600,6,business,1,1,1,1,1,0
CUST100275,63,male,self_employed,4.3,19600,666,3,47,4,0,1,8000.0,0.4,0.669,0.0,0.0,122700,24,home,1,1,1,1,0,0
CUST100276,58,female,self_employed,9.5,43800,742,1,17,0,0,0,2300.0,0.067,0.436,31900.0,20200.0,201600,12,personal,1,1,1,1,1,1
CUST100277,62,male,self_employed,13.4,43800,670,3,36,3,0,0,13000.0,0.475,0.381,243300.0,176000.0,221700,60,home_improvement,1,1,1,1,1,1
CUST100278,36,female,self_employed,7.8,48100,753,0,0,0,0,1,11400.0,0.375,0.542,77800.0,33400.0,175900,12,business,1,1,1,1,0,0
CUST100279,52,female,contract,21.0,36800,726,3,49,2,0,1,5500.0,0.135,0.541,260400.0,59200.0,259300,18,consumer,1,1,1,1,1,1
CUST100280,51,female,self_employed,5.4,39000,655,2,41,3,0,1,700.0,0.149,0.092,137600.0,93700.0,174200,60,education,1,1,1,1,1,1
CUST100281,48,male,salaried,6.9,61700,667,4,54,2,0,4,17100.0,0.306,0.437,154600.0,64300.0,355400,36,vehicle,1,1,1,1,1,0
CUST100282,48,male,business,7.1,40800,703,4,37,3,0,0,14500.0,0.374,0.436,38800.0,12500.0,235400,72,business,1,1,1,1,1,0
CUST100283,44,female,business,8.3,80500,709,8,146,6,0,1,26200.0,0.494,0.418,548300.0,205800.0,448900,60,personal,1,1,1,1,0,1
CUST100284,39,male,salaried,0.4,140600,749,6,131,1,0,3,32000.0,0.318,0.681,339300.0,97400.0,382800,6,education,1,1,1,1,0,1
CUST100285,27,male,salaried,12.0,88100,700,1,16,1,0,0,18400.0,0.608,0.544,204900.0,182900.0,531600,18,personal,1,1,1,1,1,0
CUST100286,25,male,salaried,27.4,126400,841,1,17,0,0,0,34300.0,0.091,0.482,583600.0,118800.0,640200,24,business,1,1,1,1,1,1
CUST100287,21,female,business,2.0,101000,707,4,75,1,0,2,4000.0,0.965,0.184,684300.0,502600.0,526300,36,home,1,1,1,1,0,0
CUST100288,36,male,salaried,3.9,75400,707,1,18,1,0,0,13400.0,0.503,0.261,121500.0,81000.0,150500,24,personal,1,1,1,1,1,1
CUST100289,37,male,salaried,12.7,37200,634,6,102,12,0,0,12300.0,0.112,0.346,52000.0,12500.0,20000,36,vehicle,1,1,1,1,0,0
CUST100290,64,male,salaried,18.2,42600,664,3,36,3,1,1,8400.0,0.346,0.217,164200.0,72000.0,20000,24,home,1,1,1,1,1,0
CUST100291,31,male,salaried,12.0,47700,708,2,18,2,0,1,9400.0,0.85,0.317,275200.0,161200.0,273500,48,education,1,1,1,1,0,0
CUST100292,30,female,salaried,23.2,30300,668,5,108,7,0,4,9900.0,0.439,0.6,182300.0,94500.0,149300,18,business,1,1,1,1,1,0
CUST100293,22,female,salaried,10.9,46600,666,2,41,3,0,0,11900.0,0.309,0.461,239500.0,208700.0,172600,18,education,1,1,1,1,0,1
CUST100294,26,female,self_employed,3.9,28900,653,2,25,3,0,2,11500.0,0.411,0.42,138400.0,59900.0,23400,36,personal,1,1,1,1,0,0
CUST100295,50,female,contract,9.0,59400,707,4,56,4,0,2,19400.0,0.414,0.377,266400.0,117900.0,106900,36,education,1,1,0,1,0,0
CUST100296,37,female,salaried,24.1,107000,763,1,16,0,0,0,24900.0,0.569,0.317,400800.0,214300.0,54100,6,home,1,1,1,1,1,1
CUST100297,48,female,salaried,9.3,36300,680,8,146,6,0,1,11900.0,0.173,0.782,140400.0,57600.0,197800,12,education,1,1,1,1,0,0
CUST100298,25,male,salaried,3.4,34300,659,6,132,12,0,3,11500.0,0.495,0.539,152100.0,129000.0,167500,24,education,1,1,0,1,1,0
CUST100299,55,female,business,6.7,66300,692,1,21,1,0,2,25200.0,0.528,0.594,270700.0,80400.0,340600,24,consumer,1,1,1,1,1,0
CUST100300,33,female,self_employed,12.0,62200,736,0,0,0,0,1,3800.0,0.146,0.393,254800.0,105800.0,371800,18,business,1,1,1,1,0,1
CUST100301,23,female,salaried,5.6,135800,746,2,33,1,0,2,10300.0,0.14,0.143,599800.0,390100.0,440500,48,education,1,1,1,1,1,1
CUST100302,62,male,salaried,7.1,55100,652,4,68,8,0,3,6700.0,0.382,0.414,102300.0,90800.0,386200,24,business,1,1,1,1,1,0
CUST100303,37,female,salaried,10.9,84400,755,3,47,1,0,2,14400.0,0.259,0.451,50900.0,28300.0,568000,24,business,1,1,1,1,1,1
CUST100304,35,female,salaried,3.3,52400,716,2,23,1,0,1,22400.0,0.091,0.472,143100.0,50500.0,166500,72,personal,1,1,1,1,1,1
CUST100305,23,male,salaried,2.9,121600,720,1,17,0,0,2,43700.0,0.316,0.718,640600.0,494600.0,261600,6,education,1,1,1,1,1,1
CUST100306,47,female,salaried,14.2,75900,735,2,45,3,0,1,5700.0,0.483,0.699,313600.0,76700.0,567800,12,personal,1,0,1,1,1,1
CUST100307,33,male,self_employed,6.9,86300,643,4,40,4,0,1,20400.0,0.223,0.272,218900.0,83700.0,110900,36,personal,1,1,1,1,1,0
CUST100308,31,male,salaried,3.5,98300,746,7,74,3,0,3,10700.0,0.427,0.288,476800.0,357600.0,421600,24,consumer,1,1,1,1,0,1
CUST100309,51,female,business,4.8,36100,753,1,21,1,0,1,10100.0,0.228,0.344,6600.0,2200.0,84100,36,medical,1,1,1,1,1,1
CUST100310,51,male,business,12.1,62800,676,2,24,2,0,0,5100.0,0.384,0.244,367300.0,82900.0,367800,36,home,1,1,1,1,1,1
CUST100311,27,male,salaried,2.4,41900,627,2,28,2,0,2,12800.0,0.658,0.376,0.0,0.0,106400,36,home_improvement,1,1,1,1,0,0
CUST100312,26,male,self_employed,8.4,92600,739,7,109,3,0,1,26500.0,0.43,0.476,289300.0,70900.0,422700,24,vehicle,1,1,1,1,0,1
CUST100313,31,female,business,9.1,60900,674,5,68,2,0,1,13700.0,0.307,0.448,427300.0,325400.0,488200,36,personal,1,1,1,1,0,1
CUST100314,56,male,salaried,1.3,59600,691,3,61,5,0,3,12200.0,0.641,0.238,48000.0,41100.0,95200,48,home_improvement,1,1,1,1,0,0
CUST100315,32,female,contract,2.8,57100,623,3,34,2,0,1,11000.0,0.329,0.273,308000.0,206900.0,164400,36,personal,1,1,1,1,1,0
CUST100316,40,male,salaried,7.9,40100,737,6,72,6,0,1,9800.0,0.648,0.41,281100.0,208000.0,238800,36,personal,1,1,1,1,1,1
CUST100317,26,male,self_employed,18.0,75200,781,2,34,0,0,3,9000.0,0.338,0.147,28900.0,21800.0,74000,36,personal,1,1,1,1,1,1
CUST100318,29,male,salaried,4.6,58800,739,3,63,3,0,2,11600.0,0.235,0.432,289700.0,202700.0,330700,24,education,1,1,1,1,0,1
CUST100319,50,female,salaried,11.5,82000,693,3,43,5,0,1,13400.0,0.054,0.217,276100.0,231100.0,104900,24,personal,1,1,1,1,1,0
CUST100320,55,male,salaried,9.2,58500,674,4,35,5,0,1,6600.0,0.494,0.188,293500.0,145700.0,159000,36,consumer,1,1,1,1,1,0
CUST100321,59,male,contract,11.1,78700,652,6,101,7,0,1,13500.0,0.168,0.22,198900.0,61600.0,136200,36,personal,1,1,1,1,0,0
CUST100322,45,female,salaried,3.9,25000,617,2,37,5,0,1,4700.0,0.254,0.693,150700.0,,151500,12,home,1,1,1,1,0,0
CUST100323,33,female,business,8.4,74800,697,5,64,6,0,1,13200.0,0.349,0.244,256800.0,119600.0,181400,36,vehicle,1,1,0,1,0,1
CUST100324,40,male,salaried,5.0,52800,666,1,21,3,0,3,9200.0,0.443,0.194,90300.0,68000.0,62600,60,medical,1,1,1,1,1,0
CUST100325,28,female,contract,12.0,54800,683,7,77,7,0,2,7600.0,0.105,0.454,61000.0,29200.0,311500,18,home,1,1,1,1,0,1
CUST100326,31,male,salaried,8.2,119900,762,2,45,1,0,1,31700.0,0.349,0.499,187300.0,53000.0,505300,18,personal,1,1,1,1,1,1
CUST100327,42,female,salaried,3.6,136900,621,1,24,0,0,0,13800.0,0.143,0.195,210800.0,67000.0,771100,60,education,1,1,1,1,1,1
CUST100328,56,male,business,7.6,42300,673,0,0,0,0,1,14400.0,0.229,0.422,74100.0,34200.0,123600,36,consumer,1,1,1,1,0,0
CUST100329,32,male,contract,11.4,71200,694,3,66,6,0,0,6300.0,0.584,0.116,432200.0,190600.0,93600,48,home,1,1,1,1,0,1
CUST100330,37,female,salaried,10.2,60600,739,4,39,1,0,0,16100.0,0.526,0.387,221900.0,160200.0,132500,18,vehicle,1,1,1,1,0,1
CUST100331,22,male,salaried,10.0,81300,719,4,53,3,0,1,22400.0,0.591,0.419,154800.0,69200.0,421300,36,home_improvement,1,1,1,1,1,1
CUST100332,22,male,salaried,4.3,36100,663,2,23,1,0,3,4300.0,0.358,0.262,27100.0,11300.0,123900,24,business,1,1,1,1,1,0
CUST100333,45,female,salaried,3.3,49100,644,1,19,4,0,0,3800.0,0.268,0.144,245400.0,58700.0,117600,36,home,1,1,1,1,1,0
CUST100334,64,male,salaried,11.4,36700,814,3,39,0,0,3,8600.0,0.31,0.337,255300.0,96400.0,271500,72,medical,1,1,1,1,0,1
CUST100335,46,female,self_employed,4.9,58800,712,1,19,2,0,0,18000.0,0.144,0.441,26400.0,20700.0,189900,24,consumer,1,1,1,1,0,1
CUST100336,22,male,salaried,8.2,66400,616,6,123,15,0,1,10600.0,0.325,0.368,120600.0,54800.0,332200,24,personal,1,1,1,1,1,0
CUST100337,46,male,self_employed,5.8,25200,648,4,74,2,0,1,1600.0,0.239,0.369,76700.0,43800.0,184500,24,consumer,1,1,1,1,1,0
CUST100338,26,male,salaried,4.0,23200,743,1,15,1,0,2,8200.0,0.269,0.546,125600.0,45500.0,161200,36,personal,1,1,1,1,1,0
CUST100339,52,female,salaried,9.7,42100,667,0,0,0,0,1,1800.0,0.128,0.21,162400.0,87500.0,253300,36,vehicle,1,1,1,1,0,0
CUST100340,41,male,salaried,8.7,116900,747,1,10,2,0,1,6500.0,0.332,0.631,575400.0,416000.0,807100,12,education,1,1,1,1,1,1
CUST100341,37,female,salaried,3.5,117900,616,5,64,6,0,0,16400.0,0.182,0.414,764400.0,650700.0,778500,24,home,1,1,0,1,0,0
CUST100342,30,female,self_employed,7.4,148700,731,4,76,4,0,2,49800.0,0.279,0.619,803700.0,,759100,18,personal,1,1,0,1,1,1
CUST100343,28,female,business,2.9,84500,700,2,25,1,0,1,34000.0,0.223,0.5,213800.0,60200.0,198900,24,medical,1,1,1,1,1,1
CUST100344,36,male,salaried,2.5,60900,667,1,13,1,0,3,25000.0,0.234,0.438,79900.0,37400.0,81300,48,consumer,1,1,1,1,0,0
CUST100345,41,male,self_employed,6.5,39300,601,0,0,0,0,1,2300.0,0.173,0.219,147900.0,123000.0,113200,18,consumer,1,1,1,1,1,0
CUST100346,46,male,business,5.4,37500,664,2,17,3,0,0,5900.0,0.268,0.528,207900.0,138300.0,250000,18,personal,1,1,1,1,0,0
CUST100347,52,female,self_employed,0.9,36300,660,3,58,5,0,0,9800.0,0.35,0.337,120600.0,89200.0,175300,72,vehicle,1,1,1,1,0,0
CUST100348,64,male,salaried,,74900,635,2,41,3,0,2,18200.0,0.345,0.38,407900.0,310100.0,369200,36,education,0,1,1,1,1,0
CUST100349,22,female,salaried,3.0,55700,650,0,0,0,0,4,4600.0,0.615,0.155,81500.0,60600.0,144300,36,business,1,1,1,1,1,0
CUST100350,63,male,self_employed,4.3,68000,659,1,12,1,0,1,6600.0,0.498,0.256,236400.0,61100.0,259000,24,home,1,1,1,1,1,0
CUST100351,46,male,salaried,11.8,27400,674,0,0,0,0,1,12800.0,0.256,0.487,143700.0,71500.0,20000,36,vehicle,1,1,1,1,0,0
CUST100352,24,male,business,7.3,26300,704,3,57,0,0,1,3400.0,0.661,0.183,67800.0,52600.0,84700,60,personal,1,1,1,1,0,1
CUST100353,60,female,business,7.1,47800,684,3,55,2,0,3,12100.0,0.619,0.332,72600.0,23800.0,68000,18,home_improvement,1,1,1,1,1,0
CUST100354,59,male,salaried,7.9,64100,675,7,157,11,1,0,22000.0,0.581,0.425,344500.0,305300.0,94900,18,consumer,1,1,1,1,0,0
CUST100355,33,female,salaried,7.4,111800,779,3,64,2,0,2,33600.0,0.316,0.369,202100.0,86500.0,274400,36,consumer,1,1,1,1,1,1
CUST100356,28,female,salaried,11.4,35400,719,2,20,0,0,1,10200.0,0.219,0.818,205800.0,96600.0,224900,12,personal,1,1,1,1,1,0
CUST100357,34,male,salaried,5.2,48400,729,2,19,3,0,3,2000.0,0.422,0.132,216500.0,171300.0,158700,36,home_improvement,1,1,1,1,0,1
CUST100358,57,female,contract,12.6,128600,728,0,0,0,0,1,24600.0,0.212,0.24,344500.0,227400.0,446700,72,home_improvement,1,1,1,1,0,1
CUST100359,62,male,business,8.3,45600,664,4,92,4,0,1,12100.0,0.227,0.395,227500.0,164500.0,213500,36,personal,1,1,1,1,1,0
CUST100360,34,male,salaried,8.5,88600,696,4,84,8,0,0,19100.0,0.176,0.299,290300.0,72300.0,532400,72,personal,1,1,1,1,0,1
CUST100361,42,female,salaried,7.0,83300,728,2,22,2,0,2,26100.0,0.189,0.358,230000.0,80200.0,132800,36,business,1,1,1,1,0,1
CUST100362,53,male,business,4.7,123700,741,2,36,0,0,0,41400.0,0.242,0.613,540300.0,471600.0,826300,24,home,1,1,1,1,1,1
CUST100363,29,female,self_employed,6.8,36200,706,4,82,6,0,3,3000.0,0.401,0.158,87900.0,45600.0,129700,48,business,1,1,1,1,1,1
CUST100364,53,female,self_employed,6.2,97900,688,1,17,2,0,2,5500.0,0.416,0.238,307700.0,103500.0,639100,36,education,1,1,1,1,1,1
CUST100365,31,female,self_employed,2.6,43400,696,4,77,7,0,0,13000.0,0.176,0.387,140100.0,35400.0,91500,24,vehicle,1,1,1,1,0,0
CUST100366,59,male,salaried,11.9,108400,776,3,42,0,0,2,21600.0,0.18,0.297,642900.0,541400.0,507800,48,vehicle,1,1,0,1,1,1
CUST100367,27,female,self_employed,7.3,50900,631,4,43,5,0,0,10400.0,0.335,0.289,44100.0,12400.0,154900,36,vehicle,1,0,1,1,0,0
CUST100368,65,female,salaried,18.7,65700,763,3,52,2,0,2,21800.0,0.208,0.774,226300.0,68600.0,349000,12,consumer,1,1,1,1,0,1
CUST100369,53,female,contract,8.6,55100,795,3,48,0,0,2,16000.0,0.279,0.458,364000.0,249200.0,332200,36,home,1,1,1,1,0,1
CUST100370,33,female,contract,6.9,94500,630,1,17,2,0,1,5800.0,0.222,0.099,382700.0,303900.0,211500,60,consumer,1,1,1,1,1,0
CUST100371,57,female,salaried,8.8,66500,667,5,58,2,0,1,21400.0,0.406,0.402,284200.0,79800.0,191000,36,vehicle,1,1,1,1,0,0
CUST100372,49,male,salaried,4.7,42900,673,4,51,1,0,2,14800.0,0.428,0.457,243500.0,,86700,18,home,1,1,1,1,1,0
CUST100373,42,male,salaried,8.5,78200,627,1,13,1,0,0,26500.0,0.243,0.519,295700.0,146500.0,254000,18,education,1,1,1,1,0,0
CUST100374,54,male,business,14.2,69300,711,3,45,0,0,0,300.0,0.173,0.03,10500.0,9000.0,43000,24,business,1,1,1,1,1,1
CUST100375,52,male,self_employed,5.0,38800,790,1,11,0,0,0,3900.0,0.659,1.093,145800.0,96000.0,231100,6,home,1,1,1,1,1,1
CUST100376,24,male,contract,8.7,33500,661,2,22,0,0,3,13000.0,0.392,0.475,71600.0,44700.0,105000,36,business,1,1,1,1,0,0
CUST100377,31,male,self_employed,3.8,58000,639,3,28,2,0,0,6300.0,0.585,0.229,341400.0,211700.0,251000,36,personal,1,1,1,1,0,0
CUST100378,50,male,business,16.6,46900,676,3,52,2,0,0,15500.0,0.164,0.486,230400.0,69400.0,262400,36,home,1,0,1,1,1,1
CUST100379,39,male,salaried,3.5,52900,688,4,69,7,0,0,12300.0,0.486,0.331,330400.0,80400.0,188100,36,personal,1,1,1,1,0,0
CUST100380,35,female,salaried,5.9,61300,609,6,60,6,0,0,6700.0,0.258,0.244,373900.0,289700.0,395800,48,home,1,1,1,1,0,0
CUST100381,45,male,business,0.9,137100,698,1,14,1,0,0,28500.0,0.273,0.436,368400.0,263500.0,750100,24,vehicle,1,0,1,1,1,0
CUST100382,28,male,contract,8.1,29800,708,1,12,0,0,4,5500.0,0.704,0.292,124700.0,69700.0,115700,36,vehicle,1,1,1,1,0,0
CUST100383,65,male,contract,2.4,51600,679,2,20,6,0,1,8800.0,0.309,0.397,277400.0,124500.0,140100,12,medical,1,1,1,1,1,0
CUST100384,45,female,salaried,9.0,67600,749,3,45,0,0,1,15400.0,0.663,0.314,232000.0,177700.0,139400,24,personal,1,1,1,1,1,1
CUST100385,21,female,contract,6.1,127900,623,7,66,4,0,0,10700.0,0.181,0.466,584400.0,205100.0,881000,18,education,1,1,1,1,0,0
CUST100386,41,female,salaried,2.3,101200,672,3,38,1,0,0,11900.0,0.174,0.348,586200.0,369100.0,560100,24,vehicle,1,1,1,1,1,1
CUST100387,54,male,salaried,1.1,125500,706,3,58,5,0,0,28300.0,0.316,0.301,815500.0,428800.0,568300,60,consumer,1,1,1,1,1,1
CUST100388,46,male,business,1.3,46700,696,3,35,1,0,0,2600.0,0.153,0.162,67700.0,24100.0,179300,36,personal,1,1,1,1,1,1
CUST100389,43,female,salaried,9.3,65400,672,3,39,3,0,2,17800.0,0.268,0.512,72000.0,17600.0,282000,18,vehicle,1,1,1,1,1,1
CUST100390,49,male,salaried,5.9,51300,721,3,50,4,0,2,5900.0,0.62,0.216,271600.0,79000.0,124500,24,medical,1,1,1,1,1,1
CUST100391,22,male,business,2.1,58100,679,7,143,4,0,2,10300.0,0.156,0.248,299900.0,71800.0,198200,48,vehicle,1,1,1,1,0,0
CUST100392,43,male,contract,5.4,17700,620,3,34,2,0,0,1900.0,0.284,0.928,0.0,0.0,87200,6,personal,1,1,0,1,1,0
CUST100393,39,male,contract,9.5,212000,783,4,55,1,0,1,44000.0,0.344,0.267,1387800.0,654100.0,302800,24,personal,1,1,1,1,1,1
CUST100394,61,male,self_employed,7.3,16800,673,3,62,4,0,0,5000.0,0.019,0.471,48100.0,34900.0,70100,24,personal,1,1,1,1,1,0
CUST100395,47,female,self_employed,14.4,20100,715,0,0,0,0,2,9400.0,0.388,0.484,51100.0,28400.0,20000,60,consumer,1,0,1,1,1,0
CUST100396,29,female,salaried,11.8,86000,693,6,97,11,0,1,19300.0,0.292,0.27,93500.0,31600.0,186500,48,business,1,1,1,1,1,1
CUST100397,59,female,salaried,1.8,45900,652,5,54,1,0,1,8400.0,0.136,0.284,52900.0,27200.0,278400,60,vehicle,1,1,1,1,0,0
CUST100398,33,female,salaried,4.4,75000,692,1,18,0,0,0,19900.0,0.23,0.551,194300.0,171900.0,514900,24,personal,1,1,1,1,0,1
CUST100399,65,male,salaried,1.4,92400,654,2,29,3,0,0,8800.0,0.514,0.126,215400.0,58200.0,68000,24,education,1,1,1,1,1,0
CUST100400,37,female,salaried,8.7,42800,696,2,36,4,0,1,4400.0,0.23,0.173,125600.0,100200.0,180000,60,business,1,1,1,1,0,1
CUST100401,59,female,contract,3.6,72600,681,1,17,4,0,1,27200.0,0.295,0.387,215100.0,52000.0,64700,72,personal,1,1,1,1,1,0
CUST100402,55,female,self_employed,1.4,94000,674,2,44,4,0,0,9000.0,0.293,0.125,659300.0,562000.0,129900,48,personal,0,1,1,1,0,1
CUST100403,53,female,salaried,7.7,37700,699,4,52,0,0,1,4400.0,0.638,0.649,218400.0,44600.0,240800,12,personal,1,1,1,1,1,0
CUST100404,50,male,salaried,5.2,30400,676,2,38,2,0,3,3100.0,0.912,0.147,185900.0,64300.0,66000,48,personal,1,1,0,1,0,0
CUST100405,22,female,salaried,8.9,40600,644,5,86,9,0,3,9900.0,0.36,0.464,49300.0,24000.0,321500,36,consumer,1,1,1,1,0,0
CUST100406,30,male,salaried,7.3,62900,761,3,68,1,0,0,4000.0,0.575,0.459,136700.0,54900.0,447800,18,home,1,1,1,1,1,1
CUST100407,60,male,contract,8.5,37200,661,3,32,4,0,1,11500.0,0.652,0.47,138600.0,78300.0,215000,36,medical,1,1,1,1,1,0
CUST100408,54,male,salaried,12.5,69700,668,2,25,3,0,2,11100.0,0.205,0.346,51300.0,24700.0,233800,18,personal,1,1,1,1,1,1
CUST100409,41,male,business,8.1,195100,761,2,34,0,0,2,16400.0,0.345,0.198,464800.0,266200.0,535200,24,education,1,1,1,1,0,1
CUST100410,55,male,business,9.5,64800,682,1,11,0,0,3,14300.0,0.284,0.308,68800.0,56100.0,272300,48,vehicle,1,1,1,1,1,1
CUST100411,50,female,business,5.0,40500,654,0,0,0,0,3,14800.0,0.18,0.448,83400.0,24000.0,200300,60,education,1,1,1,1,1,0
CUST100412,55,female,salaried,4.6,79600,660,1,13,0,0,2,23300.0,0.59,0.345,363400.0,256300.0,201000,48,personal,1,1,1,1,1,0
CUST100413,44,female,salaried,13.5,53500,712,2,44,4,1,1,8400.0,0.377,0.21,163400.0,118900.0,101300,36,personal,1,1,1,1,1,0
CUST100414,24,female,self_employed,16.4,89500,694,5,81,4,0,0,11500.0,0.505,0.379,470100.0,310500.0,537800,24,personal,1,1,1,1,1,1
CUST100415,39,female,business,2.9,56300,718,3,44,1,0,0,14300.0,0.348,0.304,210800.0,68800.0,101200,36,personal,1,1,1,1,1,1
CUST100416,30,female,self_employed,13.0,62000,702,3,34,2,0,1,13400.0,0.473,0.278,61200.0,40300.0,92400,24,home,1,1,1,1,1,1
CUST100417,59,female,salaried,5.0,55500,670,8,112,8,0,2,8900.0,0.526,0.504,150800.0,116400.0,228800,12,business,1,1,1,1,1,0
CUST100418,61,male,self_employed,7.1,41600,705,2,29,1,0,3,12700.0,0.908,0.332,265600.0,99600.0,39300,36,education,1,1,1,1,0,0
CUST100419,30,male,contract,1.0,112900,735,2,34,2,0,3,10400.0,0.473,0.203,663700.0,514600.0,449700,36,education,1,1,1,1,0,1
CUST100420,60,male,salaried,6.1,24000,684,0,0,0,0,4,5800.0,0.544,0.34,64400.0,46300.0,84600,36,home,1,1,1,1,0,0
CUST100421,35,female,salaried,13.8,64000,715,4,78,2,0,2,17200.0,0.454,0.317,198400.0,81900.0,146900,48,vehicle,1,1,1,1,1,1
CUST100422,30,female,salaried,6.3,54800,693,1,13,0,0,0,4600.0,0.507,0.147,83100.0,33900.0,249400,72,home_improvement,1,1,1,1,1,1
CUST100423,33,female,business,7.2,111700,690,4,78,2,0,0,21100.0,0.346,0.265,408000.0,103700.0,614600,72,vehicle,1,0,1,1,0,1
CUST100424,45,male,business,14.0,45000,781,2,44,0,0,0,12500.0,0.33,0.323,75500.0,24600.0,121700,60,consumer,1,1,1,1,1,1
CUST100425,31,female,contract,9.8,61900,653,1,15,1,0,3,8000.0,0.191,0.273,304800.0,175000.0,320000,36,business,1,1,1,1,1,0
CUST100426,32,female,salaried,4.7,84500,590,2,28,4,0,0,3400.0,0.334,0.95,439400.0,130100.0,461300,6,home_improvement,1,1,1,1,0,0
CUST100427,52,male,contract,8.4,45400,755,3,35,1,0,2,16200.0,0.382,0.546,278700.0,106500.0,309300,36,consumer,1,1,1,1,0,1
CUST100428,39,female,business,10.2,86300,766,4,87,1,0,0,26900.0,0.753,0.45,182500.0,71600.0,429600,36,vehicle,1,1,1,1,1,1
CUST100429,52,female,business,5.7,58600,660,2,24,2,0,0,21400.0,0.43,0.49,223300.0,143400.0,263100,36,vehicle,1,1,1,1,1,0
CUST100430,21,female,salaried,8.1,46300,792,5,55,0,0,2,11400.0,0.744,0.385,268000.0,171100.0,307900,48,personal,1,1,1,1,0,1
CUST100431,25,female,salaried,2.4,38500,722,4,78,2,0,0,14100.0,0.312,0.468,48600.0,40600.0,187600,48,vehicle,1,1,1,1,1,1
CUST100432,33,male,salaried,11.1,50600,664,2,27,3,0,0,800.0,0.216,0.095,214400.0,161400.0,144700,36,personal,1,1,1,1,1,1
CUST100433,37,female,salaried,9.6,196900,722,2,23,1,0,2,37100.0,0.449,0.25,661500.0,591700.0,435500,36,home_improvement,1,1,1,1,1,1
CUST100434,33,male,self_employed,15.9,52800,754,2,18,2,0,0,8600.0,0.132,0.174,96200.0,44700.0,20300,36,personal,1,1,1,1,0,1
CUST100435,38,male,salaried,8.2,54200,739,2,42,2,0,1,4600.0,0.593,0.476,240000.0,85900.0,254100,12,business,1,1,1,1,0,0
CUST100436,62,female,salaried,9.4,51500,694,1,23,1,0,1,9500.0,0.24,0.318,327100.0,153500.0,165000,24,personal,1,1,1,1,0,1
CUST100437,41,male,salaried,9.7,64000,720,5,87,3,0,0,11300.0,0.1,0.259,81000.0,69000.0,252000,48,personal,1,1,1,1,0,1
CUST100438,47,male,salaried,3.3,26900,711,1,12,0,0,0,0.0,0.262,0.235,105100.0,93600.0,113700,18,vehicle,1,1,1,1,1,1
CUST100439,56,female,self_employed,2.2,35000,675,4,42,6,0,1,6300.0,0.464,0.206,38200.0,22400.0,55300,60,education,1,1,1,1,1,0
CUST100440,28,male,salaried,7.6,59900,752,3,59,1,0,2,4700.0,0.122,0.187,317800.0,153900.0,234000,36,personal,1,1,1,1,0,1
CUST100441,27,male,business,15.1,57500,702,2,30,2,0,0,4200.0,0.362,0.105,393900.0,115200.0,67100,36,home,1,0,1,1,1,1
CUST100442,40,male,salaried,3.8,71700,708,3,28,2,0,0,12800.0,0.115,0.298,86200.0,42900.0,308000,36,consumer,1,1,1,1,0,1
CUST100443,48,female,salaried,9.2,98000,759,2,22,2,0,3,20500.0,0.41,0.307,406700.0,94800.0,573800,60,personal,1,1,1,1,1,1
CUST100444,43,female,self_employed,5.8,59500,668,1,12,1,0,0,24100.0,0.344,0.57,140700.0,105200.0,352800,36,vehicle,1,1,1,0,0,0
CUST100445,26,male,salaried,7.6,24000,626,1,19,2,0,3,8600.0,0.619,0.543,98900.0,30700.0,159700,36,vehicle,1,1,1,1,1,0
CUST100446,49,male,salaried,3.9,150300,778,0,0,0,0,2,16900.0,0.21,0.278,494300.0,383500.0,895000,36,personal,1,1,0,1,0,1
CUST100447,62,female,self_employed,8.9,115600,681,1,18,1,0,2,9100.0,0.466,0.374,467900.0,215400.0,614700,18,vehicle,1,0,1,1,0,0
CUST100448,44,female,self_employed,2.4,85100,756,3,61,2,0,0,22300.0,0.463,0.338,509400.0,370000.0,309000,48,consumer,1,1,1,0,1,1
CUST100449,61,female,salaried,6.3,40100,658,2,40,4,0,1,3200.0,0.198,0.178,70200.0,43200.0,283900,72,personal,1,1,1,1,1,0
CUST100450,39,female,self_employed,5.7,153900,700,1,24,0,0,3,37500.0,0.285,0.469,954100.0,377500.0,834100,24,home_improvement,1,1,1,1,0,0
CUST100451,39,male,self_employed,2.9,57400,726,3,64,8,0,1,3400.0,0.49,0.17,339400.0,107700.0,229100,36,home_improvement,1,1,1,1,1,1
CUST100452,34,male,contract,4.2,113300,738,3,43,2,0,0,29900.0,0.093,0.399,100200.0,52000.0,733800,48,education,1,1,1,1,1,1
CUST100453,44,male,salaried,7.1,89800,646,4,89,7,0,1,10300.0,0.264,0.154,293800.0,141500.0,212100,60,personal,1,1,1,1,0,0
CUST100454,46,male,salaried,6.4,23100,643,3,64,2,0,1,2100.0,0.286,0.572,51500.0,22900.0,133300,12,home_improvement,1,1,1,1,1,0
CUST100455,25,female,salaried,6.8,102500,684,2,40,2,0,1,34700.0,0.189,0.44,518600.0,251000.0,627000,60,consumer,1,1,1,1,1,1
CUST100456,64,male,salaried,2.1,49700,709,5,93,7,0,3,3400.0,0.592,0.367,242400.0,112300.0,356400,24,personal,1,1,1,1,0,0
CUST100457,27,female,self_employed,7.7,58400,743,2,40,2,0,1,18700.0,0.163,0.503,261400.0,73200.0,192600,18,consumer,1,1,1,1,0,1
CUST100458,45,female,contract,5.4,15500,677,2,36,2,0,3,3700.0,0.591,0.266,49800.0,16800.0,20000,48,medical,1,1,1,1,0,0
CUST100459,34,male,salaried,4.8,130700,687,7,139,8,0,1,32700.0,0.125,0.428,452600.0,172700.0,558000,24,vehicle,1,1,0,1,0,1
CUST100460,60,male,salaried,12.2,38500,639,8,108,4,0,1,11900.0,0.168,0.427,213900.0,161600.0,218300,48,home,1,1,1,1,0,0
CUST100461,49,female,business,1.2,177400,654,2,36,2,0,0,37300.0,0.016,0.664,1217000.0,847000.0,483300,6,vehicle,1,1,1,1,0,1
CUST100462,21,female,self_employed,7.8,57100,761,6,80,4,0,2,11700.0,0.226,0.605,182300.0,133300.0,274300,12,consumer,1,1,1,1,0,1
CUST100463,22,male,salaried,4.5,68200,621,3,62,7,0,1,16000.0,0.304,0.288,377800.0,301700.0,87900,24,education,1,1,1,1,0,0
CUST100464,30,male,self_employed,5.4,75900,691,3,34,2,0,1,17400.0,0.325,0.423,346800.0,302700.0,530400,36,home,1,1,1,0,0,1
CUST100465,57,female,business,3.3,99700,660,5,45,5,0,1,16500.0,0.354,0.321,665300.0,369800.0,558900,36,personal,1,1,1,1,1,1
CUST100466,59,male,self_employed,7.7,26800,733,1,20,3,0,2,8100.0,0.488,0.697,137900.0,65600.0,127000,12,consumer,1,1,1,1,0,0
CUST100467,45,male,salaried,9.5,106300,674,3,28,2,0,3,36800.0,0.266,0.53,147800.0,110400.0,352100,18,personal,1,1,1,1,1,1
CUST100468,46,female,salaried,21.7,25600,692,2,44,4,0,1,7700.0,0.409,0.403,145500.0,112100.0,126000,48,medical,1,1,1,1,1,0
CUST100469,50,male,salaried,2.6,37400,644,5,54,6,0,0,8000.0,0.26,0.333,91200.0,44500.0,160400,36,business,1,0,1,1,0,0
CUST100470,42,female,salaried,16.7,40500,663,2,28,2,0,2,6800.0,0.712,0.32,74300.0,48300.0,221200,36,business,1,1,1,1,1,0
CUST100471,43,male,self_employed,6.0,118000,760,2,30,0,0,1,10800.0,0.401,0.118,255500.0,78300.0,227100,72,education,1,1,1,1,1,1
CUST100472,37,female,salaried,11.0,49700,642,0,0,0,0,1,13700.0,0.195,0.348,193400.0,61800.0,85700,24,business,1,1,1,1,1,0
CUST100473,43,female,self_employed,6.9,79200,653,4,42,6,0,1,27900.0,0.534,0.828,262400.0,169500.0,226000,6,business,1,1,1,1,1,0
CUST100474,34,female,self_employed,10.6,63100,682,2,23,1,0,1,9000.0,0.297,0.555,320500.0,155500.0,156200,6,personal,1,1,1,1,0,1
CUST100475,54,female,self_employed,4.8,36700,642,2,33,5,0,1,5700.0,0.17,0.217,149800.0,74400.0,81300,36,consumer,1,1,1,1,0,0
CUST100476,51,female,salaried,16.8,96000,692,3,49,2,0,1,35400.0,0.08,0.529,580400.0,228400.0,277500,18,personal,1,1,1,1,1,1
CUST100477,53,female,salaried,12.1,71200,744,1,16,0,0,0,10700.0,0.034,0.216,266300.0,165900.0,282700,60,personal,1,1,1,1,0,1
CUST100478,37,female,self_employed,2.8,47800,686,4,43,1,0,0,14600.0,0.357,0.314,139100.0,77500.0,20000,48,home,1,1,1,1,1,0
CUST100479,38,female,contract,2.0,18600,625,3,62,4,0,2,500.0,0.111,0.082,27000.0,7000.0,36700,36,consumer,1,1,1,1,1,0
CUST100480,40,female,salaried,2.9,37300,627,3,43,8,0,0,14200.0,0.392,0.662,190800.0,95000.0,188900,18,personal,1,1,1,1,1,0
CUST100481,48,female,contract,20.3,66300,783,1,22,0,0,1,14800.0,0.138,0.329,116400.0,101900.0,336700,48,home,1,1,1,1,1,1
CUST100482,55,male,salaried,16.0,199600,768,3,57,0,0,3,17200.0,0.451,0.286,939500.0,768500.0,718200,18,personal,1,0,0,1,1,1
CUST100483,21,female,self_employed,7.6,59500,712,3,35,1,0,2,1400.0,0.46,0.284,323400.0,73300.0,372400,24,business,1,1,1,1,1,1
CUST100484,63,male,salaried,3.2,30900,671,4,59,5,0,4,8500.0,0.768,0.383,23400.0,5400.0,159900,48,education,1,0,1,1,0,0
CUST100485,59,male,salaried,5.9,229500,759,5,98,2,0,2,80700.0,0.277,0.468,817100.0,341600.0,1285800,48,personal,1,1,1,1,0,1
CUST100486,65,male,salaried,6.7,77600,641,2,19,1,0,1,10800.0,0.344,0.23,385600.0,235800.0,422000,60,personal,1,1,1,1,1,0
CUST100487,33,male,salaried,5.7,94700,660,3,51,3,0,1,34500.0,0.247,0.525,243400.0,122600.0,546600,36,business,1,1,1,1,0,0
CUST100488,42,male,contract,1.1,59700,631,5,97,8,0,4,7000.0,0.452,0.127,203100.0,52900.0,20000,36,consumer,1,1,1,1,0,0
CUST100489,45,male,salaried,5.2,64200,719,2,41,1,0,1,26800.0,0.272,0.585,109300.0,83400.0,387400,36,personal,1,1,1,1,1,1
CUST100490,27,female,salaried,14.1,116900,713,2,18,2,0,2,11100.0,0.454,0.346,390200.0,166800.0,352500,12,personal,1,1,1,1,1,1
CUST100491,37,female,business,10.7,35800,669,1,14,0,0,2,7300.0,0.293,0.244,255400.0,159900.0,68400,48,vehicle,1,1,1,1,0,0
CUST100492,22,female,self_employed,6.4,66000,662,2,26,2,0,1,11700.0,0.578,0.34,383600.0,313900.0,516200,48,vehicle,1,1,1,1,0,0
CUST100493,26,male,salaried,1.6,66400,679,3,48,0,0,1,15600.0,0.156,0.419,80600.0,61300.0,219900,18,home,1,0,1,1,0,0
CUST100494,43,female,salaried,4.5,65400,677,2,40,4,0,0,10500.0,0.212,0.266,307500.0,89600.0,330200,48,personal,1,1,1,1,0,1
CUST100495,35,male,self_employed,13.6,68500,706,1,13,0,0,2,17200.0,0.3,0.374,46800.0,12900.0,201300,24,personal,1,1,1,1,1,1
CUST100496,24,male,self_employed,8.0,37300,697,3,50,4,0,1,7000.0,0.184,0.235,29500.0,8800.0,63800,36,business,1,1,1,1,1,1
CUST100497,58,male,salaried,1.9,53400,648,1,11,0,0,0,20300.0,0.229,0.476,61400.0,51100.0,367500,72,business,1,1,0,1,0,0
CUST100498,26,female,contract,18.9,55800,816,3,70,2,0,0,6800.0,0.218,0.289,258100.0,111200.0,223200,24,personal,1,1,1,1,1,1
CUST100499,31,male,business,12.1,30400,758,1,20,1,0,0,8300.0,0.831,0.361,200000.0,99400.0,159800,60,personal,1,1,1,1,1,1
CUST100500,31,male,salaried,9.5,59600,640,2,27,3,0,2,12400.0,0.387,0.305,294200.0,230100.0,277000,48,personal,1,1,1,1,0,0
CUST100501,44,female,business,11.2,39900,679,2,31,3,0,0,9400.0,0.182,0.315,183800.0,111600.0,151900,48,medical,1,1,1,1,0,1
CUST100502,65,male,salaried,2.8,109500,706,2,24,4,0,1,18900.0,0.112,0.256,296400.0,126100.0,329900,36,vehicle,1,1,1,1,0,1
CUST100503,22,male,self_employed,17.6,87500,732,3,41,1,0,0,21000.0,0.174,0.403,588300.0,399200.0,341600,24,education,1,1,1,1,1,1
CUST100504,28,female,salaried,21.2,63600,741,5,59,1,0,0,20900.0,0.328,0.559,368000.0,112300.0,350900,24,personal,1,1,1,0,0,1
CUST100505,35,female,salaried,14.7,100200,784,3,48,0,0,2,12100.0,0.238,0.144,281700.0,167100.0,140000,60,personal,1,1,1,1,0,1
CUST100506,25,male,business,11.5,38900,741,2,24,0,0,1,9200.0,0.374,0.29,189300.0,51600.0,150200,72,vehicle,1,1,0,1,0,1
CUST100507,21,female,self_employed,15.3,59700,765,3,27,3,0,1,18700.0,0.757,0.389,207300.0,145600.0,270400,60,vehicle,1,1,1,1,1,1
CUST100508,62,female,salaried,8.3,68400,728,2,40,2,0,2,8900.0,0.578,0.334,366400.0,176300.0,334000,24,personal,1,1,1,1,0,0
CUST100509,31,female,contract,14.3,88900,702,3,65,7,0,0,29700.0,0.468,0.401,453200.0,378600.0,354300,60,home,1,1,1,1,0,1
CUST100510,48,male,self_employed,5.5,60400,668,2,43,3,0,2,13800.0,0.801,0.324,162400.0,33000.0,277200,48,vehicle,1,1,1,1,0,0
CUST100511,60,male,self_employed,5.7,56300,713,3,31,2,0,0,11200.0,0.176,0.303,356300.0,233500.0,211400,36,medical,1,1,1,0,0,1
CUST100512,54,male,salaried,2.9,123800,734,1,17,1,0,0,2900.0,0.374,0.164,620300.0,552700.0,628400,36,medical,1,1,1,1,1,1
CUST100513,22,male,business,11.4,74600,740,1,19,1,0,3,10900.0,0.596,0.39,61700.0,19900.0,218000,12,vehicle,1,1,1,1,0,1
CUST100514,36,male,self_employed,6.7,44100,754,2,24,0,0,1,700.0,0.223,0.028,33200.0,19000.0,20000,36,personal,1,1,1,1,0,1
CUST100515,23,male,self_employed,6.8,110800,717,2,31,5,0,1,29100.0,0.238,0.366,307300.0,178500.0,689400,60,medical,1,1,1,1,0,1
CUST100516,63,male,salaried,3.1,87900,677,3,64,5,0,1,24600.0,0.315,0.433,394900.0,256400.0,484200,36,vehicle,1,1,1,1,1,1
CUST100517,41,female,self_employed,4.6,51600,682,2,27,1,0,0,13200.0,0.382,0.346,153400.0,90700.0,336000,72,home_improvement,1,1,1,0,0,0
CUST100518,64,female,salaried,2.7,77000,706,2,24,0,0,1,4700.0,0.489,0.148,382400.0,112700.0,321300,48,consumer,1,1,1,1,0,1
CUST100519,39,female,salaried,2.9,40700,598,2,30,4,0,2,8200.0,0.436,0.218,65400.0,58000.0,32800,48,business,1,1,1,1,0,0
CUST100520,46,male,contract,4.7,30000,713,4,44,4,0,3,9300.0,0.333,0.345,98500.0,81600.0,62200,60,home,1,1,1,1,0,0
CUST100521,23,male,contract,9.6,46700,688,5,65,5,0,2,0.0,0.154,0.055,113400.0,34900.0,154000,60,home,1,1,1,1,1,1
CUST100522,65,male,salaried,30.0,84200,703,2,27,1,0,1,16700.0,0.33,0.248,322600.0,239900.0,100300,24,personal,1,1,1,1,0,1
CUST100523,59,female,business,10.1,126000,677,3,67,5,0,1,46600.0,0.169,0.426,866200.0,750900.0,253700,36,home_improvement,1,1,1,1,0,1
CUST100524,43,female,contract,10.1,106300,805,2,26,0,0,2,33500.0,0.497,0.459,669000.0,198900.0,183900,12,business,1,1,1,1,1,1
CUST100525,31,female,business,3.6,63700,635,3,33,6,0,0,22200.0,0.204,0.43,343800.0,125500.0,373600,72,education,1,1,1,1,0,0
CUST100526,40,female,salaried,9.4,59300,756,3,35,1,0,0,4000.0,0.418,0.292,388300.0,304500.0,239400,18,home,1,1,1,1,1,1
CUST100527,40,male,contract,,64500,731,3,51,0,0,6,16700.0,0.717,0.522,79900.0,17600.0,203300,12,home,1,1,1,1,0,0
CUST100528,56,male,salaried,8.6,51500,681,5,116,4,0,1,5100.0,0.073,0.213,292600.0,87900.0,281800,48,business,1,1,1,1,1,1
CUST100529,34,male,salaried,3.3,71400,670,1,9,2,0,2,17500.0,0.325,0.281,56400.0,17000.0,92200,36,vehicle,1,1,0,1,1,0
CUST100530,49,female,self_employed,16.5,29300,695,2,39,3,0,3,8900.0,0.206,0.348,60200.0,43500.0,62900,48,home_improvement,1,1,1,1,0,1
CUST100531,57,female,salaried,12.9,32100,717,5,101,9,0,0,10900.0,0.254,0.426,29800.0,18300.0,133300,48,personal,0,0,1,1,1,0
CUST100532,30,male,business,7.8,58700,668,3,64,5,0,0,13900.0,0.367,0.355,214100.0,183200.0,248800,36,consumer,1,1,1,1,0,0
CUST100533,55,female,salaried,14.5,95200,680,1,21,0,0,1,6800.0,0.194,0.589,249600.0,101600.0,590800,12,vehicle,1,1,1,1,0,1
CUST100534,44,male,salaried,8.0,66000,676,1,16,1,0,1,16400.0,0.069,0.456,278500.0,157900.0,329000,24,personal,1,1,1,1,1,0
CUST100535,30,male,self_employed,5.2,56300,652,2,23,1,0,1,16600.0,0.73,0.42,141400.0,122900.0,339400,48,home,1,1,1,1,1,0
CUST100536,21,female,salaried,10.9,37900,752,4,47,1,0,0,7900.0,0.153,0.289,24800.0,6000.0,109900,36,vehicle,0,1,1,1,0,1
CUST100537,60,female,self_employed,12.1,59500,686,4,69,3,0,2,18700.0,0.386,0.365,106300.0,63000.0,72100,24,personal,1,1,1,1,0,0
CUST100538,60,female,salaried,11.5,61500,725,2,45,3,0,1,15500.0,0.354,0.36,204400.0,139300.0,319800,48,personal,1,1,1,1,1,1
CUST100539,23,male,contract,13.4,65800,692,2,31,5,0,1,21600.0,0.291,0.445,352500.0,97100.0,367700,48,personal,1,1,0,1,1,1
CUST100540,45,female,self_employed,13.5,208200,874,5,113,2,0,2,39100.0,0.471,0.226,1213400.0,544400.0,284500,36,consumer,1,1,1,1,0,1
CUST100541,25,male,self_employed,9.3,31200,713,3,38,1,0,4,5600.0,0.275,0.556,105300.0,71100.0,211700,18,business,1,1,1,1,1,0
CUST100542,23,male,salaried,6.8,31300,768,2,30,0,0,1,8000.0,0.41,0.372,140500.0,81800.0,175500,48,business,1,1,1,1,0,1
CUST100543,23,female,salaried,6.2,94200,666,3,38,4,0,2,24300.0,0.187,0.599,531100.0,238100.0,385800,12,vehicle,0,1,1,1,1,0
CUST100544,63,male,salaried,8.8,59000,743,4,84,0,0,1,9600.0,0.247,1.161,306900.0,214100.0,353500,6,personal,1,1,1,1,1,1
CUST100545,43,male,contract,8.5,68900,747,1,13,0,0,2,19700.0,0.685,0.337,473800.0,102100.0,212700,60,education,1,1,1,1,0,1
CUST100546,65,male,contract,16.1,44600,688,5,92,8,0,0,6300.0,0.231,0.274,223700.0,184100.0,142200,24,medical,1,1,1,1,1,0
CUST100547,55,female,salaried,5.9,98000,724,0,0,0,0,1,29300.0,0.427,0.375,331100.0,176000.0,269200,36,personal,1,1,1,1,0,1
CUST100548,54,female,self_employed,8.0,65000,646,0,0,0,0,2,10600.0,0.355,0.251,117000.0,100900.0,204600,36,personal,1,1,1,1,0,0
CUST100549,25,female,contract,3.7,95200,681,3,43,2,0,3,9400.0,0.371,0.242,537000.0,464000.0,490100,36,consumer,1,1,1,1,0,0
CUST100550,40,female,salaried,10.1,51400,667,2,45,3,0,1,7200.0,0.303,0.219,147500.0,87300.0,242200,60,personal,1,1,1,1,1,1
CUST100551,46,female,contract,3.7,70900,695,2,41,3,0,0,5200.0,0.197,0.113,479700.0,330700.0,67100,24,education,1,1,1,1,1,1
CUST100552,47,female,salaried,2.7,39400,696,4,47,1,0,1,5500.0,0.45,1.101,43600.0,15100.0,227300,6,home_improvement,1,1,1,1,0,0
CUST100553,27,male,salaried,6.2,54500,712,2,38,0,0,1,13900.0,0.295,0.314,78900.0,18000.0,191700,60,medical,1,1,1,1,1,1
CUST100554,21,female,salaried,8.3,31000,691,3,35,1,0,3,8000.0,0.664,0.901,104200.0,82200.0,119600,6,personal,1,1,1,1,0,0
CUST100555,48,female,salaried,,132300,733,5,111,4,0,3,14900.0,0.322,0.302,66300.0,18900.0,600600,24,personal,1,1,1,1,1,1
CUST100556,25,male,salaried,5.0,77400,742,4,71,1,0,4,21300.0,0.245,0.353,2800.0,700.0,216700,36,business,1,1,1,1,0,1
CUST100557,63,female,contract,9.5,70400,738,5,55,0,0,2,18700.0,0.336,0.438,349800.0,80900.0,435800,36,personal,1,1,1,1,1,1
CUST100558,35,male,self_employed,6.9,81900,671,1,20,2,0,1,20600.0,0.21,0.369,173900.0,113700.0,347400,36,personal,1,1,1,1,1,1
CUST100559,62,male,salaried,2.5,63800,667,1,21,2,0,1,13300.0,0.65,0.356,125500.0,97600.0,339000,36,personal,1,1,1,1,1,0
CUST100560,39,male,salaried,4.6,47700,702,3,56,1,0,1,13500.0,0.308,0.389,299000.0,113300.0,121400,24,personal,1,1,1,1,0,1
CUST100561,40,male,salaried,7.1,41100,772,3,57,0,0,2,13800.0,0.389,0.462,257800.0,147300.0,124800,24,personal,1,1,1,1,1,1
CUST100562,55,male,salaried,8.4,111600,724,2,19,3,0,0,13300.0,0.238,0.232,409200.0,178100.0,452000,36,vehicle,1,1,0,1,0,1
CUST100563,61,male,salaried,7.8,27900,696,1,17,0,0,0,14000.0,0.289,0.549,52600.0,38600.0,47200,36,vehicle,1,1,1,1,0,0
CUST100564,28,female,salaried,2.1,53700,681,6,90,6,1,2,15500.0,0.163,0.444,182700.0,64300.0,400700,48,consumer,1,1,1,1,0,0
CUST100565,40,male,salaried,11.2,53100,713,1,13,0,0,0,18200.0,0.047,0.618,255200.0,214100.0,262700,18,vehicle,1,1,1,1,0,1
CUST100566,26,male,salaried,6.3,46400,683,4,79,5,0,1,13800.0,0.223,0.373,279700.0,108500.0,127000,36,consumer,1,1,1,1,1,1
CUST100567,52,female,self_employed,2.1,78300,582,5,94,6,0,2,12100.0,0.685,0.23,356700.0,274900.0,141900,24,home,1,1,1,1,1,0
CUST100568,52,male,salaried,5.2,49600,735,2,42,4,1,4,5300.0,0.446,0.124,279700.0,171000.0,20000,24,business,1,1,1,1,1,0
CUST100569,27,male,salaried,14.4,83000,720,1,16,3,0,1,12200.0,0.361,0.217,252400.0,104000.0,420400,72,vehicle,1,1,0,1,1,1
CUST100570,60,male,business,5.0,159700,758,2,23,1,0,2,49300.0,0.353,0.387,226400.0,197900.0,451400,36,business,1,1,1,1,1,1
CUST100571,65,female,salaried,11.1,50000,700,4,95,1,0,3,4400.0,0.309,0.166,81400.0,34500.0,280800,72,education,1,1,1,1,1,1
CUST100572,60,female,contract,4.4,79200,684,3,46,2,0,0,6000.0,0.447,0.652,460400.0,340200.0,547900,12,consumer,1,1,1,0,1,0
CUST100573,57,male,salaried,8.6,45200,726,6,58,2,0,1,14300.0,0.479,0.341,242500.0,172000.0,20000,18,home_improvement,1,1,1,1,1,1
CUST100574,54,female,self_employed,0.7,50800,613,3,60,6,0,3,11600.0,0.165,0.552,207400.0,55700.0,98700,6,home,1,1,1,1,0,0
CUST100575,33,male,self_employed,2.4,57600,630,0,0,0,0,1,8000.0,0.199,0.281,29500.0,21800.0,295600,36,vehicle,1,1,1,1,0,0
CUST100576,65,male,business,13.1,124200,731,6,105,3,0,0,11600.0,0.174,0.214,259100.0,92500.0,538000,36,personal,1,1,1,1,0,1
CUST100577,34,male,salaried,6.0,53300,655,4,76,4,0,2,19400.0,0.425,0.56,334400.0,177100.0,250600,24,vehicle,1,1,1,1,0,0
CUST100578,44,female,salaried,2.1,74100,620,4,36,4,1,2,5200.0,0.447,0.174,164100.0,131300.0,183900,24,education,1,0,1,1,1,0
CUST100579,52,female,business,20.2,55800,739,3,57,0,0,1,18800.0,0.087,0.375,159100.0,74500.0,102800,48,home,1,1,1,1,1,1
CUST100580,55,male,salaried,12.4,104200,671,0,0,0,0,2,23700.0,0.369,0.255,230500.0,120500.0,173200,60,consumer,1,1,1,1,1,0
CUST100581,35,female,salaried,6.1,35400,659,2,35,1,0,3,7500.0,0.554,0.475,87700.0,24200.0,223300,24,medical,1,1,1,1,0,0
CUST100582,39,female,salaried,1.5,53700,695,0,0,0,0,0,9600.0,0.185,0.261,211800.0,140600.0,210800,48,vehicle,1,1,1,1,1,0
CUST100583,42,female,self_employed,3.2,53600,653,3,38,4,0,1,15800.0,0.567,0.348,334200.0,70500.0,103300,36,education,1,1,1,1,0,0
CUST100584,36,female,business,10.7,41200,751,3,66,0,0,0,8000.0,0.17,0.384,45800.0,15600.0,188000,24,home,1,1,1,0,1,1
CUST100585,35,male,self_employed,12.5,54100,739,2,32,0,0,2,8900.0,0.305,0.213,38000.0,19800.0,190300,72,consumer,1,1,1,1,0,1
CUST100586,61,male,salaried,2.9,83100,712,2,18,2,0,0,21200.0,0.263,0.274,401400.0,169000.0,56800,36,personal,1,1,1,1,0,1
CUST100587,31,male,business,4.2,144700,648,2,40,4,0,3,15800.0,0.569,0.185,417100.0,95900.0,263000,24,home,1,0,1,1,1,0
CUST100588,40,male,business,3.3,73700,637,1,14,2,0,1,8600.0,0.729,0.222,68100.0,56900.0,371500,48,home,1,1,1,1,1,0
CUST100589,27,male,salaried,3.3,88400,765,3,42,0,0,3,27100.0,0.546,0.403,534600.0,189500.0,513300,60,personal,1,1,1,1,1,1
CUST100590,54,male,self_employed,8.2,34800,688,1,11,3,0,0,6600.0,0.633,0.429,176100.0,80700.0,200200,24,education,1,1,1,1,1,0
CUST100591,57,female,self_employed,20.5,174700,723,3,29,1,0,1,29000.0,0.163,0.246,1028500.0,758600.0,504000,36,vehicle,1,1,1,1,0,1
CUST100592,43,female,self_employed,2.9,21300,601,4,85,11,0,1,3800.0,0.182,0.436,3500.0,2600.0,197500,36,consumer,1,1,1,1,1,0
CUST100593,23,male,salaried,2.6,62000,610,3,30,3,0,0,16600.0,0.092,0.444,82400.0,56900.0,393700,36,vehicle,1,1,1,1,1,0
CUST100594,26,male,contract,13.7,50200,682,1,12,2,1,1,8900.0,0.403,0.439,74200.0,55200.0,157500,12,vehicle,1,1,1,1,1,0
CUST100595,32,female,salaried,12.8,44900,773,0,0,0,0,0,14800.0,0.222,0.476,267000.0,221200.0,79000,12,personal,1,1,1,1,0,1
CUST100596,26,male,salaried,15.1,69000,674,3,58,5,0,1,25000.0,0.163,0.517,241200.0,80400.0,383400,36,home,0,1,1,1,0,0
CUST100597,31,male,business,3.2,25100,649,2,26,2,0,1,10100.0,0.406,0.526,172200.0,100900.0,186100,60,vehicle,1,1,1,1,0,0
CUST100598,43,male,salaried,0.7,81400,694,4,63,5,0,2,31300.0,0.493,0.458,299800.0,166600.0,288200,48,home_improvement,1,1,1,1,1,0
CUST100599,47,female,salaried,6.0,106800,749,5,69,1,0,0,5300.0,0.33,0.11,80700.0,68000.0,232500,36,home,1,1,0,1,1,1
CUST100600,52,female,salaried,9.4,72300,657,4,77,7,0,0,9900.0,0.133,0.194,309600.0,170800.0,198600,48,medical,1,1,1,1,1,1
CUST100601,62,female,salaried,6.6,216100,734,1,14,0,0,0,69000.0,0.513,0.592,1331300.0,803200.0,1416100,24,personal,1,1,1,1,1,1
CUST100602,54,female,salaried,0.9,174100,760,3,71,1,0,0,20300.0,0.281,0.327,104900.0,34500.0,877700,24,home,1,1,1,1,1,1
CUST100603,42,male,salaried,2.4,66100,690,3,37,2,0,2,26500.0,0.234,0.446,445500.0,279800.0,106500,36,personal,1,1,1,1,0,1
CUST100604,36,male,business,7.6,46000,634,4,80,8,0,1,6400.0,0.451,0.309,233000.0,77500.0,93500,12,personal,1,1,1,1,1,0
CUST100605,60,female,salaried,5.5,95700,649,2,30,2,0,0,11800.0,0.334,0.407,462800.0,378600.0,488500,18,vehicle,1,1,1,1,1,0
CUST100606,21,female,salaried,2.5,81000,659,3,36,0,0,1,12100.0,0.492,0.339,439400.0,382900.0,276100,18,education,1,1,1,1,1,0
CUST100607,53,female,salaried,14.3,133400,746,1,12,0,0,0,46500.0,0.183,0.465,113400.0,54100.0,559400,36,home,1,1,1,1,0,1
CUST100608,45,male,salaried,6.6,99500,691,1,17,3,0,0,24000.0,0.31,0.344,572300.0,465900.0,184900,18,business,1,1,1,1,1,1
CUST100609,43,female,salaried,1.7,86400,762,7,160,1,0,1,10400.0,0.188,0.211,190000.0,90200.0,282700,36,personal,1,1,1,1,1,1
CUST100610,29,female,salaried,11.4,65500,697,1,17,0,0,2,23600.0,0.157,0.467,152000.0,123900.0,335800,48,home,1,1,1,1,1,1
CUST100611,33,female,salaried,9.6,34900,709,4,76,4,0,0,8700.0,0.15,0.307,94700.0,62700.0,97200,48,business,1,1,1,1,1,1
CUST100612,35,male,salaried,5.1,73300,708,1,23,1,0,3,8500.0,0.334,0.175,170200.0,83000.0,311400,72,vehicle,1,1,1,1,1,1
CUST100613,22,male,business,7.9,43100,730,6,94,2,0,6,5100.0,0.574,0.312,193900.0,,300400,36,medical,1,1,1,1,1,0
CUST100614,46,female,business,11.8,51200,717,1,14,2,0,2,14400.0,0.182,0.315,251500.0,107700.0,104700,60,education,1,1,1,1,1,1
CUST100615,46,male,salaried,14.8,47100,658,4,65,7,0,1,12000.0,0.466,0.292,267700.0,144200.0,62800,36,education,1,1,1,1,0,0
CUST100616,38,male,salaried,2.4,28000,810,3,42,0,0,1,5900.0,0.66,1.437,158200.0,66000.0,206000,6,medical,1,1,1,1,0,0
CUST100617,61,male,self_employed,8.0,47800,699,3,43,2,0,2,8800.0,0.488,0.265,309000.0,265600.0,186300,48,education,1,1,0,1,0,0
CUST100618,41,male,contract,12.9,90100,791,1,11,1,0,2,26100.0,0.211,0.512,511200.0,398300.0,120000,6,personal,1,1,1,1,1,1
CUST100619,24,male,salaried,11.9,33600,607,5,53,7,0,3,9200.0,0.569,0.416,122800.0,74200.0,229500,48,personal,1,1,1,1,0,0
CUST100620,23,female,salaried,7.0,46200,712,0,0,0,0,2,4200.0,0.59,0.199,286000.0,189400.0,239500,48,home,1,0,1,1,1,0
CUST100621,37,female,salaried,7.4,73600,708,2,33,3,0,6,20900.0,0.941,0.308,280400.0,80100.0,83300,48,personal,1,1,1,1,1,0
CUST100622,29,female,business,4.2,127900,673,4,35,5,0,0,16600.0,0.053,0.181,810100.0,430400.0,233500,36,personal,1,1,1,1,0,1
CUST100623,59,female,salaried,7.4,34300,691,1,13,2,0,0,13400.0,0.283,0.472,98600.0,80200.0,134100,48,vehicle,1,1,1,1,1,1
CUST100624,58,male,salaried,5.9,66900,677,2,34,2,0,0,20700.0,0.267,0.503,228200.0,176500.0,465500,36,consumer,1,1,1,1,0,0
CUST100625,64,male,contract,4.4,110900,736,3,67,2,0,1,32800.0,0.247,0.323,521800.0,347700.0,147000,48,vehicle,1,1,1,1,1,1
CUST100626,44,male,salaried,8.1,33100,685,2,42,2,0,0,5400.0,0.532,0.233,187800.0,106900.0,110200,48,vehicle,1,1,1,1,1,1
CUST100627,42,male,self_employed,14.9,50000,663,1,18,2,0,3,6600.0,0.364,0.371,338800.0,134600.0,215200,18,vehicle,1,1,1,1,0,0
CUST100628,60,male,salaried,3.7,70500,673,3,40,2,0,2,19900.0,0.261,0.312,413900.0,334400.0,100800,48,personal,1,1,1,1,0,0
CUST100629,49,male,business,4.5,39000,661,3,65,7,0,2,13300.0,0.124,0.431,166400.0,130000.0,252800,72,home_improvement,1,1,1,1,0,0
CUST100630,59,female,salaried,6.4,61800,706,4,89,7,0,4,17100.0,0.415,0.429,118400.0,71000.0,339400,36,personal,1,1,1,1,1,0
CUST100631,29,male,self_employed,2.3,69200,625,4,86,6,1,2,26100.0,0.542,0.442,232400.0,149700.0,214800,48,consumer,1,0,1,1,1,0
CUST100632,29,male,salaried,5.9,52300,711,2,20,2,0,0,10200.0,0.445,0.532,389000.0,344100.0,317400,18,vehicle,1,1,1,1,1,0
CUST100633,23,female,salaried,3.3,125800,634,1,21,0,0,2,33400.0,0.145,0.446,489100.0,268700.0,816400,36,education,1,1,1,1,1,0
CUST100634,38,male,self_employed,12.7,34300,681,3,31,5,0,1,11900.0,0.285,0.392,96800.0,76600.0,74900,48,education,1,1,0,1,0,0
CUST100635,56,male,salaried,8.4,37100,643,6,127,17,0,0,10200.0,0.632,0.342,0.0,0.0,118800,48,education,1,1,1,1,0,0
CUST100636,44,male,self_employed,2.7,63600,696,7,101,4,0,0,7400.0,0.523,0.151,54200.0,39800.0,159200,72,business,1,0,1,1,1,1
CUST100637,45,female,salaried,9.9,23700,659,4,40,8,0,0,2800.0,0.238,0.18,118800.0,30500.0,106300,72,personal,1,1,1,0,0,0
CUST100638,25,male,contract,12.0,42500,682,7,124,9,0,2,14200.0,0.355,0.395,236400.0,52200.0,124600,48,vehicle,1,1,1,1,0,0
CUST100639,26,male,business,11.6,40600,751,4,48,0,0,0,12400.0,0.042,0.468,275500.0,183900.0,237400,36,personal,1,1,1,1,0,1
CUST100640,24,female,salaried,5.2,29300,651,3,54,3,0,1,10600.0,0.401,0.496,170800.0,141500.0,188200,48,consumer,1,1,1,1,0,0
CUST100641,37,female,salaried,2.7,175800,757,5,54,1,0,2,4300.0,0.347,0.048,1128100.0,364500.0,202000,48,vehicle,1,1,1,1,1,1
CUST100642,58,male,self_employed,2.8,23000,687,2,40,6,0,1,8600.0,0.351,0.409,119800.0,57500.0,49100,60,personal,1,1,1,1,0,0
CUST100643,54,male,self_employed,2.6,65200,634,3,41,4,1,4,14600.0,0.497,0.72,292800.0,209200.0,388000,12,personal,1,1,1,1,0,0
CUST100644,58,male,salaried,9.0,99600,716,1,16,1,0,2,23700.0,0.244,0.571,138700.0,66100.0,596500,18,home,1,1,1,1,0,0
CUST100645,34,female,salaried,14.3,52600,713,2,20,2,0,0,6800.0,0.443,0.279,229800.0,175400.0,283000,36,medical,1,1,1,1,0,1
CUST100646,38,female,salaried,7.2,56700,666,4,89,3,0,2,18700.0,0.552,0.402,299800.0,65400.0,247200,60,home_improvement,1,1,1,1,1,0
CUST100647,64,female,contract,8.9,42200,746,5,67,3,0,0,13500.0,0.613,0.411,272600.0,213400.0,138200,36,personal,1,1,1,1,0,1
CUST100648,52,male,salaried,4.9,69600,661,2,35,5,0,1,20800.0,0.627,0.52,135800.0,75700.0,277500,18,education,1,1,1,1,1,0
CUST100649,52,male,salaried,2.2,79600,697,2,40,0,0,0,15300.0,0.527,0.226,479600.0,337600.0,95800,36,personal,1,1,1,1,1,1
CUST100650,44,female,salaried,11.8,46200,668,5,45,5,0,0,13500.0,0.437,0.33,318100.0,147900.0,84400,48,personal,1,1,1,1,1,1
CUST100651,25,female,salaried,7.4,54000,733,4,40,0,0,0,8500.0,0.147,0.163,85100.0,72700.0,20000,72,personal,1,1,1,1,0,1
CUST100652,54,female,salaried,3.4,68700,607,2,29,1,0,1,21600.0,0.145,0.402,174100.0,61200.0,290400,48,home,1,1,1,1,0,0
CUST100653,37,male,self_employed,4.3,54300,665,1,18,0,0,5,3400.0,0.603,0.125,43700.0,26700.0,162800,48,consumer,1,1,1,1,1,0
CUST100654,35,female,contract,3.1,73700,622,2,37,3,0,1,15700.0,0.351,0.346,96700.0,40900.0,117800,12,business,1,1,1,0,1,0
CUST100655,53,female,business,20.8,82100,730,3,64,2,0,1,25600.0,0.283,0.406,515300.0,419000.0,278100,36,personal,1,1,1,1,1,1
CUST100656,42,female,salaried,16.2,60700,720,2,38,0,0,1,7000.0,0.275,0.245,37200.0,29100.0,282600,36,consumer,1,1,1,1,0,1
CUST100657,28,male,salaried,7.4,127300,707,3,39,3,0,0,21300.0,0.031,0.292,317800.0,164300.0,379800,24,home,1,1,1,1,1,1
CUST100658,61,male,salaried,3.7,73200,602,1,22,2,0,1,6100.0,0.284,0.202,237100.0,186000.0,209100,24,personal,1,1,1,1,0,0
CUST100659,38,female,self_employed,7.8,64000,810,3,51,0,0,2,10500.0,0.526,0.205,176900.0,123200.0,47400,18,home,1,1,1,1,1,1
CUST100660,57,female,salaried,4.2,75100,738,1,14,2,0,2,22400.0,0.451,0.433,516000.0,367200.0,243000,24,business,1,1,1,1,1,1
CUST100661,39,male,salaried,10.8,39500,627,2,31,7,1,2,0.0,0.232,0.291,245300.0,75200.0,275600,24,home_improvement,1,1,1,1,1,0
CUST100662,34,male,salaried,11.6,61200,693,3,60,6,0,1,3300.0,0.781,0.079,93800.0,43800.0,110000,72,education,1,1,1,1,0,0
CUST100663,57,female,salaried,3.1,50100,597,3,58,8,0,1,16300.0,0.353,0.449,148800.0,120000.0,148900,24,personal,1,1,1,1,0,0
CUST100664,60,male,salaried,5.5,115900,688,5,60,5,0,2,31100.0,0.756,0.601,559800.0,375500.0,462400,12,home_improvement,0,1,1,1,0,0
CUST100665,35,male,salaried,11.3,73600,659,3,62,7,0,1,20400.0,0.249,0.549,402400.0,151700.0,360500,18,education,0,1,1,1,0,0
CUST100666,38,male,salaried,11.0,96600,705,4,89,3,0,2,32000.0,0.136,0.612,115500.0,57000.0,325600,12,consumer,1,1,0,1,1,0
CUST100667,45,female,salaried,4.2,52800,684,5,98,12,0,2,3500.0,0.368,0.162,66400.0,35600.0,241500,48,vehicle,1,1,1,1,1,0
CUST100668,51,male,salaried,2.2,85800,672,2,29,5,0,1,22000.0,0.708,0.33,369500.0,82800.0,303600,48,home,1,1,1,1,0,0
CUST100669,43,female,salaried,10.1,64900,648,1,9,1,0,2,17200.0,0.368,0.341,47600.0,18300.0,118300,24,home,1,0,1,1,0,0
CUST100670,53,male,salaried,12.2,40900,631,1,21,3,0,2,13600.0,0.398,0.454,73400.0,54600.0,89800,18,home_improvement,1,1,1,1,1,0
CUST100671,58,male,salaried,14.2,16500,669,1,15,3,0,1,1200.0,0.637,0.145,28500.0,18100.0,71500,60,personal,1,1,1,1,0,0
CUST100672,39,male,self_employed,4.0,62800,713,1,12,1,0,1,11500.0,0.308,0.317,28100.0,17900.0,151600,18,personal,1,1,1,1,1,1
CUST100673,59,male,business,8.7,98400,710,3,48,3,0,2,18500.0,0.472,0.252,668400.0,586400.0,226000,36,personal,1,1,1,1,1,1
CUST100674,58,male,salaried,6.3,29500,602,2,35,1,0,2,9100.0,0.313,0.418,125500.0,108700.0,77200,24,business,1,1,1,1,1,0
CUST100675,64,male,salaried,3.3,44700,694,3,56,1,0,2,13700.0,0.18,0.508,110000.0,63900.0,216200,24,education,1,1,1,1,1,0
CUST100676,41,female,salaried,5.5,147400,696,1,15,0,0,0,51300.0,0.264,0.464,505300.0,364500.0,409100,24,business,1,1,1,1,0,1
CUST100677,59,male,self_employed,13.9,124200,745,2,24,0,0,1,19900.0,0.47,0.194,472800.0,125400.0,152100,36,education,1,1,1,1,1,1
CUST100678,64,male,salaried,10.6,32400,665,0,0,0,0,1,1100.0,0.09,0.113,122800.0,75000.0,92000,36,business,1,1,1,1,1,0
CUST100679,63,female,salaried,10.9,29900,703,3,39,0,0,1,5800.0,0.126,0.486,33300.0,11400.0,104600,12,consumer,1,1,1,1,0,0
CUST100680,63,female,self_employed,7.3,44600,683,4,50,6,1,4,9500.0,0.352,0.28,268700.0,60300.0,107500,36,home,1,1,1,1,0,0
CUST100681,38,male,business,4.1,52800,726,3,40,2,0,2,11500.0,0.656,0.359,193900.0,111000.0,268400,36,business,1,1,1,1,1,0
CUST100682,61,male,salaried,7.8,37400,685,3,66,6,0,2,13400.0,0.522,0.409,122800.0,86300.0,136200,72,education,1,1,1,1,1,0
CUST100683,40,male,salaried,10.1,102400,690,2,39,3,0,1,35900.0,0.438,0.454,214800.0,152900.0,379900,36,home_improvement,1,1,1,1,1,1
CUST100684,61,female,contract,8.1,39000,696,1,18,3,0,1,0.0,0.103,0.233,99400.0,27700.0,327500,36,education,1,1,1,1,0,0
CUST100685,57,male,business,6.5,66500,770,3,29,1,0,1,12300.0,0.378,0.224,118700.0,96200.0,157200,60,home,1,1,0,1,0,1
CUST100686,27,female,contract,12.5,49600,741,0,0,0,0,0,14600.0,0.358,0.396,55100.0,12900.0,120500,24,education,1,1,0,1,0,1
CUST100687,26,male,salaried,23.4,60100,717,3,41,1,0,1,10700.0,0.671,0.356,301700.0,142100.0,256600,24,medical,1,1,1,1,1,1
CUST100688,50,male,salaried,3.4,29800,677,0,0,0,0,0,14000.0,0.572,0.75,0.0,0.0,150200,18,home,1,1,1,1,1,0
CUST100689,32,male,salaried,4.2,20300,619,4,53,7,0,0,2600.0,0.106,0.317,46900.0,35500.0,69100,18,personal,1,1,1,1,1,0
CUST100690,54,female,salaried,14.8,62500,677,0,0,0,0,1,22400.0,0.434,0.553,189500.0,88900.0,219200,18,home_improvement,1,1,1,1,1,0
CUST100691,56,male,contract,8.4,39000,667,2,27,1,0,0,14900.0,0.435,0.664,220800.0,49900.0,263900,24,home_improvement,1,1,1,1,0,0
CUST100692,44,male,salaried,3.0,116000,717,3,32,4,0,1,39600.0,0.138,0.439,384900.0,285800.0,405800,36,home,1,1,1,1,0,1
CUST100693,56,female,salaried,6.0,75200,724,5,73,2,0,1,18200.0,0.288,0.989,99300.0,46000.0,337100,6,business,1,1,0,1,1,0
CUST100694,44,female,contract,11.0,33400,749,3,41,1,0,0,5200.0,0.25,0.187,151600.0,93300.0,38100,36,medical,1,1,1,1,0,1
CUST100695,46,male,self_employed,10.3,34000,656,2,25,3,0,1,6000.0,0.327,0.237,140200.0,55800.0,98900,48,home,1,1,0,1,1,0
CUST100696,30,female,salaried,5.7,91000,729,5,63,2,0,0,9200.0,0.421,0.216,145600.0,31200.0,250300,24,vehicle,1,0,1,1,1,1
CUST100697,47,female,contract,2.7,47800,678,1,22,1,0,4,4200.0,0.541,0.389,24100.0,12500.0,259200,18,home,1,1,1,1,1,0
CUST100698,28,female,salaried,3.4,31000,651,3,56,4,1,2,6200.0,0.423,0.223,211200.0,109400.0,26000,36,personal,1,1,1,1,0,0
CUST100699,48,male,salaried,8.2,108700,686,4,84,4,0,1,24000.0,0.467,0.59,254600.0,172000.0,481900,12,consumer,1,1,1,1,0,1
CUST100700,56,female,salaried,6.5,124800,711,3,57,3,0,2,31000.0,0.169,0.391,73400.0,30900.0,642800,36,personal,1,1,1,1,1,1
CUST100701,55,female,salaried,1.1,85100,728,4,76,4,0,2,28100.0,0.448,0.365,419900.0,367600.0,142800,48,education,1,1,1,1,0,0
CUST100702,27,male,salaried,8.9,127100,786,5,84,1,0,1,38500.0,0.471,0.379,105000.0,59500.0,346500,36,home,1,1,1,1,1,1
CUST100703,56,female,salaried,2.3,79400,646,4,37,3,0,1,27800.0,0.531,0.451,408600.0,342200.0,289000,36,consumer,1,1,1,1,1,0
CUST100704,53,female,salaried,16.2,40500,722,1,21,1,0,2,3700.0,0.323,0.197,137900.0,43800.0,153300,36,medical,1,1,1,1,0,1
CUST100705,27,female,salaried,6.8,182500,720,3,53,4,0,1,25900.0,0.55,0.206,526000.0,112500.0,699200,60,business,1,1,1,1,1,1
CUST100706,24,male,salaried,12.8,106800,703,4,93,3,0,1,16200.0,0.113,0.397,417400.0,232000.0,627600,24,business,1,1,1,0,1,1
CUST100707,50,male,self_employed,6.6,125800,692,8,162,14,0,0,27500.0,0.077,0.277,140400.0,86200.0,350100,48,personal,1,1,1,1,1,1
CUST100708,39,female,salaried,5.4,88900,764,1,24,0,0,0,37900.0,0.123,0.497,284500.0,110900.0,300300,48,business,1,1,1,1,0,1
CUST100709,43,male,salaried,11.5,20700,742,2,38,2,0,2,1900.0,0.545,0.329,81500.0,56700.0,176600,36,personal,1,1,1,1,1,0
CUST100710,22,male,salaried,5.0,71900,660,5,60,5,0,0,5800.0,0.353,0.189,132900.0,97700.0,279700,36,medical,1,1,1,1,0,0
CUST100711,31,female,salaried,9.0,218300,692,1,18,3,0,2,72000.0,0.376,0.681,478900.0,429700.0,1378600,18,business,1,1,1,1,1,1
CUST100712,50,male,salaried,5.6,82800,640,4,44,4,0,0,23300.0,0.075,0.343,193000.0,83200.0,245400,48,home,1,1,1,1,1,0
CUST100713,49,male,salaried,2.0,77400,640,3,52,2,0,0,23800.0,0.321,0.579,215700.0,50900.0,504400,24,vehicle,1,1,1,1,0,0
CUST100714,34,male,business,8.5,33400,629,4,79,9,0,0,4500.0,0.308,0.61,114000.0,91100.0,190400,12,home,1,1,1,1,1,0
CUST100715,36,female,salaried,3.8,76100,717,1,13,1,0,1,10000.0,0.241,0.202,173700.0,129100.0,193300,36,personal,1,1,1,1,1,1
CUST100716,42,male,salaried,4.7,74100,693,3,31,2,0,2,9800.0,0.14,0.169,381000.0,114400.0,96800,36,vehicle,1,1,1,1,0,1
CUST100717,36,female,salaried,9.0,65100,725,1,16,0,0,0,12300.0,0.413,0.671,354200.0,177100.0,376400,12,business,1,1,1,1,0,1
CUST100718,33,male,contract,1.7,45900,684,4,53,3,0,3,11900.0,0.447,0.348,226700.0,183800.0,196500,48,home,1,1,1,1,0,0
CUST100719,35,female,contract,11.1,29300,677,6,62,4,0,0,8000.0,0.205,0.647,106800.0,70500.0,65800,6,education,1,0,1,1,1,0
CUST100720,44,male,business,8.9,47600,687,1,15,2,0,3,9900.0,0.169,0.366,70000.0,,270900,36,home_improvement,1,1,1,1,0,0
CUST100721,45,male,contract,5.6,44000,685,5,56,4,0,2,12900.0,0.881,0.47,21400.0,13300.0,186200,24,business,1,1,1,1,0,0
CUST100722,50,male,business,6.8,92800,699,3,64,2,0,3,10000.0,0.302,0.384,311900.0,135900.0,307400,12,personal,1,1,1,1,0,0
CUST100723,32,female,self_employed,18.2,39500,737,4,51,1,0,0,8000.0,0.196,0.306,140700.0,70400.0,195500,48,home_improvement,1,1,1,1,1,1
CUST100724,28,female,contract,2.9,139900,621,5,47,3,0,1,39200.0,0.284,0.662,252300.0,183200.0,320500,6,personal,1,1,1,1,1,0
CUST100725,35,male,business,4.9,75500,683,3,27,3,0,4,7400.0,0.469,0.495,465600.0,231900.0,540100,18,personal,1,1,1,1,0,0
CUST100726,55,male,salaried,5.5,110600,724,2,29,1,0,1,23200.0,0.34,0.26,98000.0,41300.0,200900,36,vehicle,1,0,1,1,1,1
CUST100727,58,female,salaried,17.1,73600,696,4,41,3,0,2,20000.0,0.292,0.297,293600.0,209300.0,131300,72,education,1,1,1,1,0,1
CUST100728,56,male,salaried,3.8,52900,601,2,30,4,0,2,7000.0,0.298,0.218,78300.0,66100.0,271700,60,personal,1,1,1,1,1,0
CUST100729,38,female,salaried,14.1,81600,728,2,47,1,0,1,10900.0,0.317,0.637,132200.0,32200.0,492500,12,business,1,1,1,1,1,1
CUST100730,63,male,self_employed,8.3,49600,693,2,39,1,0,1,7700.0,0.276,0.232,273900.0,213200.0,136500,36,consumer,1,1,1,1,0,1
CUST100731,46,male,self_employed,6.7,50600,721,1,17,2,0,1,12500.0,0.301,1.5,88400.0,30300.0,384300,6,personal,1,1,1,1,0,0
CUST100732,38,male,contract,11.0,89700,744,4,38,2,0,1,4000.0,0.344,0.19,334200.0,123800.0,468900,36,personal,0,1,1,1,1,1
CUST100733,47,male,salaried,4.6,104300,623,3,60,3,0,0,10600.0,0.366,0.119,103600.0,84600.0,106400,60,education,1,1,1,1,0,0
CUST100734,60,male,salaried,4.7,162400,676,2,39,5,0,1,35000.0,0.223,0.47,868400.0,360600.0,992600,24,personal,1,1,1,1,1,0
CUST100735,40,male,self_employed,5.1,115300,678,1,21,3,0,3,12400.0,0.288,0.223,479700.0,290300.0,639900,48,vehicle,1,1,1,1,0,1
CUST100736,25,male,salaried,2.5,46800,741,2,44,0,0,1,4100.0,0.61,0.137,280800.0,74000.0,110300,48,personal,1,1,1,1,0,1
CUST100737,34,male,salaried,0.9,37500,679,1,20,1,0,1,7100.0,0.328,0.364,88400.0,57900.0,157000,24,personal,1,1,1,1,1,0
CUST100738,65,male,salaried,4.5,44800,638,3,41,1,0,2,2500.0,0.332,0.133,108900.0,34500.0,166100,48,personal,1,1,1,1,0,0
CUST100739,41,male,salaried,5.8,61100,678,6,96,6,0,0,9000.0,0.079,0.354,125600.0,47700.0,303100,24,personal,1,1,1,1,0,1
CUST100740,30,female,salaried,13.0,38100,773,2,30,2,0,1,5200.0,0.334,0.269,231100.0,92400.0,181800,36,business,1,1,1,1,0,1
CUST100741,60,male,self_employed,8.7,35300,703,5,95,5,0,0,11400.0,0.19,0.378,74800.0,20800.0,69600,36,personal,1,1,1,1,1,0
CUST100742,37,female,salaried,14.8,48100,745,1,10,0,0,0,4500.0,0.053,0.147,300300.0,158700.0,61900,24,medical,1,1,1,1,1,1
CUST100743,35,male,salaried,19.1,50200,693,2,29,1,0,1,6900.0,0.522,0.217,362100.0,324200.0,143300,36,business,1,0,0,1,0,1
CUST100744,25,male,business,9.9,98100,670,1,21,2,0,1,30800.0,0.327,0.408,94700.0,34300.0,333700,36,education,1,1,1,1,1,1
CUST100745,63,female,contract,4.3,34700,654,3,45,3,0,0,15500.0,0.184,0.483,41500.0,17700.0,45700,36,personal,1,1,1,1,0,0
CUST100746,58,male,salaried,2.2,61100,658,4,64,4,0,0,5300.0,0.244,0.29,424400.0,316800.0,149200,12,business,1,1,1,1,1,0
CUST100747,38,male,contract,6.8,43200,676,0,0,0,0,0,4300.0,0.186,0.139,271600.0,151100.0,101300,60,medical,1,1,1,1,1,0
CUST100748,42,male,salaried,9.6,70400,758,4,62,2,0,3,6100.0,0.42,0.252,433500.0,384800.0,417900,36,vehicle,1,1,1,1,0,1
CUST100749,32,male,salaried,3.8,67800,709,4,63,1,0,1,12400.0,0.191,0.355,169900.0,60100.0,421000,36,vehicle,1,1,1,1,1,1
CUST100750,64,female,salaried,4.3,45200,725,3,37,2,0,1,10300.0,0.25,0.469,47300.0,21000.0,261800,24,education,1,1,1,1,0,1
CUST100751,62,female,self_employed,2.3,55800,731,1,18,0,0,0,4100.0,0.433,0.255,177200.0,41300.0,363700,36,home,1,1,1,1,0,0
CUST100752,27,male,salaried,11.9,40600,734,3,69,3,0,2,0.0,0.617,0.187,68600.0,14500.0,273600,36,education,1,1,1,1,1,1
CUST100753,31,male,salaried,5.0,85900,739,4,72,4,0,2,33100.0,0.501,0.802,278800.0,215000.0,429700,12,personal,1,1,1,1,0,0
CUST100754,61,female,salaried,11.2,92300,675,2,42,4,0,2,17700.0,0.244,0.218,415400.0,148500.0,146100,60,home,1,0,1,1,0,1
CUST100755,30,male,salaried,6.6,63000,690,3,56,4,0,1,15100.0,0.373,0.833,152200.0,63500.0,448800,12,home,1,1,0,1,1,0
CUST100756,37,female,salaried,6.3,94900,710,4,88,8,0,1,11900.0,0.304,0.679,264500.0,68000.0,631000,12,business,1,1,1,1,1,1
CUST100757,57,male,salaried,4.8,44800,664,4,53,11,0,2,7300.0,0.387,0.188,213600.0,145300.0,54900,48,education,1,1,1,1,0,0
CUST100758,31,female,salaried,6.7,45900,820,2,35,1,0,0,1700.0,0.356,0.123,186800.0,130600.0,237800,60,medical,1,1,1,1,0,1
CUST100759,59,male,salaried,13.9,25900,774,2,28,0,0,1,4200.0,0.818,0.26,76700.0,63500.0,60600,24,education,1,1,1,1,1,1
CUST100760,50,male,salaried,3.5,35600,673,4,70,2,0,0,12000.0,0.408,0.497,133800.0,118900.0,136900,24,business,1,1,1,0,1,0
CUST100761,29,male,self_employed,2.6,43200,673,5,78,7,0,3,4400.0,0.633,0.211,269400.0,211800.0,113000,24,business,1,1,1,1,0,0
CUST100762,22,male,self_employed,3.6,51800,683,2,25,1,0,1,16000.0,0.404,0.455,212800.0,165900.0,273000,36,personal,1,0,1,1,1,0
CUST100763,28,female,self_employed,9.5,50000,663,2,40,8,1,1,8000.0,0.479,0.343,97800.0,70100.0,219800,24,vehicle,1,1,1,1,1,0
CUST100764,44,female,business,5.4,62400,699,2,43,3,0,0,18600.0,0.235,0.307,395200.0,168600.0,20000,36,business,1,1,1,1,0,1
CUST100765,64,female,contract,6.8,83400,674,2,27,5,0,4,22500.0,0.338,0.4,180300.0,140700.0,391400,36,business,1,1,1,1,0,0
CUST100766,42,male,salaried,3.5,100400,658,2,25,1,0,1,21400.0,0.198,0.746,438000.0,358200.0,321000,6,home,1,1,1,1,1,0
CUST100767,26,male,salaried,3.0,81000,662,2,17,3,0,1,23300.0,0.473,0.459,209600.0,55900.0,498400,36,home_improvement,1,1,1,1,1,0
CUST100768,23,female,self_employed,4.4,56300,615,5,89,6,1,3,18100.0,0.375,0.49,87800.0,50000.0,170500,18,business,1,1,1,1,0,0
CUST100769,29,female,self_employed,9.4,44600,664,2,23,3,0,1,11600.0,0.38,0.354,247400.0,189400.0,201800,48,personal,1,1,1,1,1,0
CUST100770,40,female,salaried,11.6,54700,667,1,15,2,0,2,14000.0,0.719,0.977,295300.0,177100.0,236700,6,home,1,1,1,1,1,0
CUST100771,40,male,contract,11.7,81000,649,7,85,6,0,2,14000.0,0.446,0.317,465800.0,253800.0,419200,36,home,1,1,1,1,1,0
CUST100772,34,female,self_employed,4.2,24200,766,2,44,0,0,3,13400.0,0.318,0.584,149500.0,88800.0,35600,48,consumer,0,1,1,1,1,0
CUST100773,48,female,salaried,9.2,25100,686,1,21,1,0,1,400.0,0.658,0.121,35200.0,15300.0,158800,60,home,1,1,1,0,1,0
CUST100774,32,male,salaried,6.6,105300,826,2,22,0,0,0,20000.0,0.152,0.282,672700.0,521300.0,582800,60,medical,1,1,1,1,0,1
CUST100775,32,female,business,2.8,117800,663,1,18,1,0,1,24100.0,0.286,0.237,404600.0,248000.0,137400,36,business,1,1,1,0,0,1
CUST100776,62,male,business,1.8,65200,732,4,58,2,0,2,11700.0,0.432,0.324,221600.0,107000.0,338300,36,consumer,1,1,1,1,0,0
CUST100777,45,female,salaried,3.2,48200,694,2,24,0,0,0,14600.0,0.327,0.464,30600.0,16400.0,279800,36,business,1,1,1,1,0,1
CUST100778,47,female,business,7.3,148700,712,3,30,3,0,1,36200.0,0.424,0.313,770400.0,391700.0,496100,48,education,0,1,1,1,0,1
CUST100779,46,female,business,4.1,29400,694,2,39,3,0,2,800.0,0.325,0.341,189000.0,162100.0,110600,12,personal,1,1,1,1,0,0
CUST100780,27,male,contract,7.5,73700,598,1,9,2,0,3,19400.0,0.478,0.32,264100.0,140400.0,249600,60,medical,1,1,1,1,1,0
CUST100781,47,female,salaried,6.8,81700,741,2,26,0,0,1,7000.0,0.122,0.501,352500.0,187100.0,407000,12,education,1,1,1,1,0,1
CUST100782,55,male,salaried,11.0,55100,744,4,66,2,0,4,11200.0,0.785,0.286,202800.0,140200.0,165100,36,home,1,1,1,1,1,1
CUST100783,22,male,salaried,15.0,35500,756,5,104,1,0,0,6600.0,0.288,0.263,190700.0,107400.0,97900,36,personal,1,1,1,1,1,1
CUST100784,37,male,business,5.9,24900,696,2,40,2,0,2,3000.0,0.353,0.289,162800.0,63800.0,201800,48,personal,1,1,1,1,0,0
CUST100785,33,male,salaried,2.6,89100,730,4,82,2,0,0,22500.0,0.555,0.332,464200.0,178500.0,170400,24,consumer,1,1,1,1,0,0
CUST100786,47,male,salaried,4.1,107200,705,3,40,2,0,0,28600.0,0.494,0.301,351900.0,173000.0,178400,48,home,1,1,1,1,1,1
CUST100787,61,male,salaried,5.2,46300,668,5,66,9,0,1,5700.0,0.649,0.328,230700.0,180700.0,342000,36,education,1,0,1,1,1,0
CUST100788,38,female,salaried,14.0,36200,762,5,108,2,0,1,12600.0,0.276,0.438,214600.0,154700.0,117800,36,business,1,1,1,1,0,1
CUST100789,23,male,salaried,9.2,46100,648,1,23,1,0,0,13500.0,0.216,0.922,53600.0,13000.0,174100,6,consumer,1,1,1,1,0,0
CUST100790,49,female,salaried,8.1,69400,676,5,93,7,0,1,5900.0,0.167,0.247,399100.0,275700.0,404700,36,consumer,1,1,1,1,1,1
CUST100791,34,male,salaried,4.2,57800,676,3,38,1,0,0,0.0,0.422,0.093,157200.0,,322300,60,business,1,1,1,1,1,0
CUST100792,51,male,business,5.1,65900,734,2,30,0,0,1,7500.0,0.129,0.122,305500.0,244600.0,20000,36,home_improvement,1,1,1,1,1,1
CUST100793,27,female,salaried,3.4,120900,667,2,38,2,0,2,15200.0,0.219,0.152,438300.0,149000.0,114800,36,home_improvement,1,1,1,1,1,1
CUST100794,33,male,contract,13.1,37500,746,2,31,1,0,1,3900.0,0.198,0.195,115100.0,45600.0,163500,48,vehicle,1,1,1,1,1,1
CUST100795,38,male,contract,5.6,32200,773,4,55,1,0,4,2600.0,0.29,0.229,132800.0,87700.0,171800,36,education,1,1,1,1,1,1
CUST100796,58,female,salaried,7.2,107200,700,2,37,1,0,0,31100.0,0.336,0.363,715900.0,517000.0,377500,48,home_improvement,1,1,1,1,1,1
CUST100797,45,male,self_employed,6.0,35800,680,3,70,2,0,1,6600.0,0.508,0.196,170000.0,97600.0,20000,48,education,1,1,1,1,1,0
CUST100798,48,female,business,3.6,77000,701,3,42,6,0,1,6800.0,0.594,0.224,222400.0,170500.0,376600,36,business,1,1,1,1,0,1
CUST100799,52,female,self_employed,9.1,38600,717,1,21,0,0,2,15000.0,0.292,0.496,59700.0,16800.0,198100,48,home,1,1,1,1,0,0
CUST100800,48,female,salaried,5.6,67600,701,5,46,4,0,1,19100.0,0.235,0.514,444400.0,150900.0,375500,24,home,1,1,1,1,1,1
CUST100801,60,male,self_employed,6.9,33700,676,3,35,4,0,1,0.0,0.373,0.131,95100.0,71800.0,212500,48,vehicle,1,1,1,1,1,0
CUST100802,30,male,salaried,4.5,55300,715,4,50,2,0,1,8400.0,0.239,0.213,219400.0,76500.0,122400,36,home_improvement,1,1,1,1,1,1
CUST100803,49,male,contract,8.0,126300,710,2,42,0,0,1,34100.0,0.575,0.465,403600.0,207000.0,886300,36,home,1,1,1,1,0,1
CUST100804,32,female,salaried,7.4,89200,683,3,36,0,0,1,33400.0,0.2,0.514,686800.0,558900.0,446600,36,education,1,1,1,1,0,1
CUST100805,46,female,self_employed,4.8,25600,592,3,60,9,0,0,4700.0,0.211,0.546,63100.0,15000.0,167000,18,consumer,1,1,1,1,0,0
CUST100806,38,female,self_employed,6.6,41200,711,3,53,1,0,3,1600.0,0.666,0.221,286200.0,250300.0,270000,36,personal,1,1,1,1,0,0
CUST100807,62,male,salaried,2.2,54200,647,7,88,10,0,1,10200.0,0.194,0.249,52500.0,14300.0,158200,48,personal,1,1,1,1,1,0
CUST100808,22,female,self_employed,4.3,32800,660,0,0,0,0,0,0.0,0.221,0.059,75800.0,26700.0,92300,48,personal,1,1,1,1,0,0
CUST100809,45,male,salaried,6.5,48300,676,4,48,4,0,0,7700.0,0.295,0.29,208400.0,151600.0,302400,48,vehicle,1,1,1,1,1,1
CUST100810,23,male,business,4.1,44500,732,1,24,0,0,3,15600.0,0.62,0.373,104700.0,75700.0,59700,60,personal,1,1,1,1,1,1
CUST100811,37,female,salaried,5.2,51600,747,2,22,2,0,3,20200.0,0.67,0.439,134100.0,34200.0,177300,72,personal,1,1,1,1,1,0
CUST100812,50,female,salaried,8.0,59200,691,4,93,3,0,0,6100.0,0.449,0.224,109400.0,43300.0,258000,36,home_improvement,1,1,1,1,1,1
CUST100813,31,female,self_employed,6.2,78700,720,4,92,4,0,2,18300.0,0.194,0.335,204300.0,174400.0,291500,36,vehicle,1,1,1,1,0,1
CUST100814,35,male,business,14.2,82300,732,1,9,1,0,1,19500.0,0.168,0.403,459900.0,367200.0,328400,24,home,1,0,1,1,1,1
CUST100815,51,female,salaried,14.8,54300,630,3,56,7,0,2,21400.0,0.403,0.513,156400.0,44900.0,116600,18,education,1,1,1,1,0,0
CUST100816,53,female,salaried,17.2,46300,747,2,21,1,0,1,10000.0,0.333,0.284,204800.0,115200.0,114200,36,home,1,1,1,1,1,1
CUST100817,50,male,salaried,8.4,76200,750,2,24,0,0,1,18100.0,0.169,0.258,224800.0,81600.0,92900,60,vehicle,1,1,1,1,0,1
CUST100818,24,male,salaried,13.5,79000,709,1,12,1,0,2,13900.0,0.788,0.279,319600.0,64200.0,291700,36,personal,1,1,1,1,1,1
CUST100819,36,male,salaried,10.5,36300,721,1,18,1,0,0,6500.0,0.149,0.306,125200.0,80700.0,110600,24,business,1,1,1,1,0,1
CUST100820,54,male,contract,5.7,71300,626,2,25,1,0,3,21100.0,0.471,0.48,363900.0,185800.0,471300,36,education,1,1,1,1,1,0
CUST100821,59,male,salaried,11.0,73500,657,4,68,4,0,3,11900.0,0.279,0.392,438700.0,164700.0,304100,18,personal,1,1,1,1,1,0
CUST100822,30,male,contract,6.7,54000,617,2,34,2,0,4,18500.0,0.49,0.452,215800.0,,213300,36,vehicle,1,1,1,1,1,0
CUST100823,38,female,self_employed,11.5,66000,759,4,79,1,0,2,12500.0,0.387,0.806,380000.0,235600.0,488200,12,home,1,1,1,1,0,1
CUST100824,60,female,salaried,19.3,83700,776,1,17,1,0,2,16900.0,0.168,0.315,104100.0,69800.0,228000,24,business,1,1,1,1,1,1
CUST100825,26,male,salaried,5.5,93600,764,3,29,1,0,1,23200.0,0.12,0.294,437700.0,297900.0,153800,36,business,1,1,1,1,1,1
CUST100826,61,male,salaried,3.5,41300,676,4,58,6,0,1,10900.0,0.144,0.447,197600.0,83100.0,272700,36,home,1,1,1,1,0,0
CUST100827,37,female,salaried,9.2,73200,706,2,42,0,0,3,24400.0,0.616,0.528,253700.0,143700.0,342500,24,vehicle,1,1,1,1,1,0
CUST100828,52,male,salaried,9.5,40100,717,3,59,1,0,0,8100.0,0.322,0.429,227400.0,163200.0,218700,24,home,1,1,1,1,0,1
CUST100829,40,female,contract,7.7,36900,698,2,37,5,0,3,800.0,0.577,0.098,106500.0,67800.0,50600,18,vehicle,1,1,1,1,1,0
CUST100830,38,female,salaried,2.9,52700,639,3,66,6,1,1,17300.0,0.215,0.466,269500.0,101600.0,260700,36,education,1,1,0,1,0,0
CUST100831,37,female,business,11.2,154000,776,3,45,0,0,1,15800.0,0.421,0.479,253900.0,168800.0,347700,6,personal,1,1,1,1,0,1
CUST100832,22,male,salaried,3.8,47800,638,2,31,1,0,1,9000.0,0.329,1.171,165100.0,125900.0,281800,6,personal,1,1,1,0,0,0
CUST100833,61,male,salaried,4.2,43200,653,2,33,3,0,0,0.0,0.191,0.02,74200.0,63700.0,43400,72,vehicle,1,1,1,1,1,0
CUST100834,55,male,business,11.3,49000,681,2,38,2,0,0,8200.0,0.181,0.452,216800.0,178500.0,334900,24,vehicle,1,1,1,1,1,1
CUST100835,62,female,salaried,2.2,25600,725,8,120,0,0,1,7800.0,0.081,0.42,163900.0,54700.0,141200,48,home_improvement,0,1,1,1,0,0
CUST100836,46,male,salaried,8.6,66800,786,1,12,0,0,0,14800.0,0.048,0.467,326300.0,65400.0,393900,24,personal,1,1,1,1,0,1
CUST100837,64,male,business,9.1,66200,628,6,126,18,1,0,13700.0,0.395,0.327,227500.0,84800.0,286200,36,vehicle,1,1,0,1,0,0
CUST100838,24,male,contract,19.7,76700,741,1,18,1,0,4,25200.0,0.407,0.509,79000.0,40900.0,497200,36,consumer,1,1,0,1,1,1
CUST100839,37,female,salaried,5.5,59300,651,2,29,3,0,0,13300.0,0.201,0.302,335200.0,70300.0,333700,72,business,1,1,1,1,1,0
CUST100840,46,male,self_employed,5.8,39100,695,5,77,3,1,2,5000.0,0.201,0.165,41100.0,17000.0,87900,60,personal,1,1,1,1,1,0
CUST100841,42,male,self_employed,7.4,54600,651,1,14,0,0,0,17300.0,0.487,0.462,158700.0,137100.0,285300,36,personal,1,1,1,1,1,0
CUST100842,21,female,business,6.8,26900,663,3,58,5,0,1,6600.0,0.445,0.304,51000.0,25400.0,56800,36,personal,1,1,1,1,1,0
CUST100843,25,female,business,6.2,54100,728,2,45,1,0,2,16700.0,0.446,0.405,306700.0,219200.0,251100,48,personal,1,1,1,1,1,1
CUST100844,41,female,business,4.8,56400,643,1,11,1,0,2,14200.0,0.471,0.406,86900.0,55600.0,208700,24,education,1,1,1,1,0,0
CUST100845,58,male,salaried,7.6,79300,628,2,39,7,0,2,1200.0,0.139,0.139,46300.0,37700.0,177300,18,personal,1,0,1,1,0,0
CUST100846,48,female,salaried,8.2,54100,702,1,16,0,0,2,7600.0,0.308,0.278,346700.0,85900.0,134000,18,home,1,1,1,1,0,0
CUST100847,33,female,business,3.6,49600,669,2,20,4,0,1,17100.0,0.233,0.403,205600.0,149600.0,103600,36,education,1,1,1,1,0,0
CUST100848,57,female,salaried,4.5,62300,684,6,74,4,0,3,10200.0,0.323,0.275,266400.0,185000.0,83000,12,consumer,1,1,1,1,1,0
CUST100849,61,female,business,3.9,105200,692,3,54,0,0,0,13100.0,0.52,0.162,425600.0,342000.0,188100,48,education,1,1,1,1,1,1
CUST100850,34,male,salaried,3.6,92500,713,3,49,2,0,3,19400.0,0.4,0.476,160800.0,74800.0,591000,24,personal,1,1,1,1,0,0
CUST100851,62,female,self_employed,6.0,39600,740,3,46,2,1,2,4700.0,0.418,0.227,107000.0,81200.0,205100,48,medical,1,1,1,1,1,0
CUST100852,31,male,business,11.0,66400,679,4,89,7,0,0,20100.0,0.337,0.374,348300.0,141700.0,114300,24,personal,1,1,1,1,1,1
CUST100853,46,male,business,14.2,90600,767,5,97,3,0,2,3300.0,0.288,0.084,598300.0,514200.0,207400,48,home_improvement,1,1,1,1,0,1
CUST100854,35,female,salaried,11.7,52800,677,2,34,2,0,1,14800.0,0.277,0.348,230500.0,175300.0,129500,36,medical,1,1,1,1,0,1
CUST100855,53,female,salaried,7.2,32400,728,4,76,4,1,1,8100.0,0.149,0.429,87600.0,61900.0,208700,36,personal,1,1,1,1,1,0
CUST100856,23,male,salaried,12.9,29700,623,4,71,9,1,2,900.0,0.364,0.177,97400.0,25700.0,157200,36,home,1,1,1,1,0,0
CUST100857,23,male,salaried,5.8,86900,642,6,134,10,0,0,6500.0,0.178,0.223,425300.0,366700.0,462200,36,education,1,1,1,1,0,1
CUST100858,62,male,salaried,6.4,78800,710,4,68,4,0,2,17900.0,0.165,0.362,356300.0,295400.0,511400,48,home,1,1,0,1,0,1
CUST100859,28,female,salaried,5.6,129800,663,2,34,4,0,1,22100.0,0.267,0.538,685900.0,182500.0,858500,18,personal,1,1,1,1,0,0
CUST100860,60,male,business,8.3,39200,730,3,39,3,0,2,12300.0,0.457,0.397,156600.0,100400.0,117700,36,personal,1,1,1,1,1,1
CUST100861,51,female,salaried,6.1,67400,690,4,89,7,0,3,11600.0,0.242,0.403,185300.0,43600.0,373700,24,home,1,1,1,0,1,0
CUST100862,48,female,salaried,6.8,55400,650,4,60,4,0,4,3100.0,0.354,0.088,27300.0,24200.0,64800,36,personal,1,1,1,1,0,0
CUST100863,53,female,salaried,8.1,59500,740,1,15,1,0,1,17500.0,0.655,0.331,256800.0,187300.0,159700,72,consumer,1,1,1,0,1,1
CUST100864,24,male,salaried,2.8,171500,708,3,46,2,0,2,62600.0,0.472,0.454,225700.0,162800.0,547900,36,home_improvement,1,1,1,1,1,1
CUST100865,23,male,salaried,5.0,104000,735,1,17,0,0,1,27600.0,0.418,0.31,502500.0,243200.0,167800,36,personal,1,1,1,1,0,1
CUST100866,24,male,self_employed,7.5,58500,653,5,67,3,0,1,12400.0,0.342,0.561,123000.0,78100.0,367600,18,home_improvement,1,1,1,1,1,0
CUST100867,21,female,contract,5.7,78800,651,2,20,2,0,3,8800.0,0.444,0.345,229700.0,114200.0,330700,18,home,1,1,1,1,0,0
CUST100868,62,male,self_employed,8.4,119100,707,3,58,2,0,2,32800.0,0.377,0.508,343000.0,125800.0,332500,12,medical,1,1,1,1,1,1
CUST100869,41,female,salaried,11.9,107900,728,3,66,3,0,1,11400.0,0.116,0.216,454800.0,400200.0,428100,36,education,1,1,1,1,1,1
CUST100870,26,male,salaried,7.5,42900,684,3,32,1,0,1,14600.0,0.399,0.487,218400.0,134700.0,226400,36,personal,1,1,1,0,1,0
CUST100871,35,male,salaried,11.0,52200,740,3,52,2,0,2,1300.0,0.525,0.129,226600.0,106700.0,195900,36,personal,1,1,1,1,0,1
CUST100872,27,male,contract,9.7,52600,741,3,58,2,0,1,3000.0,0.162,0.184,168200.0,105600.0,240700,36,business,1,1,1,1,1,1
CUST100873,61,female,business,10.4,70600,658,2,20,0,0,0,11900.0,0.301,0.24,404600.0,193000.0,182300,36,vehicle,1,1,1,1,0,1
CUST100874,56,male,business,3.7,52900,693,5,78,2,0,3,12100.0,0.506,0.338,151800.0,86100.0,348100,60,personal,1,1,1,1,1,0
CUST100875,21,male,business,2.9,76500,722,0,0,0,0,1,20800.0,0.296,0.389,469400.0,245800.0,214800,24,medical,1,1,1,1,1,1
CUST100876,34,male,business,9.6,70000,743,5,59,1,0,4,10900.0,0.565,0.258,75200.0,27200.0,342200,48,home_improvement,1,1,1,1,1,1
CUST100877,50,female,business,3.9,66500,666,4,60,4,0,3,7500.0,0.164,0.195,206900.0,81400.0,197200,36,personal,1,1,1,1,0,0
CUST100878,39,male,salaried,9.2,94800,747,5,78,2,0,1,17200.0,0.623,0.246,523300.0,385600.0,367400,60,consumer,1,1,1,1,1,1
CUST100879,31,female,business,4.6,50300,647,2,26,4,0,1,900.0,0.119,0.175,112100.0,65400.0,285200,36,home,1,1,1,1,0,0
CUST100880,39,male,contract,16.5,53600,754,1,17,1,0,1,8500.0,0.225,0.235,217500.0,117200.0,197000,48,personal,1,1,1,1,1,1
CUST100881,40,female,self_employed,5.1,79400,665,0,0,0,0,3,6700.0,0.548,0.257,485700.0,164500.0,493700,36,consumer,1,1,1,1,1,0
CUST100882,52,male,salaried,16.8,61700,724,1,21,1,0,1,6700.0,0.236,0.211,377800.0,89400.0,227600,36,personal,1,1,1,1,0,1
CUST100883,45,female,salaried,3.9,92000,667,3,61,8,0,1,17000.0,0.565,0.401,286800.0,87500.0,476800,24,consumer,1,1,1,1,1,0
CUST100884,42,male,salaried,5.3,291000,745,1,18,0,0,1,92100.0,0.293,0.626,1349800.0,679500.0,1082300,12,vehicle,1,1,1,1,0,1
CUST100885,48,female,salaried,7.2,33300,634,2,36,4,0,0,4700.0,0.369,0.309,42400.0,16500.0,134000,24,business,1,1,1,1,1,0
CUST100886,57,male,self_employed,11.0,63000,744,2,30,2,0,4,12900.0,0.74,0.332,26700.0,11200.0,385100,48,consumer,1,1,1,1,1,1
CUST100887,25,male,contract,5.8,65400,646,3,44,4,0,2,19100.0,0.193,0.326,141500.0,80700.0,133900,60,education,1,1,1,1,1,1
CUST100888,43,female,salaried,4.7,59100,649,4,60,8,0,0,22100.0,0.241,0.493,157300.0,61400.0,421100,60,home_improvement,1,1,1,1,1,0
CUST100889,55,male,business,5.6,118800,699,1,9,2,0,2,19500.0,0.401,0.267,333700.0,220100.0,733600,60,education,1,1,1,1,1,1
CUST100890,34,female,business,8.5,77300,752,2,24,0,0,2,24200.0,0.961,0.452,263200.0,96900.0,385300,36,consumer,0,1,1,1,0,1
CUST100891,60,male,contract,6.1,75500,724,4,58,2,0,2,23100.0,0.62,0.568,299900.0,252500.0,474100,24,home,1,1,1,1,0,0
CUST100892,29,male,salaried,7.1,38200,648,4,87,5,1,1,12600.0,0.321,0.81,269600.0,157200.0,219900,12,medical,1,1,1,1,1,0
CUST100893,22,female,salaried,14.1,43500,794,1,12,0,0,0,5300.0,0.068,0.578,118800.0,72900.0,237900,12,personal,1,1,1,1,0,1
CUST100894,54,male,self_employed,8.5,33000,689,3,64,5,1,1,7100.0,0.365,0.563,213300.0,50800.0,137800,12,medical,1,1,1,1,0,0
CUST100895,55,male,salaried,9.1,39400,748,1,16,0,0,0,5500.0,0.086,0.288,57100.0,13700.0,35000,6,home_improvement,1,0,1,1,1,1
CUST100896,30,male,business,0.6,46500,747,2,36,0,0,4,10200.0,0.379,0.346,314900.0,114500.0,211800,36,medical,1,1,1,1,0,0
CUST100897,65,female,salaried,7.0,70100,697,0,0,0,0,0,11100.0,0.34,0.334,156500.0,82700.0,221900,18,consumer,1,1,1,1,0,1
CUST100898,48,male,self_employed,14.3,44200,667,2,19,1,0,3,0.0,0.272,0.542,257000.0,230700.0,287400,12,business,1,1,1,1,1,0
CUST100899,22,male,salaried,11.0,77400,648,2,20,0,0,2,6100.0,0.391,0.152,220800.0,62100.0,204700,36,home,1,1,1,1,1,0
CUST100900,48,female,salaried,4.9,46500,579,3,33,6,0,4,10900.0,0.529,0.253,228600.0,53900.0,30400,36,business,1,1,1,1,1,0
CUST100901,36,female,contract,17.9,27300,813,2,23,1,0,3,3600.0,0.488,0.201,163600.0,114800.0,45600,24,personal,1,1,1,1,0,1
CUST100902,64,male,business,5.0,48800,612,1,17,0,0,1,3300.0,0.091,1.156,235200.0,57200.0,318600,6,education,1,1,1,1,1,0
CUST100903,33,male,salaried,8.6,158300,763,4,81,3,0,0,12400.0,0.5,0.531,728900.0,364900.0,430000,6,home,1,1,1,1,0,1
CUST100904,25,female,salaried,6.5,45700,696,3,69,3,0,0,12800.0,0.306,0.327,305300.0,190200.0,76700,36,personal,1,1,1,1,0,1
CUST100905,60,female,salaried,4.5,39000,665,3,59,1,0,1,8000.0,0.14,0.383,76100.0,22300.0,250200,36,home,1,1,1,1,1,0
CUST100906,30,female,salaried,6.7,65500,621,1,13,1,0,2,900.0,0.553,0.212,247600.0,50500.0,467900,36,vehicle,1,1,1,1,1,0
CUST100907,35,male,business,7.3,60400,709,1,22,0,0,2,15400.0,0.135,0.374,180600.0,48700.0,259200,36,vehicle,1,1,0,1,1,1
CUST100908,50,male,salaried,5.3,28800,725,2,34,0,0,4,0.0,0.375,0.179,144500.0,82700.0,123400,24,personal,1,1,1,1,1,0
CUST100909,35,female,salaried,1.1,54000,561,2,39,7,0,2,1400.0,0.2,0.201,391700.0,86300.0,340300,36,personal,1,1,1,1,0,0
CUST100910,35,female,contract,3.5,82900,722,3,46,2,0,1,20100.0,0.18,0.363,250400.0,162700.0,360200,36,personal,1,1,1,1,1,1
CUST100911,43,female,salaried,9.9,45100,644,1,14,3,0,1,17400.0,0.256,0.411,53200.0,17200.0,68100,60,home,1,1,1,1,1,0
CUST100912,26,male,salaried,2.3,44100,702,3,38,1,0,2,13300.0,0.668,0.54,247700.0,208300.0,189000,18,business,1,1,1,1,0,0
CUST100913,45,male,salaried,7.3,64200,678,2,32,2,0,0,5600.0,0.474,0.174,142900.0,63500.0,399300,72,personal,1,1,1,1,0,1
CUST100914,61,female,salaried,8.8,36000,744,1,18,0,0,3,800.0,0.541,0.107,140000.0,71200.0,219800,72,vehicle,1,1,0,1,1,0
CUST100915,65,female,self_employed,5.9,44200,757,4,47,1,0,1,8800.0,0.546,0.303,200600.0,106900.0,164800,36,home,1,1,1,1,0,1
CUST100916,53,female,self_employed,8.7,45600,769,1,22,2,0,1,6200.0,0.381,0.209,125900.0,100000.0,119800,36,home,1,1,1,1,1,1
CUST100917,47,male,salaried,4.8,74700,700,2,35,1,0,2,13300.0,0.288,0.398,108600.0,94000.0,296300,18,personal,1,0,1,1,0,1
CUST100918,31,female,salaried,2.6,69600,685,0,0,0,0,1,10900.0,0.647,0.226,317500.0,201600.0,174100,36,personal,1,1,1,1,1,0
CUST100919,60,male,salaried,5.4,73400,688,3,44,4,0,1,11100.0,0.481,0.479,274300.0,168500.0,144400,6,business,1,1,1,0,1,0
CUST100920,25,male,business,6.7,59000,620,1,12,1,0,0,5300.0,0.593,0.184,313700.0,173600.0,200900,36,medical,1,1,1,1,1,0
CUST100921,52,male,salaried,17.3,57500,762,3,49,2,0,1,13200.0,0.187,0.314,38800.0,26200.0,291100,60,vehicle,1,1,1,1,1,1
CUST100922,58,female,business,22.9,51500,644,2,19,3,0,1,4600.0,0.298,0.123,80800.0,37300.0,82500,48,home_improvement,1,1,1,1,0,1
CUST100923,41,male,contract,2.8,108000,679,1,16,1,0,2,33200.0,0.331,0.382,551300.0,438800.0,483600,60,vehicle,1,1,1,1,1,1
CUST100924,46,male,salaried,5.4,46500,659,6,71,7,0,1,20900.0,0.169,0.522,149600.0,52700.0,122000,36,personal,1,1,1,1,0,0
CUST100925,57,male,salaried,1.7,128900,664,3,63,6,0,2,30300.0,0.355,0.403,255900.0,71600.0,518500,24,vehicle,1,1,1,1,0,0
CUST100926,62,male,business,21.1,59100,844,5,70,0,0,3,13500.0,0.195,0.453,144500.0,97300.0,239400,18,home_improvement,1,1,1,1,1,1
CUST100927,22,female,salaried,6.3,147400,683,5,64,6,0,0,51100.0,0.165,0.603,89300.0,52000.0,908000,24,vehicle,1,1,1,1,1,1
CUST100928,44,female,self_employed,7.1,131700,849,1,17,0,0,1,8400.0,0.207,0.13,851200.0,266000.0,312000,36,personal,1,1,1,1,1,1
CUST100929,39,female,salaried,3.8,73400,666,4,36,4,0,2,15100.0,0.37,0.295,150200.0,58500.0,235300,36,vehicle,1,1,1,1,1,1
CUST100930,31,female,salaried,7.8,41800,731,3,41,1,0,2,9800.0,0.447,0.781,109300.0,52800.0,274300,12,vehicle,1,1,1,1,0,0
CUST100931,59,male,self_employed,1.8,80900,653,1,22,2,1,0,26000.0,0.062,0.421,159300.0,53100.0,482300,60,business,1,1,1,1,1,0
CUST100932,27,male,salaried,19.5,91600,748,3,28,2,0,2,17400.0,0.731,1.301,568800.0,503600.0,610700,6,medical,1,1,1,1,0,1
CUST100933,36,male,salaried,2.6,66200,648,2,19,1,0,1,10700.0,0.098,1.005,382400.0,334700.0,335000,6,education,1,1,1,1,0,0
CUST100934,39,female,business,7.6,44500,647,4,67,5,0,2,7600.0,0.569,0.319,62400.0,35500.0,158400,24,home,1,1,1,1,0,0
CUST100935,31,male,salaried,7.1,87600,684,0,0,0,0,2,18000.0,0.73,0.282,311100.0,183700.0,161000,24,home,1,1,1,1,1,0
CUST100936,51,male,salaried,7.7,29800,778,5,60,0,0,3,9400.0,0.22,0.421,200800.0,135600.0,112900,36,education,1,1,1,1,0,1
CUST100937,49,male,self_employed,19.6,132100,697,4,80,4,0,0,10300.0,0.125,0.174,790500.0,693700.0,762600,60,consumer,1,1,1,1,0,1
CUST100938,21,female,salaried,12.3,70400,812,5,48,2,0,1,18300.0,0.594,0.454,182800.0,63000.0,327700,24,home,1,1,1,1,1,1
CUST100939,28,male,self_employed,6.7,123900,689,1,19,3,0,1,38900.0,0.285,0.427,861500.0,758400.0,673700,48,personal,1,1,0,1,1,0
CUST100940,38,male,contract,4.5,96300,626,3,52,8,0,2,34100.0,0.358,0.493,415700.0,268400.0,319900,24,home_improvement,1,1,1,1,0,0
CUST100941,60,male,contract,12.7,71500,722,0,0,0,0,0,19300.0,0.538,0.373,335100.0,275400.0,529200,72,personal,1,1,1,1,1,1
CUST100942,39,male,salaried,2.6,25200,669,4,66,6,0,2,8700.0,0.439,0.532,178800.0,93300.0,112900,24,personal,1,1,1,1,1,0
CUST100943,40,male,self_employed,12.6,63200,734,3,43,2,0,0,6900.0,0.229,0.2,233600.0,94600.0,103700,18,personal,1,1,1,1,0,1
CUST100944,51,male,self_employed,6.5,41400,719,3,60,3,0,2,10500.0,0.511,0.897,280000.0,116800.0,159700,6,education,1,1,1,1,1,0
CUST100945,56,female,salaried,8.9,42800,688,2,23,3,0,1,8500.0,0.192,0.27,131400.0,29500.0,110500,36,education,1,1,0,1,1,1
CUST100946,29,female,self_employed,7.2,93400,783,3,30,0,0,0,16300.0,0.29,0.28,550900.0,438900.0,473600,48,home_improvement,1,1,1,1,1,1
CUST100947,51,male,salaried,17.2,50700,793,4,48,0,0,2,4200.0,0.266,0.847,36600.0,20600.0,232600,6,personal,1,1,1,1,1,1
CUST100948,60,female,salaried,8.0,86300,702,5,105,5,0,1,14000.0,0.523,0.263,421800.0,271800.0,314100,36,home,1,1,1,1,1,1
CUST100949,61,male,contract,14.0,57600,656,2,37,1,0,1,0.0,0.159,0.132,340100.0,208000.0,181900,24,education,1,1,1,1,1,1
CUST100950,35,male,business,5.5,49200,694,4,62,6,0,0,9200.0,0.131,1.457,167800.0,77400.0,375000,6,business,1,1,1,1,1,0
CUST100951,55,female,contract,7.5,26100,719,1,17,1,0,1,11400.0,0.107,0.517,38500.0,14700.0,125900,60,medical,1,1,1,1,1,1
CUST100952,58,female,business,8.5,44700,749,6,134,4,0,4,13700.0,0.22,0.489,141100.0,69400.0,293800,36,home,1,1,1,1,1,1
CUST100953,27,male,self_employed,5.4,56000,666,4,85,11,0,2,13800.0,0.543,0.475,302000.0,90200.0,307100,24,home,1,0,1,1,1,0
CUST100954,58,male,salaried,4.7,90200,719,7,162,6,0,2,11300.0,0.387,0.509,425000.0,150000.0,415600,12,home,1,1,1,1,0,1
CUST100955,62,male,self_employed,2.2,62900,613,3,58,8,0,3,11500.0,0.443,0.289,241000.0,130400.0,400000,60,personal,1,1,1,0,1,0
CUST100956,60,male,business,2.7,90300,718,5,50,0,0,1,14300.0,0.296,0.21,621000.0,443400.0,277600,60,personal,1,1,1,1,1,1
CUST100957,60,female,contract,4.2,116500,719,0,0,0,0,2,34200.0,0.24,0.386,500100.0,423000.0,517200,48,business,1,1,1,1,0,1
CUST100958,32,male,salaried,15.7,67400,705,10,189,11,0,2,26300.0,0.446,0.598,332100.0,134000.0,252500,18,home,1,1,1,1,1,1
CUST100959,43,female,salaried,9.9,70600,679,3,54,3,0,0,19700.0,0.244,0.382,38300.0,16400.0,437500,60,home_improvement,1,1,1,1,1,1
CUST100960,58,male,self_employed,5.8,30700,713,5,117,3,0,0,4100.0,0.204,0.275,10200.0,8400.0,259700,60,personal,1,1,1,1,0,1
CUST100961,24,male,self_employed,1.3,63300,664,2,43,5,0,0,3700.0,0.072,0.213,316500.0,266800.0,351600,36,home,1,1,1,1,0,1
CUST100962,31,female,salaried,3.3,71500,714,4,49,3,0,1,16500.0,0.203,0.466,332600.0,241600.0,402800,24,home_improvement,1,1,1,1,1,0
CUST100963,30,female,salaried,5.4,42200,708,3,33,3,0,1,12600.0,0.123,0.686,227000.0,116600.0,294600,18,home_improvement,1,1,1,1,1,1
CUST100964,38,female,business,13.9,55400,681,3,42,3,0,2,5800.0,0.332,0.394,243100.0,117100.0,288300,18,consumer,1,1,1,1,0,1
CUST100965,26,female,contract,6.0,120200,681,3,34,2,0,0,31400.0,0.164,0.394,722600.0,244500.0,763500,48,business,1,1,1,1,0,1
CUST100966,28,male,self_employed,8.2,39000,647,4,68,4,0,1,8800.0,0.237,0.75,131100.0,98700.0,122800,6,consumer,1,1,1,1,1,0
CUST100967,65,female,salaried,6.5,67300,715,3,29,1,0,3,1000.0,0.363,0.41,219200.0,161300.0,319500,12,consumer,1,1,1,1,1,1
CUST100968,42,male,self_employed,18.6,60800,739,4,69,3,0,3,5600.0,0.197,0.127,152100.0,61600.0,103000,48,home_improvement,1,1,1,1,0,1
CUST100969,57,male,salaried,14.0,66200,671,1,12,1,0,2,3900.0,0.5,0.226,387200.0,306600.0,397700,36,vehicle,1,1,1,1,1,1
CUST100970,24,male,salaried,6.9,89900,715,4,65,3,0,0,12900.0,0.217,0.169,436200.0,285800.0,82600,36,consumer,1,1,1,1,0,1
CUST100971,23,male,contract,5.6,159600,714,2,37,1,0,1,22900.0,0.207,0.201,802700.0,202200.0,440900,48,medical,1,1,1,1,0,1
CUST100972,64,male,salaried,18.6,52800,679,2,25,1,0,1,7900.0,0.248,0.206,141600.0,29800.0,143100,48,home,1,1,1,1,0,1
CUST100973,64,male,business,9.2,76000,722,4,63,1,0,0,12300.0,0.238,0.307,238800.0,154700.0,264700,24,home,1,1,1,1,0,1
CUST100974,21,male,self_employed,4.4,90900,698,3,66,3,0,0,11400.0,0.318,0.845,218100.0,157500.0,392200,6,vehicle,1,1,0,1,0,0
CUST100975,31,female,self_employed,16.0,32700,679,2,33,1,0,2,9200.0,0.293,0.33,97800.0,85700.0,57200,36,business,1,1,1,1,0,0
CUST100976,43,female,salaried,5.9,34300,743,2,43,1,0,4,0.0,0.241,0.097,108600.0,88900.0,239700,72,home,1,0,1,1,1,0
CUST100977,49,male,self_employed,5.5,48700,615,3,56,7,0,2,15900.0,0.62,0.37,120800.0,108300.0,76700,36,business,1,1,1,1,0,0
CUST100978,58,female,salaried,12.5,72300,751,3,61,5,0,1,10000.0,0.518,0.155,208300.0,90700.0,42400,36,home_improvement,1,1,1,1,1,1
CUST100979,21,female,contract,9.1,134800,668,3,32,4,0,2,18900.0,0.543,0.516,755000.0,265100.0,911700,18,vehicle,1,1,1,1,1,1
CUST100980,26,male,self_employed,13.8,64300,676,2,31,1,0,2,21500.0,0.501,0.437,352000.0,159100.0,236700,36,personal,1,1,1,1,1,1
CUST100981,21,female,salaried,2.7,78100,679,4,49,3,0,1,24200.0,0.351,0.437,353600.0,300900.0,238500,24,business,1,1,1,1,0,0
CUST100982,47,female,salaried,12.6,90000,761,4,59,1,0,2,36000.0,0.395,0.497,186600.0,164400.0,315300,36,home,1,1,1,1,1,1
CUST100983,45,male,self_employed,9.5,40900,674,2,42,6,0,2,6800.0,0.278,0.276,226500.0,166300.0,269500,60,consumer,1,1,1,1,1,1
CUST100984,44,male,salaried,7.2,85600,775,2,22,2,0,1,24600.0,0.255,0.509,398900.0,132900.0,454600,24,business,1,1,1,1,0,1
CUST100985,30,female,salaried,3.0,55100,659,6,111,9,0,1,4300.0,0.738,0.207,148100.0,112100.0,341300,48,vehicle,1,1,1,1,0,0
CUST100986,55,female,business,0.7,48000,643,1,14,0,0,3,14300.0,0.194,0.373,59600.0,39100.0,130400,36,personal,1,1,1,1,1,0
CUST100987,62,male,salaried,16.5,106500,724,2,32,0,0,1,39900.0,0.526,0.584,649000.0,164500.0,267700,12,home_improvement,1,1,1,1,1,1
CUST100988,52,female,salaried,15.8,113900,779,3,66,0,0,0,38600.0,0.081,0.516,708500.0,545500.0,241700,12,business,1,1,1,1,1,1
CUST100989,65,male,salaried,1.8,78400,654,2,40,2,0,1,3300.0,0.657,0.146,190600.0,48100.0,195800,24,business,1,1,1,1,0,0
CUST100990,58,male,salaried,3.6,58100,713,0,0,0,0,2,16200.0,0.209,0.394,259300.0,132100.0,402400,60,personal,1,1,1,1,1,0
CUST100991,24,female,salaried,6.5,90300,596,3,50,7,1,3,12700.0,0.169,0.372,32100.0,8800.0,251100,12,personal,1,1,1,1,0,0
CUST100992,56,male,salaried,12.8,53800,740,1,13,0,0,1,10900.0,0.764,0.399,60200.0,12100.0,253900,24,vehicle,1,1,1,1,1,1
CUST100993,48,female,contract,24.2,84600,752,1,15,0,0,3,23400.0,0.273,0.557,297700.0,130100.0,570200,24,personal,1,1,1,1,0,1
CUST100994,47,male,salaried,4.4,48000,644,1,14,1,0,3,8800.0,0.219,1.02,138400.0,118900.0,241000,6,medical,1,1,1,1,0,0
CUST100995,30,male,self_employed,4.6,75300,661,2,38,4,0,0,2500.0,0.171,0.276,492500.0,391100.0,438600,24,personal,1,1,1,1,1,1
CUST100996,36,male,salaried,8.4,52400,706,1,16,0,0,0,11100.0,0.108,0.341,189000.0,143000.0,406800,60,home,1,0,1,1,0,1
CUST100997,37,male,salaried,9.0,62100,713,1,16,1,0,1,20900.0,0.305,0.689,302900.0,105300.0,262700,12,vehicle,1,1,1,1,0,1
CUST100998,25,female,salaried,2.2,32700,613,3,50,7,0,1,10900.0,0.305,0.529,67700.0,36100.0,230800,36,home,1,1,1,1,0,0
CUST100999,36,female,business,2.6,80400,739,2,21,1,0,1,15300.0,0.169,0.282,377600.0,273700.0,352200,48,business,1,1,1,1,1,1
CUST101000,28,female,business,3.6,71200,667,3,60,9,0,1,12400.0,0.367,0.27,76800.0,33100.0,328600,48,consumer,1,1,1,0,0,0
CUST101001,41,female,salaried,6.5,78400,605,5,89,16,1,1,10100.0,0.314,0.285,312400.0,112300.0,293900,24,consumer,1,1,1,1,0,0
CUST101002,60,female,business,5.2,95300,733,3,67,2,0,1,34800.0,0.671,0.52,310200.0,120900.0,353500,24,personal,1,1,0,1,1,1
CUST101003,54,male,business,7.9,50700,648,3,47,4,0,2,9500.0,0.944,0.301,344100.0,224000.0,346000,60,business,1,1,1,1,0,0
CUST101004,32,female,business,4.2,62100,689,4,42,6,0,1,17900.0,0.353,0.488,251100.0,120700.0,148700,12,personal,1,1,1,1,1,0
CUST101005,47,male,salaried,1.4,111600,717,1,20,1,0,2,36900.0,0.399,0.418,310100.0,255800.0,350200,36,home,1,1,1,1,0,1
CUST101006,61,female,salaried,2.8,45300,604,2,23,3,0,1,14800.0,0.318,0.401,257600.0,67800.0,161900,48,vehicle,1,1,1,1,0,0
CUST101007,63,male,business,13.6,52300,652,5,76,4,0,2,5800.0,0.114,0.337,254600.0,141600.0,283700,24,personal,1,1,1,1,1,1
CUST101008,34,male,salaried,2.3,46300,750,2,34,2,0,0,3700.0,0.138,0.413,82200.0,34400.0,277500,18,personal,1,1,1,1,0,1
CUST101009,34,male,salaried,4.6,65500,751,1,12,0,0,1,23600.0,0.476,0.552,113100.0,97400.0,226100,18,personal,1,1,1,1,0,1
CUST101010,23,male,salaried,1.0,167600,730,3,34,2,0,1,51300.0,0.546,0.458,145900.0,77700.0,916100,36,consumer,1,1,1,1,0,1
CUST101011,55,female,self_employed,2.3,48600,716,6,57,3,0,2,9400.0,0.358,0.399,26800.0,13400.0,180100,18,business,1,1,1,1,1,0
CUST101012,34,male,salaried,5.8,42200,647,3,52,5,0,1,1100.0,0.197,0.309,49600.0,10500.0,286900,24,home_improvement,1,1,1,1,0,0
CUST101013,37,female,salaried,20.6,50900,646,3,36,3,0,1,17000.0,0.304,0.345,127500.0,110000.0,39000,72,education,1,1,1,1,0,0
CUST101014,38,male,self_employed,8.5,64800,711,0,0,0,0,3,7400.0,0.268,0.17,242300.0,113600.0,174500,48,personal,1,1,1,1,1,1
CUST101015,25,male,salaried,13.6,84000,694,0,0,0,0,2,11700.0,0.499,0.242,488000.0,435400.0,516200,60,personal,1,1,1,1,1,1
CUST101016,25,male,business,1.5,64700,714,1,11,0,0,0,7400.0,0.497,0.203,284400.0,58300.0,274800,48,education,1,1,1,1,0,1
CUST101017,47,male,contract,3.6,50900,697,4,84,8,0,2,5000.0,0.499,0.133,237100.0,86000.0,84300,48,vehicle,1,1,1,1,1,1
CUST101018,40,male,salaried,2.3,54000,642,1,15,0,0,0,9200.0,0.321,0.304,338900.0,183600.0,86400,12,education,1,1,0,1,0,0
CUST101019,35,male,business,11.9,74700,672,0,0,0,0,1,10100.0,0.59,0.177,192200.0,91400.0,151500,48,medical,1,1,1,1,1,0
CUST101020,56,male,business,25.8,31700,781,2,20,0,0,0,9700.0,0.254,0.328,185200.0,74000.0,24800,36,personal,1,1,1,1,0,1
CUST101021,30,male,salaried,19.1,72200,772,6,71,1,0,2,4900.0,0.269,0.174,96600.0,23200.0,274800,36,home,1,1,1,1,0,1
CUST101022,39,male,salaried,3.9,30400,637,4,39,1,0,3,5500.0,0.468,0.544,179000.0,36300.0,198800,18,personal,1,1,1,1,0,0
CUST101023,35,male,salaried,5.2,65500,709,3,32,4,0,2,15400.0,0.649,0.298,284100.0,138700.0,294800,72,vehicle,1,1,1,1,1,0
CUST101024,43,male,contract,7.4,47900,732,0,0,0,0,1,20600.0,0.315,0.636,113800.0,31400.0,354800,36,personal,1,1,1,1,1,1
CUST101025,26,male,business,1.4,32900,610,2,34,2,0,1,2900.0,0.301,0.189,90800.0,42200.0,118900,36,vehicle,1,1,0,1,0,0
CUST101026,65,female,salaried,2.3,64300,541,5,64,11,0,1,22200.0,0.149,0.439,209500.0,50800.0,72200,12,vehicle,1,1,1,1,1,0
CUST101027,34,male,salaried,9.0,169600,672,1,14,0,0,1,47100.0,0.595,0.371,421800.0,341500.0,566800,36,business,1,1,1,1,1,1
CUST101028,30,female,self_employed,9.0,32000,683,2,30,4,0,1,1900.0,0.256,0.272,15900.0,11600.0,163400,24,education,1,1,1,1,1,0
CUST101029,52,male,contract,5.5,103900,655,4,78,6,0,2,21400.0,0.566,0.259,730900.0,172900.0,131400,24,vehicle,1,1,1,1,0,0
CUST101030,45,female,self_employed,10.5,88900,650,3,66,6,0,1,29800.0,0.653,0.653,592300.0,372400.0,509200,18,personal,1,1,1,1,0,0
CUST101031,54,female,salaried,6.4,48200,702,3,55,5,0,3,18100.0,0.302,0.686,63000.0,26000.0,269600,18,consumer,1,1,1,1,1,0
CUST101032,65,female,salaried,3.2,110400,720,6,88,2,0,3,27200.0,0.759,0.273,711000.0,292600.0,105800,36,vehicle,1,1,1,1,0,1
CUST101033,52,male,self_employed,3.7,63400,681,3,48,9,0,0,6700.0,0.14,0.22,361900.0,80400.0,347300,48,personal,1,1,1,1,1,1
CUST101034,43,male,business,6.9,44000,698,5,80,5,0,0,5800.0,0.44,0.249,114400.0,58100.0,185300,36,personal,1,1,1,1,1,1
CUST101035,35,male,salaried,17.4,44500,711,3,54,3,0,1,14300.0,0.62,0.604,180400.0,80100.0,151000,12,home_improvement,1,1,1,0,0,0
CUST101036,47,male,salaried,8.1,48600,729,2,35,1,0,1,14200.0,0.536,0.399,59800.0,36000.0,124700,24,consumer,1,1,1,1,0,1
CUST101037,62,male,self_employed,6.3,72300,666,3,69,3,0,0,28000.0,0.167,0.636,433600.0,165600.0,323900,18,business,1,1,1,1,1,0
CUST101038,45,female,business,8.5,154700,668,1,16,1,0,1,49400.0,0.146,0.561,866300.0,293300.0,897900,24,personal,1,1,1,1,1,1
CUST101039,45,male,salaried,11.0,42300,699,2,42,4,0,2,3300.0,0.689,0.223,115600.0,42900.0,220600,36,business,1,1,1,1,1,0
CUST101040,26,female,business,2.9,57100,602,1,13,1,0,1,12400.0,0.201,0.245,289400.0,244600.0,113800,72,personal,1,1,1,1,1,0
CUST101041,40,male,salaried,3.2,91800,616,3,63,3,0,4,6600.0,0.593,0.165,317600.0,115300.0,306400,36,consumer,1,1,1,0,0,0
CUST101042,53,female,salaried,1.6,77600,734,3,65,1,0,2,19200.0,0.863,0.355,451200.0,260700.0,400300,48,education,1,1,0,1,0,0
CUST101043,57,female,salaried,8.4,78300,733,1,23,0,0,2,15400.0,0.504,0.257,555800.0,316800.0,225800,48,personal,1,1,1,1,1,1
CUST101044,62,male,salaried,9.7,74400,681,6,79,5,0,1,18000.0,0.209,0.335,225100.0,96800.0,248000,36,business,1,1,1,1,0,1
CUST101045,50,female,salaried,3.7,30300,656,1,19,1,0,2,6600.0,0.112,0.313,26700.0,23600.0,104200,36,consumer,1,1,1,1,1,0
CUST101046,62,female,business,10.5,52200,701,2,20,0,0,1,8400.0,0.348,0.207,53000.0,12700.0,173900,72,personal,1,1,1,1,0,1
CUST101047,23,male,self_employed,5.7,77700,672,0,0,0,0,0,29600.0,0.696,0.419,548000.0,334600.0,142000,48,consumer,1,1,1,1,1,0
CUST101048,47,male,salaried,9.6,84400,704,3,47,1,0,2,26900.0,0.529,0.372,232000.0,51600.0,161600,36,personal,1,1,1,1,0,0
CUST101049,32,female,salaried,14.6,46300,743,2,34,0,0,1,13800.0,0.448,0.407,300800.0,198100.0,242800,48,consumer,1,1,1,1,1,1
CUST101050,36,male,self_employed,5.3,25200,689,5,111,4,0,1,2600.0,0.228,0.14,100200.0,55600.0,33100,36,home_improvement,1,1,1,1,1,0
CUST101051,63,female,self_employed,8.1,72500,692,5,97,8,0,2,16500.0,0.251,0.342,376300.0,152000.0,299400,36,home,0,1,1,1,0,1
CUST101052,51,male,salaried,4.1,29500,715,2,29,5,0,2,2700.0,0.356,0.214,0.0,0.0,86800,24,business,1,1,1,0,1,0
CUST101053,40,female,self_employed,9.0,45800,666,6,117,9,0,0,18100.0,0.02,0.459,248200.0,60800.0,70600,24,personal,1,1,1,1,0,0
CUST101054,63,male,salaried,7.4,74100,724,1,22,1,0,1,26100.0,0.378,0.397,225500.0,50300.0,118200,36,vehicle,1,1,1,1,0,1
CUST101055,38,male,business,3.7,23000,630,5,49,6,0,0,1700.0,0.232,0.192,135900.0,90800.0,163600,60,home,1,1,1,1,0,0
CUST101056,65,female,salaried,3.1,72500,709,5,62,3,0,2,25100.0,0.206,0.405,135600.0,66800.0,102100,24,home_improvement,1,1,1,1,1,0
CUST101057,34,male,self_employed,8.9,87300,731,2,27,1,0,3,22000.0,0.535,0.341,351400.0,303100.0,279800,36,personal,1,1,1,1,1,1
CUST101058,33,female,salaried,4.4,23000,594,2,44,4,0,0,5500.0,0.156,0.31,65000.0,23400.0,117700,72,business,1,1,1,1,0,0
CUST101059,49,male,salaried,5.2,45600,658,3,49,8,0,1,5200.0,0.383,0.391,233200.0,77200.0,227200,18,vehicle,1,1,1,1,1,0
CUST101060,63,male,salaried,17.7,51000,722,4,45,3,0,1,1500.0,0.259,0.053,22300.0,7300.0,73400,60,home_improvement,1,1,1,1,1,1
CUST101061,24,female,salaried,1.3,87400,646,2,46,2,0,0,25500.0,0.314,0.462,75800.0,64100.0,178700,12,vehicle,1,1,1,1,1,0
CUST101062,53,female,contract,6.6,49500,731,0,0,0,0,2,0.0,0.205,0.105,40400.0,33200.0,372700,72,vehicle,1,1,1,1,0,0
CUST101063,39,male,contract,11.8,37400,747,5,104,1,0,2,8700.0,0.558,0.306,253400.0,175400.0,131600,48,consumer,1,1,1,0,1,1
CUST101064,60,male,self_employed,22.2,71700,721,4,42,6,0,0,7900.0,0.556,0.136,345600.0,97300.0,67400,36,personal,1,1,1,1,1,1
CUST101065,56,male,salaried,9.4,64300,674,2,37,5,0,0,8700.0,0.463,0.255,43200.0,14300.0,184300,24,consumer,1,1,1,0,1,1
CUST101066,28,male,self_employed,9.7,23900,628,4,77,11,0,1,4300.0,0.093,0.203,77300.0,63500.0,20000,36,personal,0,1,1,1,0,0
CUST101067,51,female,salaried,7.8,77300,752,4,88,4,0,1,10700.0,0.473,0.15,164100.0,54400.0,54900,60,home_improvement,1,1,1,1,1,1
CUST101068,64,female,contract,11.5,46900,673,0,0,0,0,2,8400.0,0.537,0.326,146900.0,49200.0,247200,36,business,1,1,1,1,0,0
CUST101069,27,male,salaried,9.9,82100,688,2,43,1,0,1,30200.0,0.702,0.657,244200.0,164800.0,426800,18,business,1,1,1,1,1,0
CUST101070,54,female,salaried,5.5,56900,670,2,28,2,0,3,13600.0,0.632,0.466,83100.0,23900.0,309500,24,home,1,1,1,1,1,0
CUST101071,25,male,salaried,8.1,21000,666,3,64,5,0,0,5000.0,0.345,0.343,85800.0,39900.0,79500,36,vehicle,1,1,1,1,1,0
CUST101072,28,female,salaried,11.3,73800,683,1,11,1,0,3,31300.0,0.434,0.481,83500.0,27700.0,150700,36,personal,1,1,1,1,0,0
CUST101073,32,male,contract,4.3,117000,643,4,89,7,0,1,36900.0,0.427,0.415,345000.0,71500.0,418700,36,home,0,1,1,1,1,0
CUST101074,45,male,salaried,13.6,41600,691,6,97,5,0,1,0.0,0.52,0.115,45300.0,31800.0,172700,36,consumer,1,1,1,1,1,1
CUST101075,56,male,salaried,4.3,93700,734,0,0,0,0,1,13400.0,0.226,0.27,519900.0,340300.0,428300,36,home,1,1,1,1,1,1
CUST101076,26,male,self_employed,6.8,68100,742,3,68,1,0,0,17800.0,0.129,0.876,341100.0,208200.0,502300,12,personal,1,1,1,1,0,1
CUST101077,22,male,business,8.3,54800,705,2,25,1,0,0,11600.0,0.495,0.35,285100.0,59100.0,91000,12,personal,1,1,1,1,1,1
CUST101078,53,female,salaried,2.5,136800,716,2,21,1,0,2,33900.0,0.179,0.376,422400.0,206100.0,631100,36,personal,1,1,1,1,0,0
CUST101079,35,male,business,7.4,28700,657,1,14,0,0,2,3700.0,0.565,0.26,9500.0,7500.0,181100,48,business,1,1,1,1,1,0
CUST101080,47,female,salaried,4.5,56100,687,2,45,3,0,2,9400.0,0.214,0.236,89400.0,38100.0,139000,36,personal,1,1,1,1,1,0
CUST101081,40,female,business,7.2,43700,672,3,32,1,0,0,6800.0,0.418,0.535,204100.0,131700.0,199200,12,medical,1,1,1,1,1,0
CUST101082,47,male,salaried,12.8,120600,741,6,119,1,0,1,44400.0,0.157,0.436,557700.0,390000.0,295600,36,home_improvement,1,1,1,1,0,1
CUST101083,35,male,salaried,4.2,90400,729,0,0,0,0,0,29500.0,0.038,0.394,351000.0,171100.0,220000,36,education,1,1,1,1,0,1
CUST101084,59,female,self_employed,4.7,34900,701,1,19,1,0,1,11600.0,0.137,0.41,33100.0,22700.0,98000,36,personal,1,1,1,1,1,0
CUST101085,26,male,contract,5.2,37200,672,6,69,3,0,2,6900.0,0.346,0.413,178200.0,63100.0,203000,24,vehicle,1,0,1,1,0,0
CUST101086,55,male,salaried,11.2,40100,652,4,86,6,0,0,5400.0,0.189,0.296,26600.0,15100.0,233300,36,personal,1,1,1,1,1,1
CUST101087,40,male,contract,9.2,129400,758,3,42,0,0,2,25900.0,0.229,0.286,837400.0,536300.0,265900,24,personal,1,1,1,1,0,1
CUST101088,25,male,self_employed,17.1,62900,691,1,15,2,0,0,11100.0,0.369,0.236,308300.0,254200.0,226200,60,consumer,1,1,1,1,1,1
CUST101089,61,male,self_employed,2.7,19300,654,5,105,10,0,3,4100.0,0.76,0.474,34500.0,23000.0,60600,12,personal,1,1,1,1,0,0
CUST101090,55,male,contract,9.9,16200,683,2,24,2,0,1,4300.0,0.177,0.322,33400.0,9800.0,22000,24,consumer,1,1,1,1,1,0
CUST101091,27,female,self_employed,10.9,26700,745,4,93,3,0,1,5800.0,0.39,0.41,166800.0,143200.0,123600,24,vehicle,1,1,1,1,0,1
CUST101092,45,female,salaried,4.9,59100,653,1,18,0,0,1,20100.0,0.345,0.44,388400.0,218200.0,354400,60,consumer,1,1,1,1,1,0
CUST101093,28,male,business,4.3,37500,633,3,26,4,0,1,5600.0,0.364,0.235,22300.0,15600.0,154400,48,home_improvement,1,1,1,1,0,0
CUST101094,29,female,salaried,1.8,80700,661,2,21,3,0,0,12700.0,0.342,0.223,265200.0,233500.0,379500,72,business,1,1,1,1,0,0
CUST101095,34,female,salaried,22.5,46100,718,2,37,1,0,1,18300.0,0.509,1.5,167800.0,87100.0,334000,6,vehicle,1,1,1,1,0,0
CUST101096,36,female,contract,11.7,65400,746,1,20,0,0,0,17300.0,0.3,1.01,68000.0,41100.0,292600,6,vehicle,1,1,1,1,1,1
CUST101097,65,female,salaried,3.1,44200,745,2,29,1,0,3,8700.0,0.192,0.319,210500.0,88000.0,97300,18,personal,1,1,1,1,1,1
CUST101098,43,male,self_employed,7.0,136100,713,3,46,2,0,2,26400.0,0.279,0.612,333400.0,233000.0,683500,12,business,1,1,1,1,0,1
CUST101099,39,female,salaried,8.7,21600,615,2,39,7,1,1,4300.0,0.195,0.309,900.0,500.0,113500,48,medical,1,1,1,1,0,0
CUST101100,59,male,salaried,2.6,73800,698,1,16,1,0,1,16500.0,0.468,0.357,291100.0,91100.0,355300,36,home,1,1,1,1,0,0
CUST101101,22,male,salaried,12.0,106700,722,3,43,2,0,2,33900.0,0.165,0.425,593100.0,297000.0,684800,60,business,1,1,1,1,0,1
CUST101102,60,female,salaried,2.6,107700,704,4,89,7,0,1,20600.0,0.175,0.37,265100.0,214300.0,694300,36,business,1,1,1,0,0,0
CUST101103,22,male,salaried,8.1,90700,675,2,19,1,0,2,22100.0,0.602,0.329,192000.0,89000.0,279700,36,education,1,1,1,1,0,0
CUST101104,25,male,business,7.9,68200,701,1,17,3,0,2,11600.0,0.526,0.237,441900.0,338300.0,274500,60,home,1,1,1,1,1,1
CUST101105,22,female,business,1.0,54100,664,5,47,3,0,1,20400.0,0.33,0.539,164600.0,64500.0,316200,36,education,1,1,1,1,0,0
CUST101106,40,female,salaried,1.8,114900,743,2,38,2,0,4,22900.0,0.598,0.406,403200.0,134000.0,569700,24,home,1,1,1,0,1,1
CUST101107,65,female,self_employed,20.3,133100,749,3,71,1,0,1,40200.0,0.258,0.735,398900.0,343200.0,691000,12,home,1,1,1,1,1,1
CUST101108,58,female,salaried,6.3,89200,690,1,15,0,0,0,28300.0,0.299,0.395,322000.0,242400.0,332600,48,business,1,1,1,1,1,1
CUST101109,24,male,self_employed,19.9,74300,745,4,51,1,0,1,22800.0,0.246,0.444,88100.0,46000.0,487900,48,vehicle,1,1,1,1,1,1
CUST101110,48,male,salaried,4.2,57000,602,2,43,3,0,3,6700.0,0.436,0.157,342200.0,284600.0,54500,24,personal,1,1,0,1,1,0
CUST101111,63,male,contract,22.6,57000,725,1,24,0,0,3,21900.0,0.393,0.578,264100.0,102900.0,198800,18,education,1,1,1,1,0,1
CUST101112,59,male,salaried,1.5,75200,691,5,80,5,0,1,17600.0,0.275,0.298,506700.0,339900.0,173500,36,home,1,1,1,1,1,1
CUST101113,33,male,self_employed,7.4,66300,632,2,23,5,0,0,13900.0,0.192,0.548,378300.0,306400.0,403700,18,education,1,1,1,1,1,0
CUST101114,47,male,salaried,15.9,41300,662,3,66,3,0,0,1500.0,0.452,0.123,316900.0,172700.0,64100,18,home_improvement,1,1,1,1,1,1
CUST101115,36,female,salaried,5.3,79700,699,1,17,0,0,1,36000.0,0.416,0.879,244400.0,149300.0,408800,12,business,1,1,1,1,1,1
CUST101116,31,male,salaried,4.9,28400,694,5,49,1,0,0,2300.0,0.513,0.159,160900.0,60200.0,79700,36,personal,1,1,1,1,1,0
CUST101117,60,male,business,6.8,56200,655,3,29,4,0,4,19600.0,0.568,0.444,68900.0,39200.0,319600,60,consumer,1,1,1,1,1,0
CUST101118,43,female,contract,14.2,51500,750,0,0,0,0,2,2800.0,0.212,0.077,34600.0,17900.0,55600,48,home_improvement,1,1,0,1,1,1
CUST101119,42,female,contract,12.6,72000,658,2,44,2,0,2,8600.0,0.556,0.61,301100.0,225600.0,424100,12,personal,1,1,1,1,1,0
CUST101120,44,male,salaried,6.8,80100,713,1,23,1,0,2,5000.0,0.137,0.13,178300.0,76600.0,325600,60,business,1,1,1,1,1,1
CUST101121,30,female,business,8.8,27000,740,2,20,0,0,0,4600.0,0.408,0.201,164600.0,68800.0,20000,24,vehicle,1,1,1,1,1,1
CUST101122,61,female,salaried,4.3,145200,704,2,30,0,0,3,45100.0,0.201,0.635,907100.0,671700.0,847500,18,business,1,1,1,1,0,1
CUST101123,47,male,salaried,8.9,64900,623,1,10,0,0,2,12100.0,0.267,0.216,90700.0,66500.0,69800,36,consumer,1,1,1,1,1,0
CUST101124,37,male,salaried,11.3,39000,711,1,13,0,0,3,7100.0,0.577,0.21,122300.0,36200.0,26600,24,business,1,1,1,1,1,0
CUST101125,47,female,self_employed,5.6,70700,632,1,10,1,0,1,20600.0,0.499,0.42,283900.0,118500.0,326800,36,home_improvement,1,1,1,1,0,0
CUST101126,31,female,business,12.3,65800,700,5,67,3,0,1,17000.0,0.647,0.293,312100.0,212100.0,82000,36,business,1,1,1,1,1,0
CUST101127,42,female,business,15.5,92500,736,2,31,1,0,1,27500.0,0.173,0.904,244600.0,56300.0,336900,6,business,1,1,1,1,0,1
CUST101128,54,male,self_employed,10.9,64000,706,2,26,2,0,0,1600.0,0.444,0.176,390000.0,339700.0,116200,12,education,1,1,1,1,0,1
CUST101129,58,male,contract,10.1,62800,655,0,0,0,0,0,5400.0,0.289,0.227,72300.0,24800.0,317800,36,business,1,1,1,1,1,1
CUST101130,39,female,salaried,8.5,67200,671,4,67,5,0,1,14500.0,0.359,0.299,470100.0,222100.0,403700,72,business,1,1,1,1,1,0
CUST101131,53,male,salaried,15.2,70500,693,3,63,6,0,1,10600.0,0.342,0.611,198500.0,122000.0,194900,6,home_improvement,1,1,1,1,0,1
CUST101132,42,female,salaried,7.7,102000,696,4,44,0,0,1,35000.0,0.248,0.499,328200.0,269800.0,571700,36,personal,1,1,1,1,0,1
CUST101133,24,female,self_employed,9.5,138400,815,2,24,2,0,1,24600.0,0.217,0.209,785400.0,171800.0,263600,60,business,1,1,1,1,1,1
CUST101134,64,male,salaried,4.3,68700,695,3,32,4,0,3,15800.0,0.356,0.351,79700.0,32400.0,149200,18,business,1,1,1,1,1,1
CUST101135,60,male,salaried,10.9,46500,657,2,32,2,0,2,10900.0,0.164,0.392,93900.0,37600.0,263900,36,education,1,1,1,1,0,0
CUST101136,51,male,business,9.6,79800,637,1,20,3,0,1,19800.0,0.189,0.315,439600.0,269900.0,318600,60,personal,1,1,1,1,1,0
CUST101137,23,male,salaried,6.7,46400,718,3,67,2,0,1,12600.0,0.136,0.489,6600.0,2900.0,241800,24,business,1,1,0,1,1,0
CUST101138,51,male,salaried,4.3,112800,758,3,72,0,0,5,39400.0,0.342,0.646,646500.0,512100.0,401600,12,consumer,1,1,1,1,1,1
CUST101139,31,female,self_employed,16.4,43500,797,7,77,0,0,1,7200.0,0.182,0.266,265100.0,86100.0,157200,36,education,1,1,1,1,1,1
CUST101140,63,male,salaried,10.6,34700,728,7,101,4,0,1,8900.0,0.485,0.522,65400.0,55800.0,110600,12,home_improvement,0,1,1,1,1,1
CUST101141,25,male,salaried,16.1,15000,820,3,60,0,0,2,2300.0,0.482,0.372,118500.0,36900.0,78700,24,business,1,1,1,1,1,1
CUST101142,53,male,self_employed,5.5,58100,711,3,39,0,0,2,5700.0,0.407,0.333,310200.0,73300.0,245600,18,personal,1,1,1,1,1,1
CUST101143,38,female,contract,16.2,24000,700,5,76,4,0,3,3200.0,0.679,0.312,38300.0,20500.0,154700,36,personal,1,1,1,1,0,0
CUST101144,63,male,salaried,3.6,44600,660,2,20,2,0,2,16700.0,0.42,0.502,152000.0,58600.0,205300,36,business,1,1,1,1,0,0
CUST101145,56,female,salaried,3.9,50700,674,3,30,3,0,2,0.0,0.612,0.097,205400.0,72900.0,354200,72,business,1,1,1,1,0,0
CUST101146,49,female,salaried,20.0,55800,744,1,24,0,0,2,16700.0,0.35,0.727,64500.0,30100.0,286100,12,business,1,1,1,1,1,1
CUST101147,44,male,business,10.6,41600,690,5,89,6,0,1,6100.0,0.438,0.254,190500.0,111200.0,160500,36,education,1,1,1,1,0,1
CUST101148,47,female,contract,3.7,40200,604,4,39,5,0,2,16000.0,0.449,0.457,166400.0,107700.0,113600,48,consumer,1,1,1,1,1,0
CUST101149,48,male,salaried,23.7,38300,692,5,84,6,0,2,18500.0,0.31,0.718,193600.0,67100.0,108000,12,business,1,1,1,1,0,1
CUST101150,33,male,salaried,6.2,72600,719,1,12,2,0,1,10000.0,0.125,0.302,188100.0,89300.0,429700,36,vehicle,1,1,1,1,1,1
CUST101151,45,female,salaried,4.0,215900,830,4,55,1,0,5,58800.0,0.593,0.457,629700.0,266300.0,1436500,36,consumer,1,1,1,1,0,1
CUST101152,31,male,salaried,4.7,41900,687,4,63,1,0,1,7200.0,0.753,0.331,204800.0,105800.0,160500,24,consumer,1,1,1,1,0,0
CUST101153,33,male,salaried,8.6,71000,745,4,51,1,0,2,24900.0,0.087,0.392,259800.0,111900.0,213300,72,personal,1,1,1,1,1,1
CUST101154,44,male,salaried,8.3,32200,721,3,43,2,0,0,10000.0,0.501,0.476,49400.0,10600.0,192300,36,personal,1,1,1,1,1,1
CUST101155,49,male,salaried,11.6,47400,726,2,29,1,0,0,8000.0,0.36,0.229,215000.0,122900.0,68300,24,vehicle,1,1,1,1,0,1
CUST101156,23,female,self_employed,5.0,108400,683,1,17,2,0,0,19700.0,0.438,0.317,377900.0,120200.0,705200,48,education,1,1,1,1,0,0
CUST101157,65,female,salaried,21.6,29100,769,6,60,0,0,0,9000.0,0.579,0.357,159500.0,76800.0,66900,48,personal,1,1,1,1,1,1
CUST101158,28,female,self_employed,7.9,45400,661,2,26,4,0,1,14700.0,0.205,0.571,237600.0,181900.0,269500,24,business,1,1,1,1,1,0
CUST101159,45,male,salaried,10.5,49200,564,7,62,15,0,0,10800.0,0.314,0.26,138900.0,38300.0,118500,60,personal,1,1,1,1,0,0
CUST101160,52,female,salaried,4.5,118700,774,0,0,0,0,2,47000.0,0.278,0.511,651600.0,,490900,36,personal,1,1,1,1,1,1
CUST101161,33,female,salaried,13.4,87200,750,3,30,0,0,1,11000.0,0.657,0.249,497900.0,258000.0,514000,48,business,1,1,1,1,1,1
CUST101162,51,male,salaried,2.1,55400,751,2,32,0,0,2,13600.0,0.654,0.4,0.0,0.0,307700,36,home,1,1,1,1,0,1
CUST101163,43,female,salaried,6.7,105900,710,4,85,3,0,0,36800.0,0.294,0.412,48500.0,39600.0,247300,36,vehicle,1,1,1,1,0,1
CUST101164,22,male,business,12.6,45300,800,3,63,0,0,6,14500.0,0.609,0.372,263700.0,70200.0,112400,48,home,1,1,1,1,1,1
CUST101165,60,male,salaried,8.6,95700,699,2,25,1,0,2,4300.0,0.776,0.203,561900.0,268000.0,363200,24,education,1,1,1,1,1,1
CUST101166,28,male,contract,12.4,38400,697,3,44,4,0,1,11300.0,0.51,0.422,159000.0,121200.0,234600,48,home,1,1,1,1,1,1
CUST101167,26,male,salaried,14.7,53600,720,8,113,7,0,2,4200.0,0.233,0.177,312800.0,111500.0,317800,60,business,1,1,1,1,1,1
CUST101168,48,male,self_employed,6.4,67900,748,1,13,1,0,1,2800.0,0.449,0.29,77300.0,50400.0,404800,24,personal,1,1,1,1,0,1
CUST101169,29,female,salaried,11.5,40600,717,5,69,1,0,1,8900.0,0.265,0.243,244000.0,213100.0,46800,48,vehicle,1,1,1,1,1,1
CUST101170,39,male,self_employed,8.5,84900,740,0,0,0,0,1,18000.0,0.449,0.455,50100.0,13800.0,371300,18,home,1,0,1,1,1,1
CUST101171,22,male,salaried,14.4,63100,711,3,56,1,0,3,22400.0,0.225,0.5,355300.0,229000.0,330400,36,personal,1,1,1,1,1,1
CUST101172,47,female,salaried,6.6,62100,692,5,93,7,0,0,18600.0,0.473,0.322,421100.0,103200.0,99400,72,home,1,1,1,1,0,0
CUST101173,60,male,salaried,5.3,42300,700,2,30,2,0,4,6000.0,0.718,0.221,181700.0,45300.0,121100,36,personal,1,1,1,1,0,0
CUST101174,26,male,contract,,32200,615,2,39,1,0,2,6300.0,0.521,0.537,111900.0,73000.0,131800,12,personal,1,1,1,1,1,0
CUST101175,46,male,salaried,4.8,126500,731,2,43,1,0,3,23500.0,0.453,0.297,736600.0,583000.0,677700,48,education,1,1,1,1,1,0
CUST101176,59,female,business,19.1,153400,709,1,12,1,0,1,28600.0,0.239,0.279,1017100.0,206400.0,511200,36,personal,0,1,1,1,0,1
CUST101177,30,female,salaried,4.2,67500,627,4,54,6,0,0,22300.0,0.081,0.501,224500.0,144300.0,138100,12,vehicle,1,1,1,1,0,0
CUST101178,32,male,salaried,7.5,54800,709,3,65,4,0,0,8000.0,0.41,0.244,84700.0,26900.0,323800,60,personal,0,1,1,1,1,1
CUST101179,41,male,salaried,2.9,77600,646,4,81,3,0,1,4600.0,0.353,0.16,578800.0,345400.0,281600,36,consumer,1,1,1,1,1,1
CUST101180,37,male,salaried,6.5,64000,730,3,69,3,0,1,500.0,0.502,0.042,165600.0,33900.0,79400,36,personal,1,1,1,1,0,1
CUST101181,24,female,salaried,3.2,55500,734,1,18,1,0,0,16100.0,0.179,0.355,99900.0,29800.0,172500,48,education,1,1,1,1,0,1
CUST101182,41,female,contract,3.3,48900,713,4,70,2,0,0,1200.0,0.207,0.256,158000.0,35500.0,136000,12,personal,1,1,1,1,0,1
CUST101183,62,female,contract,5.1,48600,621,1,11,1,0,1,7000.0,0.254,0.301,179000.0,145600.0,365400,48,home,1,1,1,1,1,0
CUST101184,47,male,self_employed,6.2,50700,692,3,62,1,0,0,19300.0,0.622,0.405,18800.0,13500.0,75300,60,personal,1,1,1,1,0,1
CUST101185,35,female,salaried,9.2,42800,688,8,80,8,0,2,5000.0,0.472,0.199,73600.0,47900.0,127100,36,vehicle,1,1,1,1,0,0
CUST101186,65,male,salaried,3.4,73900,655,5,66,4,0,2,10500.0,0.276,0.401,254600.0,198700.0,229200,12,consumer,1,1,1,1,1,0
CUST101187,24,female,contract,4.0,61500,627,0,0,0,0,2,12400.0,0.252,0.22,174100.0,50300.0,53100,48,business,1,1,1,1,1,0
CUST101188,30,male,salaried,3.6,46300,634,3,66,6,0,0,17600.0,0.293,0.552,24500.0,5500.0,286100,36,personal,1,1,1,1,0,0
CUST101189,65,male,contract,9.2,39600,726,5,64,1,0,1,15700.0,0.511,0.432,79000.0,40800.0,83500,60,home,1,1,1,1,1,1
CUST101190,28,male,contract,4.2,58200,653,0,0,0,0,3,7900.0,0.869,0.355,141800.0,88300.0,76400,6,business,1,1,1,1,1,0
CUST101191,57,male,salaried,2.9,29600,686,2,28,0,0,2,11300.0,0.407,0.401,160500.0,104200.0,20000,36,personal,1,1,1,1,1,0
CUST101192,27,male,contract,10.3,24700,670,3,53,7,0,2,6000.0,0.427,0.359,59600.0,24500.0,137700,48,home_improvement,1,1,1,1,0,0
CUST101193,31,female,self_employed,4.1,93000,663,1,22,2,0,2,10000.0,0.716,0.286,424000.0,169000.0,397800,24,vehicle,1,1,1,1,1,0
CUST101194,55,male,salaried,3.2,92100,700,1,23,0,0,2,32200.0,0.342,0.44,131000.0,48100.0,499500,60,home_improvement,1,1,1,1,0,0
CUST101195,50,female,salaried,7.2,26200,617,3,59,7,0,2,5700.0,0.248,0.271,71800.0,40700.0,67300,48,vehicle,1,1,1,1,0,0
CUST101196,38,female,self_employed,7.0,97400,729,5,66,4,0,0,25100.0,0.519,0.321,593400.0,424000.0,372100,60,business,1,1,1,1,1,1
CUST101197,33,female,self_employed,4.5,77700,688,5,87,8,0,1,6600.0,0.148,0.199,359300.0,177900.0,319100,36,vehicle,1,1,1,1,0,0
CUST101198,62,female,self_employed,7.3,37700,703,1,15,0,0,1,3700.0,0.261,0.179,251500.0,132800.0,72900,24,home,1,1,0,1,0,0
CUST101199,41,female,salaried,2.7,75600,696,1,15,0,0,4,10400.0,0.523,0.174,347100.0,281400.0,199800,72,home_improvement,1,1,1,1,0,0
CUST101200,23,female,business,3.1,46700,700,4,91,1,0,3,13400.0,0.657,0.865,119400.0,65900.0,324000,12,business,1,1,1,1,0,0
CUST101201,56,male,salaried,1.5,30400,658,1,19,2,0,0,13100.0,0.593,0.466,117500.0,24700.0,38400,36,business,1,1,1,1,1,0
CUST101202,44,male,salaried,5.1,62000,641,1,20,2,0,1,12700.0,0.207,0.328,146900.0,43000.0,367600,48,education,1,1,0,1,0,0
CUST101203,28,male,contract,3.5,41900,748,1,16,2,0,1,3000.0,0.498,0.203,67300.0,50900.0,264600,48,personal,1,1,1,1,0,1
CUST101204,55,male,contract,9.3,80400,744,0,0,0,0,0,22300.0,0.414,0.429,208100.0,48500.0,439600,36,personal,1,1,1,0,0,1
CUST101205,44,female,salaried,5.9,55400,714,3,38,1,0,1,5200.0,0.456,0.375,63100.0,19400.0,373200,24,medical,1,1,0,1,1,1
CUST101206,43,male,salaried,10.3,30500,723,4,82,6,0,0,2300.0,0.422,0.125,163700.0,64400.0,72000,48,consumer,1,1,1,1,0,1
CUST101207,59,female,salaried,9.0,97500,640,0,0,0,0,0,38200.0,0.186,0.519,480800.0,287400.0,445900,36,personal,1,1,1,1,1,0
CUST101208,39,male,salaried,2.8,43100,612,5,47,3,0,2,500.0,0.158,0.153,234200.0,180300.0,219500,36,personal,1,1,1,1,1,0
CUST101209,22,female,business,6.1,54300,743,2,44,0,0,5,3100.0,0.804,0.134,355300.0,136100.0,150900,36,personal,1,1,1,1,1,0
CUST101210,57,female,self_employed,5.9,54200,607,3,40,2,0,5,23300.0,0.488,0.539,5600.0,4500.0,213200,36,personal,1,1,1,1,0,0
CUST101211,30,male,contract,17.5,69300,692,4,58,2,0,1,19100.0,0.198,0.445,76300.0,60400.0,422100,36,personal,1,0,1,1,1,1
CUST101212,43,female,self_employed,9.2,106300,765,1,21,0,0,2,37900.0,0.533,0.943,221600.0,131800.0,748600,12,education,1,1,1,1,0,1
CUST101213,40,male,salaried,3.7,29300,666,2,35,5,0,2,6300.0,0.598,0.771,192500.0,108000.0,195600,12,vehicle,1,1,1,1,0,0
CUST101214,61,male,salaried,14.4,74000,709,4,71,5,1,2,11600.0,0.24,0.294,505500.0,446700.0,489200,48,business,1,1,1,1,0,0
CUST101215,21,female,contract,1.6,53400,678,4,56,4,0,2,10600.0,0.396,0.324,278900.0,136400.0,322500,48,home,1,1,1,1,1,0
CUST101216,31,male,business,3.9,86900,684,5,102,8,0,2,7100.0,0.694,0.441,266500.0,175600.0,561500,18,medical,1,1,1,1,1,1
CUST101217,38,male,salaried,8.7,41400,647,3,64,5,0,2,5600.0,0.158,0.21,180500.0,41000.0,110800,36,consumer,1,1,1,1,1,0
CUST101218,47,female,self_employed,2.9,33200,617,1,8,5,0,3,11600.0,0.356,0.444,95500.0,27400.0,226200,72,personal,1,1,1,1,1,0
CUST101219,30,male,salaried,8.0,57000,698,2,36,2,0,0,13400.0,0.626,0.401,22800.0,7600.0,339700,36,medical,1,1,1,1,1,1
CUST101220,49,male,contract,1.8,58500,682,1,18,3,0,1,13200.0,0.186,0.259,444400.0,169700.0,95000,48,education,1,1,1,1,1,1
CUST101221,28,male,salaried,6.6,164800,767,3,36,0,0,2,53600.0,0.091,0.447,860600.0,332400.0,361900,18,home_improvement,1,1,1,1,0,1
CUST101222,61,male,salaried,8.4,34600,688,1,23,1,0,0,2500.0,0.38,0.136,155800.0,117700.0,105500,48,personal,1,1,1,1,0,0
CUST101223,63,female,salaried,13.4,16200,619,4,47,5,1,1,2100.0,0.208,0.196,35000.0,28000.0,38800,36,vehicle,1,0,1,1,0,0
CUST101224,25,male,business,22.7,27400,680,5,96,9,0,1,11000.0,0.378,0.638,6200.0,3700.0,155700,24,home,1,1,1,1,1,0
CUST101225,48,male,contract,3.4,101300,699,4,72,0,0,0,26200.0,0.129,0.341,433000.0,111300.0,151000,18,home,1,1,1,1,1,1
CUST101226,57,female,salaried,7.1,35400,705,8,115,5,0,2,1200.0,0.395,0.177,234800.0,88400.0,60700,12,personal,1,1,1,1,0,0
CUST101227,36,female,salaried,20.0,21400,794,2,30,0,0,1,4000.0,0.183,0.265,64100.0,29000.0,20000,12,home,1,1,1,1,0,1
CUST101228,51,female,salaried,5.2,54400,669,2,42,2,0,2,7800.0,0.581,0.703,362300.0,172000.0,365400,12,home,1,1,1,1,1,0
CUST101229,57,male,self_employed,7.3,91500,721,1,20,1,0,2,7300.0,0.206,0.243,144100.0,52200.0,536900,36,business,1,1,1,1,1,1
CUST101230,59,male,self_employed,3.3,155500,725,4,39,1,0,1,55000.0,0.179,0.394,824700.0,563700.0,378500,60,education,1,1,1,1,1,1
CUST101231,47,male,contract,5.9,89100,753,4,91,5,0,0,8500.0,0.196,0.202,561000.0,451600.0,171700,18,vehicle,1,1,1,1,1,1
CUST101232,48,female,salaried,6.8,54100,643,5,79,6,0,1,10000.0,0.635,0.397,163100.0,116300.0,275900,24,personal,1,1,1,1,0,0
CUST101233,27,female,salaried,2.2,98300,645,2,26,2,0,2,26700.0,0.535,0.321,641900.0,253100.0,175700,36,business,1,1,1,1,1,1
CUST101234,41,male,salaried,10.7,99200,698,2,35,3,0,1,9800.0,0.34,0.187,585300.0,121600.0,525100,60,personal,1,1,1,1,0,1
CUST101235,53,female,salaried,6.4,88300,858,2,41,1,0,2,13000.0,0.632,0.261,157000.0,81200.0,601100,60,medical,1,1,1,1,1,1
CUST101236,56,male,salaried,8.9,203800,747,3,30,0,0,0,24600.0,0.094,0.229,1094800.0,344300.0,793600,36,vehicle,1,1,1,1,0,1
CUST101237,36,male,salaried,6.4,138200,786,6,95,1,0,3,42500.0,0.626,0.44,381200.0,149800.0,440400,24,business,1,1,1,1,0,1
CUST101238,33,female,self_employed,1.7,87100,707,3,62,4,0,2,11400.0,0.367,0.171,270400.0,221200.0,63500,18,personal,1,1,1,1,1,1
CUST101239,53,male,salaried,5.7,31300,689,2,26,2,0,1,7000.0,0.277,0.458,133100.0,90600.0,175700,24,vehicle,1,1,1,1,0,0
CUST101240,23,female,business,11.4,30600,743,3,58,5,0,2,4100.0,0.662,0.24,54500.0,25500.0,116800,36,business,1,1,1,1,0,1
CUST101241,30,female,contract,4.6,58500,621,3,47,4,0,2,11100.0,0.45,0.294,343900.0,99600.0,293200,48,vehicle,1,1,1,1,0,0
CUST101242,54,female,salaried,3.6,44000,682,3,31,2,0,4,7500.0,0.229,0.365,108700.0,39400.0,205900,24,vehicle,0,1,1,1,1,0
CUST101243,51,female,self_employed,5.1,50000,715,1,12,1,0,0,10200.0,0.064,0.308,295400.0,71200.0,248900,48,business,1,1,1,1,1,1
CUST101244,57,female,salaried,9.6,82700,702,3,61,5,0,2,21900.0,0.214,0.339,249000.0,62600.0,148000,24,vehicle,1,1,1,1,1,1
CUST101245,55,male,contract,5.3,26800,646,3,34,2,0,1,100.0,0.629,0.191,146300.0,92300.0,181100,36,personal,1,1,1,1,1,0
CUST101246,58,male,salaried,7.8,64000,709,3,65,7,0,0,24500.0,0.17,0.777,381300.0,96900.0,302800,12,consumer,1,1,1,1,0,0
CUST101247,35,male,salaried,7.7,89300,665,1,22,2,0,2,29300.0,0.424,0.462,400500.0,350600.0,429600,36,vehicle,1,1,1,1,1,0
CUST101248,41,female,self_employed,2.7,233500,695,1,15,0,0,0,73200.0,0.468,0.369,781800.0,591600.0,465300,36,home,1,1,1,1,1,1
CUST101249,48,female,self_employed,6.3,40800,729,1,12,1,0,1,14300.0,0.228,0.792,205600.0,113000.0,108100,6,education,1,1,1,0,0,0
CUST101250,53,male,salaried,15.9,104000,804,3,72,0,0,2,17100.0,0.106,0.221,277900.0,130200.0,210800,36,home,1,1,1,1,0,1
CUST101251,37,female,salaried,4.0,117000,771,2,43,1,0,1,2800.0,0.438,0.211,260700.0,116100.0,526500,24,consumer,1,1,1,1,0,1
CUST101252,53,male,business,3.1,72600,745,2,40,0,0,1,20400.0,0.746,0.429,157200.0,66900.0,386700,36,personal,1,1,1,1,0,1
CUST101253,29,female,business,8.0,30100,735,1,11,1,0,4,3400.0,0.254,0.269,102400.0,70800.0,112900,24,personal,0,1,1,1,1,1
CUST101254,33,male,business,4.8,138800,731,4,43,1,0,3,10500.0,0.213,0.106,953900.0,602300.0,153100,36,business,1,1,1,1,1,1
CUST101255,51,male,business,2.3,65400,620,2,26,2,0,1,5300.0,0.167,0.227,370100.0,266500.0,229400,24,personal,1,1,1,1,0,0
CUST101256,55,male,contract,3.8,25300,587,2,25,3,0,2,7700.0,0.293,0.686,114900.0,92700.0,115800,12,home_improvement,1,1,1,1,1,0
CUST101257,24,male,salaried,8.8,54800,743,0,0,0,0,1,14900.0,0.211,0.562,204400.0,88600.0,286000,18,vehicle,1,1,1,1,1,1
CUST101258,64,male,business,3.5,94800,723,4,72,0,0,0,24400.0,0.509,0.439,413800.0,109600.0,621300,36,vehicle,1,1,1,1,0,1
CUST101259,56,female,salaried,12.6,153000,779,3,49,2,0,4,27700.0,0.203,0.291,999800.0,533300.0,606300,36,business,1,1,1,1,0,1
CUST101260,36,male,contract,10.4,46700,701,2,33,1,0,0,7300.0,0.308,0.425,90200.0,63200.0,150700,12,business,1,1,1,1,0,1
CUST101261,50,male,self_employed,4.6,36500,710,3,66,6,0,2,2200.0,0.29,0.075,223600.0,156400.0,20000,36,medical,1,1,1,1,0,1
CUST101262,33,male,business,12.8,76500,678,5,51,4,0,3,2000.0,0.513,0.142,188200.0,166800.0,106100,12,vehicle,1,1,0,1,1,1
CUST101263,26,female,salaried,6.1,70600,671,2,38,2,0,1,8100.0,0.446,0.222,283800.0,135400.0,455600,60,vehicle,1,1,1,1,1,0
CUST101264,47,female,business,8.2,37800,699,3,40,2,0,1,8400.0,0.208,0.33,174500.0,109000.0,292300,72,business,1,1,1,1,1,0
CUST101265,61,female,salaried,3.9,42200,702,2,27,3,0,1,12500.0,0.3,0.416,197000.0,123900.0,181500,36,business,1,1,1,1,0,0
CUST101266,60,female,salaried,4.3,49300,696,7,147,7,0,4,18200.0,0.284,0.489,152000.0,44300.0,211800,36,business,1,1,1,1,0,0
CUST101267,24,male,salaried,12.3,67300,733,5,117,3,0,2,20700.0,0.226,0.544,354100.0,284600.0,95500,6,personal,1,1,0,1,0,1
CUST101268,48,female,salaried,3.7,66000,626,4,41,7,0,2,29200.0,0.424,0.675,60300.0,49400.0,276800,18,home_improvement,1,0,1,1,1,0
CUST101269,24,male,salaried,9.7,93100,659,5,66,4,0,3,17100.0,0.361,0.338,368100.0,192900.0,345000,24,medical,1,1,1,1,1,0
CUST101270,64,female,business,4.5,83100,730,2,48,0,0,1,5200.0,0.502,0.232,128400.0,98900.0,505800,36,vehicle,1,0,1,1,1,1
CUST101271,39,female,salaried,16.0,22800,672,3,44,1,0,3,5900.0,0.443,0.327,150800.0,119900.0,93800,60,personal,1,1,1,1,1,0
CUST101272,62,female,business,5.9,25400,692,1,9,1,0,0,100.0,0.721,0.248,187500.0,79400.0,111800,18,vehicle,1,1,1,1,1,0
CUST101273,43,male,salaried,6.1,64400,698,2,43,3,0,0,13100.0,0.695,0.377,329300.0,231300.0,201200,18,education,1,1,1,1,0,1
CUST101274,52,male,self_employed,12.2,104000,762,4,48,0,0,1,10300.0,0.683,0.182,408100.0,157000.0,620200,72,home,1,1,1,1,1,1
CUST101275,21,female,salaried,5.9,57800,680,1,12,0,0,1,19300.0,0.27,0.613,214000.0,190800.0,193900,12,business,1,1,1,1,0,0
CUST101276,52,male,contract,8.6,50100,702,3,67,2,0,0,15100.0,0.157,0.401,166900.0,108200.0,299200,60,personal,1,1,1,1,1,1
CUST101277,47,female,salaried,9.8,29300,696,2,32,0,0,0,6300.0,0.119,0.814,106700.0,57500.0,105300,6,consumer,1,1,1,1,1,0
CUST101278,29,male,salaried,7.3,42100,667,3,39,3,0,2,6000.0,0.382,0.24,60400.0,18100.0,245800,60,education,1,1,1,1,0,0
CUST101279,41,male,business,5.7,81100,729,4,57,3,0,1,32400.0,0.429,0.532,474500.0,266500.0,257900,24,medical,1,1,1,1,0,1
CUST101280,36,male,salaried,18.2,58700,747,1,15,0,0,3,18800.0,0.344,0.607,378100.0,218500.0,403400,24,business,1,1,1,1,0,1
CUST101281,22,male,contract,7.7,105400,738,3,50,1,0,0,13200.0,0.109,0.219,341900.0,148500.0,475300,48,home,1,1,1,1,1,1
CUST101282,57,male,self_employed,3.4,78900,584,0,0,0,0,2,28900.0,0.219,0.939,151800.0,78200.0,542300,12,medical,1,1,1,1,0,0
CUST101283,51,male,salaried,5.9,44800,628,3,25,5,0,0,18000.0,0.141,0.603,284500.0,126900.0,54000,6,education,1,1,1,1,1,0
CUST101284,39,male,salaried,17.9,56000,730,4,47,5,0,0,9000.0,0.216,0.255,296200.0,235100.0,190900,36,personal,1,1,1,1,1,1
CUST101285,34,male,salaried,2.0,34000,651,4,70,2,0,2,10000.0,0.289,0.907,33800.0,14500.0,125000,6,home_improvement,1,1,1,1,1,0
CUST101286,31,female,business,5.5,58000,768,7,136,4,0,1,6200.0,0.299,0.447,117200.0,93600.0,236800,12,home_improvement,1,1,1,0,0,1
CUST101287,55,female,business,6.2,159000,725,1,9,1,0,0,38800.0,0.386,0.32,612100.0,450300.0,722100,60,education,1,1,1,1,1,1
CUST101288,23,male,self_employed,1.6,98200,712,1,16,0,0,1,2100.0,0.359,0.114,527300.0,373200.0,547900,60,vehicle,1,1,1,1,1,1
CUST101289,44,female,salaried,7.4,51900,661,2,37,3,0,1,13300.0,0.25,0.726,256600.0,197200.0,292300,12,business,1,1,1,1,1,0
CUST101290,31,female,salaried,4.6,45100,617,2,45,3,0,1,7000.0,0.419,1.208,297000.0,251100.0,284900,6,business,1,1,1,1,0,0
CUST101291,24,female,salaried,13.4,38000,708,4,38,2,0,2,16800.0,0.345,1.051,21400.0,17000.0,277700,12,vehicle,1,1,1,1,1,0
CUST101292,46,female,salaried,11.9,35600,687,2,38,2,0,1,11500.0,0.42,0.463,148500.0,42200.0,179800,36,personal,1,1,1,1,1,0
CUST101293,33,male,salaried,5.0,54700,721,1,22,1,0,2,15000.0,0.517,0.458,151800.0,50800.0,181100,18,education,1,1,1,1,0,0
CUST101294,62,female,self_employed,11.3,68700,740,1,22,0,0,2,21300.0,0.191,1.082,448200.0,129500.0,318400,6,education,1,1,1,1,0,0
CUST101295,52,female,salaried,4.3,88100,676,3,50,7,0,2,30500.0,0.41,0.435,124800.0,36900.0,472000,60,education,1,1,1,1,1,0
CUST101296,38,male,salaried,3.2,55800,726,2,20,2,0,0,21500.0,0.556,0.693,187000.0,138300.0,411500,24,consumer,1,1,0,1,0,0
CUST101297,65,female,self_employed,2.1,55400,647,3,30,0,0,1,3700.0,0.38,0.169,90600.0,39100.0,272800,48,education,1,1,1,1,1,0
CUST101298,56,female,contract,10.1,72600,714,4,43,1,0,0,24100.0,0.375,0.355,51100.0,32900.0,39300,24,business,1,1,0,1,1,1
CUST101299,43,female,salaried,11.1,17900,726,2,28,2,0,0,2200.0,0.456,0.409,103800.0,51900.0,123100,24,consumer,1,1,1,1,1,1
CUST101300,26,male,salaried,3.2,92900,736,3,47,4,0,1,19200.0,0.348,0.29,154600.0,108600.0,370200,48,personal,1,1,1,1,1,1
CUST101301,24,male,contract,6.1,48100,673,3,68,4,0,2,8200.0,0.44,0.235,34900.0,14000.0,111700,36,personal,1,1,1,1,1,0
CUST101302,58,male,salaried,9.4,64900,693,1,18,0,0,1,10100.0,0.182,0.209,97000.0,72000.0,207300,60,personal,1,1,1,1,0,1
CUST101303,42,male,salaried,3.6,47100,657,6,87,9,0,2,9400.0,0.422,0.279,166300.0,143600.0,134400,36,personal,1,1,1,1,0,0
CUST101304,62,male,salaried,14.9,69100,725,3,56,1,0,0,3700.0,0.182,0.981,146300.0,100100.0,384700,6,personal,1,1,0,1,1,1
CUST101305,42,female,salaried,4.8,80500,770,2,46,0,0,2,29200.0,0.576,0.391,468600.0,182400.0,164800,72,business,1,1,1,1,0,1
CUST101306,43,female,business,10.6,29300,628,2,24,8,0,0,8800.0,0.215,0.392,61700.0,25200.0,32200,12,business,1,1,1,1,1,0
CUST101307,58,female,business,8.9,104700,747,2,30,0,0,1,16200.0,0.108,0.616,484100.0,421700.0,579000,12,education,1,1,1,1,1,1
CUST101308,41,male,salaried,4.4,29100,687,3,54,3,0,4,4000.0,0.178,0.173,28400.0,18400.0,37000,36,business,1,1,1,1,1,0
CUST101309,44,female,contract,14.4,109500,711,1,22,0,0,0,4200.0,0.298,0.094,289000.0,247200.0,290700,48,vehicle,1,1,1,1,0,1
CUST101310,61,female,salaried,14.3,72700,635,1,16,0,0,1,27500.0,0.331,0.642,72700.0,44500.0,459300,24,consumer,1,1,1,1,0,0
CUST101311,31,male,contract,5.3,96100,711,6,111,3,0,2,12000.0,0.248,0.194,465700.0,336100.0,319000,48,personal,1,1,1,1,1,1
CUST101312,31,male,business,3.7,52300,714,5,110,5,0,2,19000.0,0.179,0.592,322600.0,74300.0,287500,24,consumer,1,1,1,1,0,0
CUST101313,62,female,business,13.6,79800,738,6,112,2,0,0,24600.0,0.182,0.438,339700.0,162100.0,372800,36,personal,1,1,1,1,1,1
CUST101314,62,male,self_employed,10.5,26400,680,4,78,6,0,1,5100.0,0.334,0.205,120900.0,67500.0,23000,72,education,1,1,1,1,1,0
CUST101315,65,male,business,9.9,52400,694,4,50,2,0,2,10700.0,0.512,0.332,297900.0,127600.0,241100,36,business,1,0,1,1,1,0
CUST101316,62,female,salaried,10.2,34300,664,2,42,2,0,4,9200.0,0.569,0.31,10200.0,2800.0,68900,48,consumer,1,1,1,1,1,0
CUST101317,21,male,contract,7.7,65900,737,0,0,0,0,1,16700.0,0.408,0.415,126700.0,67000.0,255700,24,vehicle,1,1,1,1,0,1
CUST101318,64,female,contract,8.9,25800,710,4,69,3,0,0,5300.0,0.162,0.377,70600.0,56400.0,159500,36,personal,1,1,1,1,1,0
CUST101319,28,female,salaried,10.0,41500,655,5,75,10,0,1,4700.0,0.469,0.298,130600.0,103800.0,184100,24,home_improvement,1,1,1,1,0,0
CUST101320,61,female,self_employed,6.4,53900,698,1,23,1,0,1,16700.0,0.5,0.428,250400.0,154000.0,382900,60,vehicle,1,1,1,1,1,0
CUST101321,52,male,salaried,2.4,64000,630,5,65,10,0,2,11700.0,0.304,0.224,411400.0,119900.0,156800,60,medical,1,1,1,1,1,0
CUST101322,44,female,business,5.0,78400,675,1,20,0,0,0,3400.0,0.172,0.142,511200.0,256700.0,371600,48,consumer,1,1,1,1,0,1
CUST101323,41,female,salaried,5.3,84600,693,4,52,4,0,0,24400.0,0.409,0.447,358000.0,211000.0,161300,12,personal,0,1,1,1,1,1
CUST101324,51,male,contract,8.2,58200,743,5,73,2,0,0,7500.0,0.184,0.22,286000.0,117500.0,254800,48,business,1,1,1,1,1,1
CUST101325,50,female,salaried,11.6,69900,667,4,71,9,1,0,16800.0,0.176,0.336,76100.0,64100.0,120000,18,consumer,1,1,1,0,1,0
CUST101326,44,male,self_employed,9.1,83700,687,3,53,1,0,1,24500.0,0.4,0.363,238400.0,136400.0,212500,36,education,1,1,1,1,1,1
CUST101327,24,female,salaried,18.9,29900,722,0,0,0,0,4,8700.0,0.289,0.49,25700.0,7900.0,214400,36,personal,1,1,1,1,0,0
CUST101328,34,male,self_employed,11.0,37800,704,4,73,7,0,3,7600.0,0.704,0.981,49000.0,15400.0,353700,12,home,1,0,1,1,1,0
CUST101329,28,female,self_employed,6.6,38700,693,4,89,7,0,1,4900.0,0.323,0.536,110700.0,26400.0,95000,6,education,1,1,0,1,1,0
CUST101330,65,male,salaried,5.0,55100,686,3,56,4,0,3,5000.0,0.409,0.246,356700.0,248900.0,205800,24,education,1,1,1,1,0,0
CUST101331,58,female,business,6.9,85200,690,5,101,4,0,0,15900.0,0.374,0.309,539100.0,453500.0,375200,36,home_improvement,1,1,1,1,1,1
CUST101332,22,male,salaried,4.9,144000,660,4,41,3,1,2,28000.0,0.419,0.395,362900.0,278800.0,346300,12,home_improvement,1,1,0,1,0,0
CUST101333,49,male,salaried,8.6,53600,650,0,0,0,0,0,12500.0,0.118,0.423,359600.0,127000.0,365700,36,personal,1,1,1,1,0,0
CUST101334,32,female,self_employed,4.5,21300,634,4,39,5,0,0,4900.0,0.286,0.409,88400.0,57300.0,137200,36,business,1,1,1,1,1,0
CUST101335,43,male,salaried,1.1,107500,715,4,80,4,0,0,9600.0,0.629,0.223,603000.0,184700.0,345700,24,medical,1,1,1,1,1,1
CUST101336,62,male,self_employed,9.5,20400,725,0,0,0,0,1,12300.0,0.376,0.736,10600.0,7400.0,97400,36,vehicle,1,1,1,1,0,0
CUST101337,47,male,salaried,13.4,34300,790,3,42,0,0,1,4400.0,0.326,0.333,0.0,0.0,253400,36,personal,1,1,0,1,1,1
CUST101338,63,female,self_employed,5.5,141700,721,3,59,4,0,1,20500.0,0.213,0.31,223400.0,178800.0,421500,18,home,1,1,1,1,1,1
CUST101339,35,female,contract,,18800,628,4,68,4,0,1,3200.0,0.716,0.211,117100.0,89900.0,27300,36,education,1,1,1,1,0,0
CUST101340,33,male,salaried,10.3,48800,673,3,35,4,0,2,11700.0,0.371,0.333,309900.0,274000.0,164200,36,personal,1,1,1,1,1,0
CUST101341,58,female,salaried,6.2,26800,634,2,21,1,0,4,2500.0,0.357,0.18,61200.0,18100.0,111500,48,personal,1,1,1,1,1,0
CUST101342,65,male,salaried,8.5,30700,683,5,69,6,0,2,10100.0,0.722,1.243,161100.0,119700.0,168300,6,vehicle,1,1,0,1,0,0
CUST101343,50,male,salaried,13.8,23800,789,4,68,0,0,1,6600.0,0.651,0.365,149300.0,,100700,48,personal,1,1,1,1,1,1
CUST101344,57,female,business,7.4,45100,685,4,75,5,0,1,8900.0,0.156,0.393,106200.0,72600.0,211900,24,consumer,1,1,1,1,1,1
CUST101345,39,female,business,15.5,146000,694,2,40,2,0,0,42100.0,0.567,0.333,682900.0,214400.0,235500,36,home_improvement,1,1,1,1,1,1
CUST101346,55,male,salaried,9.5,28700,703,0,0,0,0,1,11800.0,0.562,0.437,77600.0,39400.0,53300,72,vehicle,1,1,1,1,1,0
CUST101347,28,female,business,2.3,64700,737,5,65,0,0,1,14000.0,0.224,0.347,139700.0,46500.0,506000,60,vehicle,1,1,1,1,1,1
CUST101348,46,male,business,4.1,52500,711,7,127,6,0,0,16700.0,0.35,0.418,96000.0,32400.0,252900,48,personal,1,1,1,1,1,1
CUST101349,54,male,self_employed,5.4,53100,567,3,32,1,0,1,17600.0,0.468,0.505,218300.0,151400.0,221800,24,education,1,1,1,1,1,0
CUST101350,38,female,contract,6.1,75200,689,3,53,4,0,3,23200.0,0.563,0.474,361200.0,213700.0,447200,36,business,1,1,1,1,0,0
CUST101351,33,male,salaried,4.9,46400,629,1,21,0,0,2,13900.0,0.425,0.783,199700.0,139100.0,269200,12,home,1,1,1,1,0,0
CUST101352,21,female,salaried,7.8,19300,666,3,70,2,0,1,2600.0,0.638,0.164,109000.0,42400.0,20000,36,personal,1,1,1,1,1,0
CUST101353,41,female,self_employed,16.6,62900,653,0,0,0,0,2,17200.0,0.939,0.415,143000.0,60400.0,321500,36,consumer,1,1,1,1,0,0
CUST101354,37,male,salaried,3.9,45800,726,8,129,7,0,3,7500.0,0.265,0.298,176700.0,44400.0,221500,36,business,1,1,1,1,0,1
CUST101355,50,male,business,6.0,89400,739,6,117,3,0,0,3400.0,0.237,0.066,447700.0,257900.0,181400,72,home_improvement,1,1,0,1,0,1
CUST101356,37,female,contract,16.5,21300,654,2,35,3,0,2,0.0,0.721,0.153,22000.0,5400.0,78300,24,consumer,1,1,1,1,0,0
CUST101357,53,female,salaried,8.4,23000,640,3,33,3,0,0,6300.0,0.381,0.495,130900.0,108800.0,121900,24,education,1,1,1,1,0,0
CUST101358,24,male,salaried,3.2,73100,760,4,90,2,0,1,17900.0,0.124,0.516,153300.0,43800.0,475200,24,business,1,1,1,1,1,1
CUST101359,65,male,self_employed,8.6,104100,712,0,0,0,0,3,9300.0,0.29,0.359,648600.0,148500.0,168700,6,personal,1,1,1,1,1,1
CUST101360,24,female,salaried,11.6,62900,684,1,11,0,0,1,21300.0,0.555,0.415,51500.0,10600.0,230800,48,home,1,1,1,1,0,0
CUST101361,37,female,self_employed,16.5,51900,665,3,52,2,0,1,20900.0,0.424,0.484,264900.0,157700.0,251800,60,personal,1,1,0,1,1,0
CUST101362,32,female,salaried,8.0,40100,622,5,67,3,1,2,18500.0,0.362,0.566,99700.0,23000.0,150800,36,personal,1,1,1,1,1,0
CUST101363,56,female,salaried,2.0,43500,607,3,57,3,0,0,11400.0,0.293,0.323,297400.0,256100.0,63300,24,personal,1,1,1,1,1,0
CUST101364,43,male,salaried,6.5,80700,752,0,0,0,0,0,22900.0,0.21,0.36,138000.0,65000.0,111300,18,vehicle,1,1,1,1,1,1
CUST101365,54,female,salaried,5.5,44400,705,5,77,3,0,1,11400.0,0.315,0.356,19500.0,9300.0,265200,60,business,1,1,1,1,0,1
CUST101366,55,female,salaried,1.0,52300,705,2,36,2,0,4,11500.0,0.548,0.254,275400.0,124200.0,107000,60,education,1,1,1,0,1,0
CUST101367,50,male,salaried,15.8,97100,702,0,0,0,0,2,28700.0,0.15,0.329,499100.0,117800.0,157800,48,home,1,1,1,1,0,1
CUST101368,47,female,salaried,8.1,92400,620,2,41,3,0,1,21200.0,0.204,0.393,55800.0,14400.0,362800,24,education,1,1,1,1,1,0
CUST101369,43,male,salaried,12.0,38300,758,5,102,3,0,2,8200.0,0.327,0.639,249100.0,121100.0,195400,12,vehicle,1,1,1,1,1,1
CUST101370,45,male,business,7.4,24600,686,0,0,0,0,0,1300.0,0.327,0.151,151400.0,120500.0,86800,36,vehicle,1,1,1,1,1,0
CUST101371,55,male,business,8.2,22600,706,2,35,1,0,1,0.0,0.603,0.107,36900.0,14200.0,86900,36,personal,1,0,1,1,0,0
CUST101372,56,male,contract,8.9,36100,662,4,53,3,0,1,9900.0,0.297,0.488,215400.0,121000.0,138900,18,business,1,1,1,1,1,0
CUST101373,41,male,salaried,12.7,20900,622,3,47,4,0,2,1300.0,0.149,0.082,141800.0,90500.0,20000,48,business,1,1,1,1,1,0
CUST101374,59,female,salaried,8.0,34500,665,4,64,4,0,1,4600.0,0.381,0.212,112300.0,88000.0,98100,36,consumer,1,1,1,1,1,0
CUST101375,21,female,contract,9.3,116900,778,6,132,0,0,0,23900.0,0.403,0.327,581100.0,444900.0,516900,36,vehicle,1,1,0,1,0,1
CUST101376,40,female,business,14.0,79000,727,5,100,5,0,1,28500.0,0.34,0.418,353800.0,96600.0,272900,60,home_improvement,1,1,1,1,1,1
CUST101377,51,male,salaried,14.5,48000,685,2,26,2,0,2,1800.0,0.315,0.063,256400.0,135300.0,72200,60,vehicle,1,1,1,1,1,1
CUST101378,48,female,salaried,19.4,80800,757,3,61,2,0,0,13000.0,0.618,0.258,537600.0,367500.0,283700,36,home,1,1,1,1,1,1
CUST101379,39,female,salaried,9.1,81600,744,2,19,1,0,2,16200.0,0.238,0.288,254200.0,119500.0,528300,72,vehicle,1,1,1,1,1,1
CUST101380,62,female,business,10.0,113600,765,4,76,0,0,2,6400.0,0.251,0.163,623200.0,524100.0,437700,36,education,1,1,1,1,0,1
CUST101381,23,male,salaried,3.3,33100,677,3,62,7,0,2,3800.0,0.387,0.335,230700.0,122700.0,87600,12,business,1,1,1,1,0,0
CUST101382,24,male,salaried,9.3,35100,684,4,80,4,0,2,7600.0,0.207,0.401,115200.0,54100.0,155700,24,personal,1,1,1,1,0,0
CUST101383,42,male,business,11.3,68900,791,2,45,1,0,0,20100.0,0.122,0.346,279500.0,206700.0,134100,36,vehicle,1,1,1,1,1,1
CUST101384,48,male,salaried,3.7,31000,716,2,21,3,0,1,10600.0,0.429,0.68,46100.0,37300.0,125900,12,personal,1,1,1,1,0,0
CUST101385,39,female,business,5.7,61900,604,0,0,0,0,0,1400.0,0.48,1.099,139900.0,124000.0,399800,6,personal,1,1,1,1,0,0
CUST101386,55,female,self_employed,8.7,54700,717,3,47,1,0,2,19400.0,0.422,0.383,111100.0,31100.0,56700,36,personal,1,1,1,1,1,0
CUST101387,49,female,self_employed,1.4,41000,743,5,47,3,0,1,5200.0,0.251,0.221,18300.0,13200.0,231800,60,medical,1,1,1,1,1,1
CUST101388,40,female,salaried,7.8,27000,741,2,31,1,0,5,7500.0,0.289,0.298,198900.0,147400.0,20000,36,personal,1,1,1,1,1,0
CUST101389,33,male,salaried,9.7,90800,676,0,0,0,0,1,8700.0,0.31,0.187,219100.0,78500.0,395500,48,personal,1,1,1,1,0,0
CUST101390,54,male,business,13.9,24300,759,3,39,0,0,2,5700.0,0.314,0.285,39700.0,8100.0,59100,48,personal,1,1,0,1,0,1
CUST101391,43,male,salaried,4.3,80900,681,2,43,5,0,1,25500.0,0.342,0.418,321500.0,85700.0,397800,48,home,1,1,1,1,1,0
CUST101392,58,female,salaried,4.5,44800,704,3,34,2,0,0,13900.0,0.532,0.512,174300.0,105400.0,216600,24,vehicle,1,1,1,1,0,0
CUST101393,30,female,salaried,3.4,61300,675,5,114,6,0,4,5000.0,0.511,0.51,66600.0,25500.0,315000,12,home_improvement,1,1,1,1,0,0
CUST101394,55,male,self_employed,6.3,57100,750,4,81,3,0,3,9800.0,0.146,0.485,227400.0,170300.0,430000,24,personal,1,1,1,1,0,1
CUST101395,52,male,salaried,12.8,21600,648,3,58,5,0,4,1400.0,0.266,1.335,2900.0,1900.0,164600,6,vehicle,1,1,1,1,0,0
CUST101396,45,male,self_employed,11.3,29900,733,2,33,1,0,1,7500.0,0.635,0.496,156200.0,132200.0,132000,18,consumer,1,1,1,1,0,0
CUST101397,63,female,self_employed,8.7,63500,672,3,54,3,0,1,12300.0,0.375,0.5,459700.0,303800.0,350400,18,home,1,1,1,1,0,0
CUST101398,53,female,salaried,7.0,36700,625,2,31,3,0,1,9100.0,0.268,0.308,35200.0,14900.0,39500,18,consumer,1,1,0,1,0,0
CUST101399,62,male,salaried,7.2,32700,671,3,35,4,0,2,800.0,0.522,0.137,269600.0,190700.0,132600,36,home,1,1,1,1,0,0
CUST101400,52,male,salaried,7.8,98600,678,4,77,7,0,1,12300.0,0.636,0.296,74500.0,30400.0,606700,36,personal,1,1,1,1,0,1
CUST101401,34,male,business,2.3,45100,694,1,12,0,0,1,3800.0,0.53,0.208,93800.0,78700.0,268200,48,consumer,1,1,1,1,1,0
CUST101402,38,female,salaried,8.6,80800,671,5,97,8,0,1,23900.0,0.566,0.487,157000.0,133100.0,555200,36,business,0,1,1,1,0,0
CUST101403,60,male,business,1.0,91600,634,3,64,5,0,1,19100.0,0.498,0.308,95100.0,41900.0,219100,24,home_improvement,1,1,1,1,1,0
CUST101404,21,male,self_employed,7.7,72400,653,3,55,8,0,1,21300.0,0.237,0.383,405000.0,215500.0,307800,48,medical,1,1,1,1,1,0
CUST101405,62,female,business,11.1,97600,714,1,13,0,0,4,11800.0,0.333,0.132,337800.0,144200.0,62500,60,personal,1,1,1,1,0,1
CUST101406,63,female,salaried,1.3,47200,639,3,54,3,0,3,8000.0,0.718,0.272,97100.0,69800.0,232000,48,business,1,1,1,1,0,0
CUST101407,58,male,salaried,5.8,38300,674,0,0,0,0,1,9800.0,0.211,0.354,145200.0,81500.0,135200,36,vehicle,1,1,1,1,1,0
CUST101408,42,male,self_employed,8.9,39900,716,4,77,3,0,1,17600.0,0.239,0.858,271800.0,217800.0,199400,12,vehicle,1,1,1,1,0,0
CUST101409,51,female,contract,9.9,87200,704,1,14,0,0,1,3100.0,0.254,0.071,411600.0,334900.0,187200,60,personal,1,1,1,1,1,1
CUST101410,34,female,salaried,5.9,42700,682,1,19,0,0,2,10400.0,0.409,0.285,208800.0,141600.0,42400,24,home,1,1,1,1,0,0
CUST101411,29,female,salaried,2.4,21600,680,1,19,0,0,2,6300.0,0.315,0.541,63400.0,38300.0,194100,36,business,1,1,1,1,1,0
CUST101412,32,female,salaried,10.9,61800,696,4,38,2,0,2,15900.0,0.278,0.303,319600.0,65800.0,134500,48,medical,1,1,1,0,1,0
CUST101413,61,male,salaried,3.8,49900,641,2,40,0,0,1,10000.0,0.108,0.246,272600.0,169300.0,136000,60,personal,1,1,1,1,0,0
CUST101414,38,male,salaried,12.7,49600,655,3,43,2,0,1,14800.0,0.255,0.35,156200.0,46800.0,91800,36,vehicle,1,1,1,1,0,0
CUST101415,53,female,salaried,8.2,109500,638,4,69,3,0,2,12800.0,0.557,0.184,96300.0,49200.0,176200,24,vehicle,1,1,1,1,0,1
CUST101416,47,male,self_employed,0.8,48300,618,2,34,2,0,1,10700.0,0.209,0.484,221500.0,184800.0,152200,12,personal,1,1,1,1,1,0
CUST101417,65,male,business,12.5,58900,757,2,20,0,0,1,12700.0,0.29,0.297,290000.0,134500.0,230200,48,home_improvement,1,1,1,1,0,1
CUST101418,44,female,self_employed,5.5,61900,702,4,73,3,0,2,20700.0,0.422,0.434,423900.0,240400.0,221000,36,home_improvement,1,1,1,1,1,1
CUST101419,40,female,salaried,2.2,103700,697,3,36,0,0,0,31300.0,0.33,0.38,650100.0,486200.0,290000,36,vehicle,1,1,1,1,0,1
CUST101420,38,female,self_employed,7.9,57000,695,2,30,2,0,2,6800.0,0.299,0.167,95500.0,28800.0,97900,36,home,1,1,1,1,1,1
CUST101421,51,male,contract,2.7,32000,684,7,132,8,0,2,2200.0,0.779,0.139,84900.0,52600.0,107600,48,vehicle,1,1,1,1,1,0
CUST101422,24,female,self_employed,11.5,79100,748,1,16,0,0,3,29700.0,0.654,0.563,170200.0,82500.0,356600,24,personal,1,0,1,1,1,1
CUST101423,64,male,salaried,5.1,55800,668,2,38,0,0,0,18300.0,0.641,0.498,98100.0,69700.0,342400,36,consumer,1,1,1,1,1,0
CUST101424,65,female,self_employed,6.6,54400,708,3,35,1,0,4,6900.0,0.28,0.217,310100.0,154700.0,117700,24,education,1,1,1,1,0,0
CUST101425,25,female,business,7.7,59900,699,3,71,1,0,3,12900.0,0.524,0.308,293400.0,188800.0,265600,48,personal,1,1,1,1,0,0
CUST101426,21,male,salaried,12.3,45500,720,4,40,0,0,0,6600.0,0.39,0.52,270900.0,192600.0,307000,18,business,1,1,1,1,0,1
CUST101427,60,male,salaried,7.3,82200,674,4,41,3,0,1,30400.0,0.276,0.387,118800.0,40600.0,102000,72,vehicle,1,1,1,0,0,0
CUST101428,62,female,salaried,3.0,39600,660,2,44,4,0,2,7600.0,0.273,0.434,124000.0,109200.0,229700,24,personal,1,1,0,1,1,0
CUST101429,41,female,business,10.6,57700,702,3,65,1,0,2,2000.0,0.561,0.157,283000.0,161700.0,337800,48,home,1,1,1,1,1,0
CUST101430,22,male,self_employed,5.2,45500,672,3,30,0,0,1,15400.0,0.142,0.434,49800.0,,260200,60,vehicle,1,1,1,1,1,1
CUST101431,25,male,salaried,1.8,38700,686,0,0,0,0,1,16000.0,0.078,0.469,176000.0,124500.0,103800,48,personal,1,1,1,1,0,0
CUST101432,43,male,salaried,10.2,69600,795,2,24,0,0,1,3000.0,0.286,0.192,215900.0,64100.0,249500,24,vehicle,1,1,0,1,0,1
CUST101433,63,female,contract,9.6,43200,675,2,44,2,0,1,7900.0,0.492,0.745,157400.0,98600.0,291200,12,home,1,1,1,1,1,0
CUST101434,56,male,business,17.0,33100,697,4,89,7,0,0,10900.0,0.219,0.404,102000.0,30500.0,89300,36,business,1,1,1,1,1,1
CUST101435,22,male,self_employed,4.4,24400,646,3,32,1,1,1,7500.0,0.338,0.571,113400.0,57400.0,154200,24,home,1,1,1,1,1,0
CUST101436,50,male,salaried,6.3,96200,681,1,12,0,0,0,13200.0,0.663,0.197,130400.0,31400.0,137200,24,consumer,1,1,1,1,0,0
CUST101437,57,male,salaried,7.8,42600,756,1,10,1,0,1,12600.0,0.205,0.456,294900.0,168200.0,245000,36,consumer,1,1,1,1,0,1
CUST101438,52,male,salaried,9.9,43900,684,2,33,3,0,6,19600.0,0.528,0.886,180200.0,66600.0,231300,12,personal,1,1,0,1,0,0
CUST101439,40,male,salaried,14.0,72200,710,3,30,0,0,1,14500.0,0.258,0.286,296500.0,264900.0,445200,72,vehicle,1,1,1,1,1,1
CUST101440,25,male,salaried,7.9,53000,589,1,11,2,0,0,9600.0,0.378,0.22,92000.0,29900.0,74900,36,home,1,1,1,1,1,0
CUST101441,53,female,business,3.5,28300,616,3,34,2,0,2,9500.0,0.785,0.346,48000.0,20200.0,20000,72,consumer,1,1,1,1,0,0
CUST101442,59,female,salaried,9.8,49100,752,4,59,1,0,3,20300.0,0.599,0.491,58300.0,45900.0,274400,72,personal,1,1,1,1,0,0
CUST101443,45,female,salaried,2.0,19200,696,4,70,2,0,0,1600.0,0.266,0.16,60700.0,40500.0,88800,60,home_improvement,1,1,1,1,0,0
CUST101444,50,male,salaried,14.7,52300,745,2,30,2,0,2,15900.0,0.301,0.621,96800.0,83000.0,199100,12,personal,1,1,1,1,0,1
CUST101445,25,female,salaried,13.8,39200,787,4,48,0,0,2,6600.0,0.589,0.765,103900.0,42200.0,280600,12,home,1,1,1,1,1,1
CUST101446,63,male,business,1.8,119100,728,2,18,2,0,1,23900.0,0.234,0.235,283700.0,76500.0,97600,24,personal,1,1,1,1,1,1
CUST101447,37,male,salaried,6.1,47200,717,0,0,0,0,0,18000.0,0.139,0.431,230500.0,68900.0,139200,60,home_improvement,1,1,1,1,1,1
CUST101448,65,female,salaried,4.3,23700,662,2,31,5,0,1,6000.0,0.581,0.34,80900.0,37000.0,49200,24,business,1,1,1,1,0,0
CUST101449,27,female,salaried,19.2,45000,772,3,33,0,0,1,14000.0,0.231,0.389,315100.0,155300.0,210500,60,medical,1,1,1,1,1,1
CUST101450,54,female,salaried,2.6,64300,651,4,42,2,0,1,10400.0,0.742,0.268,297500.0,232800.0,164100,24,personal,1,1,1,1,1,0
CUST101451,54,male,self_employed,10.1,42200,805,6,90,0,0,0,1000.0,0.312,0.111,79400.0,70100.0,219800,60,personal,1,1,1,1,1,1
CUST101452,57,male,business,18.9,79800,755,5,54,1,0,3,13400.0,0.757,0.375,141800.0,81300.0,395700,24,home,1,1,1,1,1,1
CUST101453,33,female,salaried,13.5,53200,722,4,88,4,0,1,2700.0,0.437,0.194,256700.0,168300.0,273500,36,home,1,1,1,1,1,1
CUST101454,64,male,salaried,8.9,98600,744,1,20,0,0,1,20300.0,0.806,0.292,408800.0,89600.0,204900,24,business,1,1,1,1,0,1
CUST101455,39,female,salaried,2.5,35400,641,2,35,3,0,4,11200.0,0.562,0.676,159700.0,109000.0,305400,24,home,1,1,1,1,0,0
CUST101456,53,female,salaried,4.5,24700,655,3,43,5,0,2,4000.0,0.162,0.676,143200.0,81500.0,152300,12,vehicle,1,1,1,1,0,0
CUST101457,24,female,self_employed,3.8,70000,654,1,12,2,0,1,11800.0,0.754,0.334,293700.0,206400.0,138600,12,personal,1,1,1,1,0,0
CUST101458,48,female,salaried,4.8,47500,688,1,21,0,0,1,6900.0,0.433,1.141,334700.0,214500.0,283800,6,personal,1,1,1,1,1,0
CUST101459,32,female,self_employed,6.1,122600,693,2,20,0,0,0,39300.0,0.516,0.4,219700.0,177100.0,584200,60,personal,1,1,1,1,0,1
CUST101460,44,female,salaried,12.0,34400,646,2,38,2,1,1,3900.0,0.353,0.423,222400.0,174500.0,192000,18,personal,1,1,1,1,1,0
CUST101461,54,male,self_employed,4.6,119100,704,2,44,0,0,2,25900.0,0.197,0.456,844200.0,542400.0,681500,24,medical,1,1,1,1,0,1
CUST101462,44,female,business,10.3,61000,616,0,0,0,0,4,12900.0,0.759,0.308,386800.0,111100.0,212500,36,personal,0,1,1,1,0,0
CUST101463,24,male,self_employed,7.7,76600,727,5,76,4,0,2,25800.0,0.36,0.43,546400.0,195100.0,344200,48,consumer,1,1,0,1,0,1
CUST101464,49,female,salaried,12.0,58700,720,8,169,15,0,1,10400.0,0.353,0.243,9000.0,5500.0,92700,24,medical,1,1,1,1,1,1
CUST101465,37,female,salaried,2.6,97800,751,1,23,0,0,0,15600.0,0.519,0.234,178400.0,123600.0,435600,60,business,1,1,1,1,1,1
CUST101466,49,female,salaried,3.1,23300,658,1,11,1,0,1,800.0,0.1,0.156,117800.0,91100.0,34000,12,business,1,1,1,1,1,0
CUST101467,51,male,salaried,8.7,105800,720,4,66,2,0,2,14200.0,0.314,0.407,51300.0,29100.0,693100,24,home_improvement,1,1,1,1,0,1
CUST101468,21,male,self_employed,7.9,54800,674,3,35,4,0,1,9500.0,0.33,0.238,144500.0,53000.0,170500,48,vehicle,1,1,1,1,0,0
CUST101469,33,male,salaried,7.6,85700,762,2,44,2,0,3,29300.0,0.589,0.54,568100.0,125400.0,408200,24,consumer,1,1,1,1,0,1
CUST101470,27,female,salaried,8.6,65600,724,3,54,3,0,0,10700.0,0.235,0.34,390700.0,222300.0,139600,12,home,1,1,1,1,0,1
CUST101471,52,female,salaried,4.1,140200,760,4,48,0,0,3,33700.0,0.446,0.36,890900.0,199200.0,605400,36,education,1,1,1,1,1,1
CUST101472,39,male,salaried,9.7,82400,642,3,36,6,0,1,4700.0,0.478,0.185,82500.0,51400.0,190000,18,home,1,1,1,1,1,0
CUST101473,25,male,salaried,3.4,92400,692,3,56,4,1,0,5800.0,0.444,0.136,344600.0,79600.0,242000,36,personal,1,1,1,1,0,0
CUST101474,33,male,self_employed,14.0,89300,720,3,55,2,0,0,24700.0,0.168,0.324,133200.0,114300.0,204200,48,consumer,1,1,1,1,0,1
CUST101475,64,female,salaried,6.5,68100,625,6,112,8,0,2,18800.0,0.365,0.391,100600.0,55800.0,375600,48,personal,1,1,1,1,1,0
CUST101476,51,female,contract,7.7,126100,697,1,17,1,0,0,36400.0,0.044,0.348,213300.0,47200.0,446400,60,business,1,1,1,1,1,1
CUST101477,38,male,self_employed,7.6,48000,719,3,35,1,0,2,17400.0,0.308,0.422,213600.0,,102400,36,education,1,1,1,1,0,1
CUST101478,65,male,salaried,5.1,87800,665,5,112,8,0,1,6200.0,0.462,0.209,578900.0,257200.0,585300,48,education,1,1,1,1,1,0
CUST101479,51,male,salaried,20.1,79700,711,4,40,0,0,0,16800.0,0.136,0.318,263900.0,,307700,36,personal,1,1,1,1,0,1
CUST101480,32,female,business,,85800,721,1,14,0,0,3,6800.0,0.486,0.399,142900.0,29700.0,329700,12,vehicle,1,1,1,1,0,1
CUST101481,28,male,contract,6.1,58300,662,2,41,3,0,2,7700.0,0.379,0.24,352100.0,84100.0,226200,36,education,1,1,1,1,1,0
CUST101482,57,male,self_employed,14.6,34700,736,1,18,0,0,4,5000.0,0.461,0.154,176500.0,140300.0,20000,60,education,1,1,1,1,1,1
CUST101483,34,male,contract,9.7,38300,685,3,62,4,0,1,11700.0,0.232,0.444,79000.0,16600.0,190800,36,personal,1,1,1,1,1,1
CUST101484,37,female,self_employed,0.9,70000,725,4,93,3,0,2,8300.0,0.711,0.311,191600.0,39200.0,485900,36,vehicle,1,0,1,1,1,0
CUST101485,32,female,salaried,13.1,50100,672,1,20,2,0,1,7800.0,0.199,0.264,101200.0,25200.0,195700,36,personal,1,1,1,1,0,1
CUST101486,53,male,salaried,13.9,70300,615,2,44,4,0,0,10100.0,0.405,0.31,463400.0,120700.0,280700,24,personal,1,1,0,1,0,0
CUST101487,27,female,salaried,5.9,18900,741,5,87,3,0,2,1100.0,0.409,0.306,103800.0,69000.0,112300,24,home_improvement,1,1,1,1,0,1
CUST101488,24,male,self_employed,6.4,36100,740,2,39,1,0,3,9000.0,0.708,0.375,201200.0,83300.0,218500,48,business,1,1,1,1,0,0
CUST101489,47,female,self_employed,11.8,42900,789,1,19,0,0,2,6500.0,0.469,0.51,259000.0,128400.0,276500,18,consumer,1,1,0,1,0,1
CUST101490,49,female,contract,4.1,70800,671,3,61,8,1,2,12000.0,0.346,0.203,72500.0,37900.0,85600,36,business,1,1,1,0,0,0
CUST101491,49,male,contract,4.2,79900,745,2,37,1,0,2,20800.0,0.457,0.298,82400.0,22700.0,181800,60,medical,1,1,1,1,0,1
CUST101492,44,male,salaried,21.1,22400,667,1,19,0,0,0,2400.0,0.071,0.139,81500.0,,50600,72,personal,1,1,1,1,1,1
CUST101493,32,male,salaried,8.7,47200,642,1,16,2,0,1,18200.0,0.585,0.718,144900.0,119100.0,376300,24,medical,1,1,1,1,1,0
CUST101494,58,female,business,5.1,66500,659,1,16,1,0,2,20700.0,0.401,0.357,408100.0,295200.0,108900,36,personal,1,1,0,1,1,0
CUST101495,65,male,self_employed,7.8,62900,682,4,92,4,0,2,26200.0,0.481,0.489,50900.0,41100.0,217300,48,personal,1,1,1,1,1,0
CUST101496,26,female,salaried,8.7,58200,718,2,30,0,0,0,15400.0,0.33,0.388,412900.0,157300.0,172100,24,education,1,0,1,1,0,1
CUST101497,34,female,salaried,4.1,15900,735,1,22,1,0,1,4400.0,0.196,0.539,74100.0,51000.0,150300,36,personal,1,1,1,0,0,0
CUST101498,44,female,business,4.7,66100,675,1,24,0,0,2,8800.0,0.237,0.181,476600.0,303300.0,114100,36,personal,1,1,1,1,0,1
CUST101499,39,male,salaried,2.9,61600,712,4,56,0,0,0,11000.0,0.6,0.193,368000.0,270900.0,52700,60,business,1,1,0,1,1,1
CUST101500,59,female,contract,8.1,74800,666,3,43,2,0,0,26800.0,0.507,0.41,65700.0,19500.0,138000,36,vehicle,1,1,1,1,0,0
CUST101501,64,female,self_employed,4.7,49400,655,3,35,1,0,1,12500.0,0.163,0.361,162300.0,62500.0,191600,36,medical,1,1,0,1,0,0
CUST101502,52,female,salaried,5.8,40500,687,3,39,3,0,4,7000.0,0.386,0.386,65000.0,54700.0,51800,6,home,1,1,1,1,1,0
CUST101503,38,male,salaried,13.1,188600,761,3,29,1,0,1,70600.0,0.307,0.437,1218700.0,621800.0,704500,60,vehicle,1,1,1,0,0,1
CUST101504,28,female,salaried,6.6,57000,706,2,23,1,0,3,11700.0,0.753,0.649,241800.0,210100.0,303600,12,personal,1,1,0,1,1,0
CUST101505,54,male,salaried,5.2,22800,650,1,14,0,0,3,9100.0,0.202,0.51,108000.0,71900.0,181400,72,home,1,1,1,1,1,0
CUST101506,59,male,salaried,11.8,79000,729,2,32,2,0,1,25700.0,0.234,0.789,565500.0,159700.0,219900,6,education,1,1,1,1,0,1
CUST101507,64,male,salaried,8.6,49500,625,6,127,17,0,0,10300.0,0.26,0.326,174600.0,60400.0,210300,36,education,1,1,1,1,1,0
CUST101508,31,female,salaried,4.5,49200,733,0,0,0,0,1,16200.0,0.154,0.453,147800.0,113900.0,292800,48,home,1,1,1,1,1,0
CUST101509,49,female,salaried,4.7,71200,720,2,30,2,0,2,17100.0,0.466,0.394,131200.0,67500.0,394900,36,home_improvement,1,1,0,1,1,1
CUST101510,24,female,salaried,7.6,54500,703,1,9,1,0,0,15800.0,0.132,0.675,175100.0,65700.0,377500,18,personal,1,1,1,1,1,1
CUST101511,63,male,salaried,5.3,49400,664,3,68,4,0,1,6100.0,0.544,0.186,165500.0,62800.0,55700,18,education,0,1,1,1,1,0
CUST101512,24,male,self_employed,4.9,51300,700,1,20,0,0,2,20000.0,0.503,0.4,86900.0,30100.0,37900,72,vehicle,1,1,1,1,1,1
CUST101513,56,female,salaried,19.0,54800,734,4,90,2,0,2,17400.0,0.634,0.398,295000.0,119300.0,263200,60,home,1,1,1,1,1,1
CUST101514,56,female,salaried,9.0,96500,779,1,21,0,0,3,34800.0,0.556,0.398,207700.0,131600.0,175300,48,personal,1,1,1,1,0,1
CUST101515,41,male,self_employed,11.3,59700,618,2,21,1,0,1,20800.0,0.533,0.492,378000.0,211400.0,205700,24,personal,1,1,1,1,1,0
CUST101516,58,male,salaried,2.9,74100,685,2,30,4,0,1,19100.0,0.559,0.312,336100.0,143700.0,191700,48,vehicle,1,1,1,1,1,0
CUST101517,23,male,contract,9.1,40900,618,0,0,0,0,2,4900.0,0.52,0.202,139300.0,122900.0,160900,48,personal,1,1,1,1,1,0
CUST101518,60,female,salaried,3.5,76000,678,2,34,0,0,0,16800.0,0.459,0.451,70500.0,30000.0,209500,12,vehicle,1,1,0,1,1,0
CUST101519,37,male,salaried,3.6,91700,606,5,58,12,0,0,16300.0,0.281,0.285,43200.0,26800.0,588000,60,business,1,1,1,1,0,0
CUST101520,54,female,salaried,1.8,43600,632,0,0,0,0,2,18200.0,0.167,0.596,240900.0,107600.0,140500,18,consumer,1,1,1,1,0,0
CUST101521,26,male,salaried,12.5,40800,811,7,132,1,0,1,11700.0,0.264,0.451,219800.0,108500.0,120800,18,home_improvement,1,1,1,1,1,1
CUST101522,61,female,salaried,9.0,44900,712,2,42,2,0,1,4100.0,0.325,0.104,117100.0,24200.0,20000,36,vehicle,1,1,1,1,1,1
CUST101523,27,female,self_employed,9.7,48100,693,3,50,4,0,0,14300.0,0.236,0.398,289900.0,70000.0,116800,24,personal,1,1,1,1,1,0
CUST101524,62,male,salaried,4.0,64100,671,3,67,5,0,0,10100.0,0.358,0.185,384800.0,161400.0,125800,72,personal,1,1,1,1,1,1
CUST101525,34,female,salaried,7.6,75700,723,2,37,3,0,0,4200.0,0.554,0.083,472300.0,268400.0,100400,48,medical,1,1,1,1,1,1
CUST101526,45,female,salaried,2.4,30700,670,5,58,7,0,1,5000.0,0.312,0.419,70900.0,14600.0,188700,24,business,1,1,1,1,0,0
CUST101527,51,male,salaried,6.5,41900,679,2,23,1,0,1,17300.0,0.229,0.535,275500.0,150500.0,246100,48,vehicle,1,1,1,1,1,0
CUST101528,49,female,self_employed,22.0,56300,744,3,30,0,0,0,21600.0,0.265,0.458,289800.0,62100.0,150600,36,education,1,1,1,1,1,1
CUST101529,46,female,self_employed,4.3,52100,669,0,0,0,0,0,14700.0,0.392,0.418,82200.0,58300.0,255700,36,personal,1,1,1,1,0,0
CUST101530,63,male,salaried,3.2,61200,753,3,38,1,0,3,3300.0,0.778,0.099,157900.0,60800.0,197600,72,personal,1,1,1,1,0,1
CUST101531,48,female,contract,8.1,154300,753,4,87,1,0,0,34800.0,0.47,0.33,1049400.0,218700.0,970700,60,personal,1,1,1,1,0,1
CUST101532,44,male,self_employed,12.7,66500,693,3,63,6,0,2,1500.0,0.34,0.229,83800.0,51500.0,329900,24,medical,1,1,1,1,0,1
CUST101533,24,male,self_employed,4.8,101900,714,1,16,1,0,1,21100.0,0.259,0.342,242300.0,93000.0,330600,24,personal,1,1,1,1,0,1
CUST101534,31,female,salaried,4.3,22500,655,3,42,3,0,3,2900.0,0.237,0.243,46500.0,20200.0,154400,60,home,1,1,1,1,0,0
CUST101535,41,male,salaried,13.1,25700,654,1,19,1,0,3,3200.0,0.414,0.162,131000.0,57200.0,35000,36,consumer,1,1,1,1,1,0
CUST101536,63,female,salaried,3.8,88900,599,6,55,11,0,3,17100.0,0.479,0.311,582800.0,172400.0,380000,36,home,1,1,1,1,0,0
CUST101537,44,male,salaried,9.0,128300,793,2,34,0,0,2,12100.0,0.428,0.241,716400.0,244200.0,678300,36,medical,1,1,1,1,1,1
CUST101538,23,female,contract,2.8,53500,735,3,35,1,0,2,19200.0,0.333,0.559,73700.0,17200.0,192700,18,home_improvement,1,1,1,1,0,0
CUST101539,30,female,salaried,7.5,28500,665,5,106,9,0,0,800.0,0.831,0.163,146800.0,116600.0,69000,18,education,1,1,1,1,1,0
CUST101540,47,male,salaried,3.3,65300,712,8,91,5,0,1,11600.0,0.476,0.22,329100.0,166400.0,100200,36,business,1,1,1,1,0,1
CUST101541,27,female,business,7.4,43600,696,2,34,2,0,3,10900.0,0.233,0.288,44400.0,24200.0,79700,48,vehicle,1,1,1,1,1,1
CUST101542,62,female,salaried,9.6,42300,678,0,0,0,0,0,12400.0,0.765,0.346,170300.0,37400.0,135400,60,home,1,1,1,1,1,0
CUST101543,30,male,contract,13.1,26100,698,3,35,1,0,2,2200.0,0.117,0.353,163100.0,41300.0,84300,12,vehicle,1,1,1,1,1,1
CUST101544,54,male,self_employed,2.8,141600,724,3,44,1,0,3,18800.0,0.205,0.321,977000.0,430000.0,957900,36,vehicle,0,1,1,1,1,1
CUST101545,54,male,self_employed,4.7,71600,702,3,48,3,0,0,23100.0,0.068,0.432,70900.0,50500.0,375700,48,vehicle,1,1,1,1,0,1
CUST101546,48,male,salaried,4.5,61300,694,5,64,6,0,2,7500.0,0.357,0.189,154500.0,90200.0,293200,72,education,1,1,1,1,0,1
CUST101547,47,female,salaried,7.9,71100,678,3,57,6,0,1,9300.0,0.374,0.349,290700.0,114200.0,559400,36,business,1,1,1,1,1,0
CUST101548,42,female,salaried,4.8,21500,698,1,20,1,0,3,8700.0,0.622,1.137,103800.0,44600.0,94500,6,home,1,1,1,1,1,0
CUST101549,29,male,salaried,3.7,36000,656,5,105,10,0,2,9900.0,0.51,0.669,146200.0,58700.0,170000,12,personal,1,1,1,1,1,0
CUST101550,33,female,business,11.4,83600,684,2,22,0,0,1,19400.0,0.634,0.309,449300.0,275300.0,153700,24,vehicle,1,1,1,1,0,1
CUST101551,41,male,contract,5.8,51800,720,0,0,0,0,1,20400.0,0.548,0.499,97600.0,74800.0,261900,48,vehicle,1,1,1,1,0,0
CUST101552,46,female,salaried,8.9,71000,700,2,19,3,0,2,27300.0,0.179,0.511,174500.0,112800.0,215800,24,personal,1,1,1,1,0,1
CUST101553,59,female,business,12.4,36100,713,4,76,4,0,2,4500.0,0.184,0.63,98000.0,,219000,12,business,1,1,1,1,0,0
CUST101554,54,male,salaried,30.0,69700,780,5,113,2,1,1,19200.0,0.301,0.414,117400.0,60700.0,346700,36,business,1,1,1,1,0,1
CUST101555,65,female,self_employed,13.1,57400,674,3,41,1,0,3,9100.0,0.574,0.243,163000.0,99800.0,290600,60,personal,1,1,1,1,1,0
CUST101556,46,male,self_employed,8.2,76100,641,3,65,4,1,1,27600.0,0.639,0.498,117400.0,46300.0,370800,36,home,1,1,1,1,1,0
CUST101557,41,female,business,5.4,63400,682,0,0,0,0,3,14900.0,0.335,0.476,371300.0,210100.0,367000,24,vehicle,1,1,1,1,1,0
CUST101558,55,female,salaried,4.5,102000,741,1,15,0,0,1,13400.0,0.459,0.185,597700.0,352700.0,262500,48,education,1,1,1,1,1,1
CUST101559,42,male,salaried,2.4,53500,714,0,0,0,0,1,300.0,0.776,0.123,92400.0,40100.0,226400,36,personal,1,1,0,1,0,0
CUST101560,64,female,salaried,3.3,55700,683,3,29,1,0,1,13200.0,0.311,0.353,267200.0,79700.0,231700,36,home,1,1,1,1,0,0
CUST101561,45,male,salaried,,56900,726,6,95,1,0,1,19800.0,0.526,0.368,286100.0,202600.0,40400,36,consumer,1,1,1,1,0,1
CUST101562,49,female,salaried,9.0,93500,603,2,32,4,0,1,6700.0,0.173,0.151,301000.0,85700.0,265900,36,personal,1,1,1,1,0,0
CUST101563,63,female,salaried,7.2,38500,736,2,21,1,0,1,3200.0,0.353,0.227,185600.0,91900.0,198800,36,home,1,1,1,1,1,1
CUST101564,52,male,self_employed,8.6,32600,652,3,30,0,0,3,7700.0,0.564,0.36,219100.0,109500.0,72700,18,home_improvement,1,1,1,1,1,0
CUST101565,37,female,salaried,7.2,48500,636,6,126,12,0,1,9300.0,0.573,0.29,287500.0,132700.0,229400,48,home_improvement,1,1,1,1,1,0
CUST101566,59,female,self_employed,9.3,53200,665,4,71,5,0,1,9200.0,0.212,0.413,333800.0,119500.0,153300,12,business,1,1,1,1,1,0
CUST101567,62,female,business,9.5,60300,698,5,116,4,0,0,16100.0,0.372,0.341,383900.0,293900.0,161200,36,personal,1,1,1,1,1,1
CUST101568,45,female,salaried,13.5,46600,675,1,15,0,0,0,13600.0,0.372,0.344,326100.0,194900.0,174200,72,personal,1,1,1,1,0,0
CUST101569,58,female,contract,9.5,47800,708,0,0,0,0,1,16900.0,0.282,0.426,278800.0,238100.0,249200,72,medical,1,1,1,1,1,1
CUST101570,33,male,salaried,2.2,88600,644,3,31,5,1,0,26000.0,0.053,0.337,493700.0,162800.0,231800,60,consumer,1,1,1,1,1,0
CUST101571,42,male,self_employed,11.2,86800,711,3,60,3,0,2,32100.0,0.335,0.518,289900.0,102800.0,231000,18,vehicle,1,1,1,1,1,1
CUST101572,56,female,salaried,8.9,21700,682,2,15,5,0,2,10500.0,0.68,0.599,0.0,0.0,59800,24,business,1,1,1,1,1,0
CUST101573,29,female,business,7.6,118600,753,1,10,0,0,1,41200.0,0.416,0.55,617100.0,445900.0,432700,18,consumer,1,1,1,1,0,1
CUST101574,58,male,self_employed,6.4,32100,654,1,17,1,0,2,4900.0,0.516,0.291,92800.0,32200.0,159800,36,medical,1,1,1,1,1,0
CUST101575,62,male,contract,12.4,58600,654,1,19,1,0,1,19400.0,0.138,1.46,367300.0,243600.0,397000,6,personal,1,1,1,1,1,0
CUST101576,65,male,contract,16.7,116800,779,2,44,0,0,2,40900.0,0.644,0.439,499700.0,248600.0,750000,72,business,1,1,1,1,0,1
CUST101577,27,female,salaried,24.8,87100,678,3,43,2,0,1,31600.0,0.566,0.732,69300.0,27000.0,385800,12,education,1,1,1,1,0,0
CUST101578,21,male,self_employed,11.9,62500,727,3,39,0,0,3,15400.0,0.231,0.412,223200.0,190000.0,249000,24,vehicle,1,1,1,1,0,1
CUST101579,37,female,salaried,5.9,92800,669,3,55,2,0,4,17900.0,0.617,0.351,184900.0,128700.0,529600,36,education,1,1,1,1,0,1
CUST101580,43,female,self_employed,7.9,32100,610,5,66,4,0,1,12700.0,0.515,0.526,95700.0,76800.0,200300,48,personal,1,1,1,1,0,0
CUST101581,44,male,salaried,1.3,76900,745,3,43,2,0,3,17300.0,0.731,0.369,75300.0,65400.0,400100,36,home,1,1,1,1,0,0
CUST101582,23,male,contract,13.1,70300,724,1,18,2,0,1,13700.0,0.279,0.317,281700.0,238500.0,309300,36,home,1,1,1,1,1,1
CUST101583,50,male,contract,4.3,108900,701,3,56,7,0,1,25800.0,0.328,0.382,571200.0,510100.0,567300,36,personal,1,1,1,1,0,1
CUST101584,43,female,self_employed,5.1,57900,685,2,22,0,0,0,11000.0,0.155,0.338,224200.0,132600.0,205700,24,business,1,1,0,1,1,0
CUST101585,36,female,salaried,9.2,43200,731,4,84,4,0,3,9500.0,0.403,0.296,112000.0,59800.0,237100,72,business,1,1,1,1,0,1
CUST101586,42,male,business,4.3,160900,768,3,38,1,0,2,22700.0,0.247,0.218,271200.0,69900.0,448200,36,business,1,1,1,1,0,1
CUST101587,46,male,salaried,2.1,85100,697,0,0,0,0,0,21000.0,0.057,0.355,139200.0,94100.0,444000,48,education,1,1,1,1,0,0
CUST101588,30,female,self_employed,9.4,64500,706,3,62,4,0,1,22400.0,0.09,0.463,228300.0,116800.0,356900,48,personal,1,1,1,1,0,1
CUST101589,54,male,business,7.1,62300,700,3,54,6,0,0,13300.0,0.208,0.271,397600.0,254900.0,129100,36,business,1,1,1,1,0,1
CUST101590,65,male,salaried,6.8,77900,684,6,89,7,0,1,24300.0,0.123,0.384,225900.0,187600.0,271200,48,personal,1,1,1,1,0,0
CUST101591,37,male,salaried,3.7,58700,719,2,45,3,0,0,10800.0,0.176,0.401,326100.0,107900.0,306300,24,education,1,1,1,1,0,0
CUST101592,54,female,salaried,10.8,72900,698,2,25,1,0,1,900.0,0.495,0.266,384700.0,293200.0,443000,24,home,1,1,1,1,1,1
CUST101593,23,female,salaried,3.1,41700,643,2,43,1,0,0,2100.0,0.221,0.141,243700.0,103000.0,90700,24,consumer,1,1,1,1,0,0
CUST101594,38,male,salaried,6.7,52400,681,3,46,2,0,1,5900.0,0.358,0.167,319800.0,239700.0,136700,48,business,1,1,1,1,0,0
CUST101595,46,male,salaried,7.7,164000,669,4,48,4,0,0,25000.0,0.069,0.248,242100.0,169400.0,566700,36,business,1,1,1,1,1,1
CUST101596,56,female,salaried,8.0,25400,706,2,46,2,0,4,2400.0,0.405,0.186,47800.0,18600.0,111000,48,home,1,0,1,1,0,0
CUST101597,34,female,contract,19.1,57600,732,5,91,4,0,2,14200.0,0.123,0.333,130800.0,57500.0,359100,72,home,1,1,1,1,1,1
CUST101598,32,female,salaried,4.8,28400,697,2,24,4,0,1,7400.0,0.276,0.397,156700.0,122500.0,93300,24,home,1,1,1,1,1,0
CUST101599,59,female,contract,5.8,84500,716,2,20,0,0,2,15400.0,0.375,0.284,75100.0,46300.0,516500,60,home,1,1,1,1,1,1
CUST101600,33,female,self_employed,11.8,122100,670,4,85,3,0,4,37400.0,0.62,0.419,575300.0,271000.0,495100,36,home,1,1,1,1,0,0
CUST101601,30,male,self_employed,4.1,37700,643,3,57,6,0,2,13000.0,0.622,0.364,52000.0,17200.0,44400,60,personal,1,1,1,1,1,0
CUST101602,55,male,salaried,9.9,48000,756,6,65,1,0,0,16100.0,0.337,0.457,194400.0,149400.0,140200,24,medical,1,1,1,1,1,1
CUST101603,24,male,salaried,4.7,52900,739,4,51,1,0,0,7700.0,0.161,0.281,316300.0,217200.0,258700,36,personal,1,1,1,0,1,1
CUST101604,52,female,salaried,14.4,77400,695,0,0,0,0,0,5300.0,0.404,0.124,408700.0,333900.0,103300,24,home,1,1,1,1,0,1
CUST101605,42,male,salaried,6.1,98700,753,0,0,0,0,1,15300.0,0.294,0.502,162400.0,86000.0,616000,18,vehicle,1,1,1,1,1,1
CUST101606,56,female,salaried,6.7,47300,735,1,22,1,0,2,6300.0,0.266,0.162,94000.0,32300.0,48400,36,home,1,1,1,1,0,0
CUST101607,59,male,self_employed,4.8,77500,711,5,89,6,0,1,600.0,0.196,0.077,132300.0,55500.0,257000,48,business,1,1,1,1,0,1
CUST101608,38,male,contract,17.5,64400,757,0,0,0,0,1,20800.0,0.467,0.418,245500.0,166600.0,293300,48,personal,1,1,1,1,0,1
CUST101609,32,male,salaried,13.0,48500,708,4,62,2,0,3,5100.0,0.297,0.263,104300.0,28700.0,137700,18,home_improvement,1,1,1,1,1,0
CUST101610,29,male,business,1.8,41100,671,3,30,3,0,0,5100.0,0.415,0.227,191800.0,84300.0,101500,24,home_improvement,1,1,1,1,1,0
CUST101611,53,female,business,4.3,120800,748,4,44,0,0,0,7900.0,0.426,0.289,606900.0,308600.0,647300,24,home_improvement,1,1,1,1,0,1
CUST101612,40,male,contract,9.9,117300,746,1,15,1,0,0,23600.0,0.433,0.699,586400.0,335900.0,700700,12,business,1,1,1,1,1,1
CUST101613,57,female,salaried,3.5,81900,713,0,0,0,0,4,15600.0,0.363,0.262,111500.0,64400.0,210700,36,medical,1,1,1,1,0,0
CUST101614,54,female,salaried,10.1,68300,671,3,45,3,0,1,24500.0,0.261,0.419,292900.0,165400.0,147200,36,home,1,1,1,1,0,1
CUST101615,65,female,salaried,5.5,19100,633,5,112,3,0,1,1300.0,0.511,0.106,16300.0,14500.0,52300,72,personal,1,1,1,1,1,0
CUST101616,59,male,salaried,4.0,76100,669,0,0,0,0,1,13100.0,0.554,0.255,266600.0,86900.0,303800,48,home_improvement,1,1,1,1,1,0
CUST101617,62,female,self_employed,12.4,86100,717,2,24,0,0,0,3000.0,0.027,0.215,43000.0,24200.0,372200,24,home,1,1,1,1,1,1
CUST101618,61,female,salaried,4.8,31400,716,1,10,2,0,3,8700.0,0.51,0.443,70500.0,57600.0,125000,24,vehicle,1,0,1,1,0,0
CUST101619,61,male,salaried,2.2,50600,671,3,48,3,0,0,5500.0,0.065,0.251,259600.0,92000.0,259300,36,personal,1,1,1,1,1,0
CUST101620,65,male,contract,10.9,168200,859,5,120,0,0,2,38500.0,0.24,0.383,246300.0,135800.0,623400,24,education,1,1,1,1,1,1
CUST101621,38,female,salaried,30.0,78300,793,3,30,0,0,2,10200.0,0.333,0.334,180300.0,127800.0,286800,18,home,1,1,1,1,1,1
CUST101622,35,female,self_employed,5.0,43900,655,3,29,1,0,0,11000.0,0.501,0.412,84300.0,25800.0,169800,24,home_improvement,1,1,1,1,0,0
CUST101623,47,male,salaried,6.2,108000,700,2,35,5,0,0,20400.0,0.314,0.225,467800.0,190600.0,234900,60,home_improvement,1,1,1,1,1,1
CUST101624,58,female,salaried,2.2,55900,639,4,46,10,0,1,21900.0,0.347,0.489,266100.0,211300.0,195800,36,personal,1,1,1,1,0,0
CUST101625,29,male,business,6.5,101200,712,6,124,2,0,3,10600.0,0.414,0.328,392400.0,123100.0,541700,24,consumer,1,1,1,1,0,0
CUST101626,65,male,salaried,13.0,79500,736,2,22,0,0,1,21100.0,0.295,0.464,306400.0,266100.0,568700,36,personal,1,1,1,1,1,1
CUST101627,34,female,business,7.5,59700,753,5,62,3,0,0,7200.0,0.356,0.33,390800.0,163500.0,150100,12,vehicle,1,1,1,1,1,1
CUST101628,33,male,salaried,4.6,50600,700,2,47,1,0,3,12300.0,0.527,0.39,298600.0,113400.0,357000,48,education,1,1,1,1,1,0
CUST101629,38,male,self_employed,4.0,52800,613,1,20,3,0,1,5800.0,0.198,0.335,42000.0,22500.0,284700,24,home,0,1,1,1,1,0
CUST101630,21,female,salaried,13.0,53100,730,6,133,5,0,3,5200.0,0.362,0.23,106200.0,32700.0,83900,12,business,1,1,1,1,0,1
CUST101631,38,male,self_employed,17.1,48900,736,8,107,5,0,0,16000.0,0.367,0.366,337600.0,278100.0,136400,72,vehicle,1,0,1,1,1,1
CUST101632,27,female,salaried,3.1,41900,702,2,48,0,0,1,10800.0,0.447,0.42,332800.0,97900.0,244900,36,home,1,1,1,1,0,0
CUST101633,57,female,salaried,7.3,82900,672,1,18,2,0,0,8800.0,0.364,0.177,551000.0,381300.0,283200,48,business,1,1,1,1,0,1
CUST101634,55,male,self_employed,8.7,32500,725,1,18,0,0,2,2400.0,0.267,0.153,196200.0,173100.0,122900,48,consumer,1,1,1,1,1,1
CUST101635,49,male,salaried,24.8,167200,761,5,117,3,0,3,58100.0,0.245,0.639,226000.0,66900.0,584300,12,home,1,1,1,1,0,1
CUST101636,57,female,self_employed,3.4,45600,673,5,90,10,0,1,14800.0,0.609,0.351,237300.0,69100.0,71300,60,vehicle,1,1,1,1,1,0
CUST101637,28,male,salaried,10.4,38600,696,1,23,0,0,0,9300.0,0.199,0.333,228400.0,153100.0,127300,36,consumer,1,1,1,1,1,1
CUST101638,32,male,salaried,5.0,34700,692,4,39,5,0,1,8200.0,0.285,0.287,202900.0,137000.0,63500,36,vehicle,1,1,1,1,0,1
CUST101639,60,female,salaried,14.8,137400,698,3,41,1,0,0,24100.0,0.228,0.238,381100.0,128800.0,155300,18,consumer,1,1,1,1,1,1
CUST101640,63,male,salaried,6.5,63000,683,2,32,4,0,1,18200.0,0.69,0.364,390100.0,132200.0,113800,24,personal,1,1,1,1,1,0
CUST101641,33,male,business,6.3,75700,712,2,35,3,0,1,2600.0,0.186,0.313,133300.0,103000.0,506700,24,home,1,1,1,1,0,1
CUST101642,31,male,salaried,12.1,77900,635,1,10,3,0,3,5600.0,0.449,0.164,148700.0,79000.0,259000,36,business,1,1,1,1,1,0
CUST101643,26,male,salaried,18.7,64900,715,1,12,1,0,2,9700.0,0.42,0.198,60300.0,37700.0,113800,36,business,1,1,1,1,0,1
CUST101644,53,male,self_employed,5.8,75900,715,2,22,0,0,1,20200.0,0.341,0.383,36100.0,11000.0,426800,48,consumer,1,0,1,1,0,1
CUST101645,50,male,business,5.0,64100,658,1,20,4,0,0,21600.0,0.165,0.426,317400.0,253600.0,205300,36,vehicle,1,1,1,1,1,0
CUST101646,29,male,salaried,3.5,96600,735,8,139,5,0,1,35500.0,0.205,0.45,102200.0,85200.0,288000,36,vehicle,1,1,1,1,0,1
CUST101647,48,female,self_employed,3.6,27400,689,2,38,2,0,0,1500.0,0.205,0.167,37100.0,8100.0,111000,36,personal,1,1,0,1,0,0
CUST101648,55,female,self_employed,7.7,74500,744,2,42,0,0,1,8700.0,0.42,0.274,183900.0,66900.0,421600,36,medical,1,1,1,1,0,1
CUST101649,34,male,salaried,4.8,56900,704,3,67,2,0,0,20500.0,0.348,0.538,388300.0,156900.0,364900,36,personal,1,1,1,1,0,1
CUST101650,23,male,salaried,5.5,65200,670,0,0,0,0,1,15000.0,0.124,0.263,78900.0,39000.0,52100,24,consumer,1,1,1,1,0,0
CUST101651,30,male,contract,6.4,55700,689,1,11,0,0,1,11700.0,0.337,0.273,179300.0,37900.0,63000,18,vehicle,1,1,1,1,1,1
CUST101652,47,male,self_employed,8.2,34700,627,2,43,1,0,0,12000.0,0.343,0.458,37400.0,30300.0,46800,12,personal,1,1,1,1,1,0
CUST101653,44,male,salaried,10.3,52700,695,2,24,0,0,2,6300.0,0.325,0.306,273000.0,116600.0,353700,36,education,1,1,1,1,1,0
CUST101654,36,male,salaried,8.5,122200,762,2,44,2,0,1,46100.0,0.094,0.531,355700.0,216900.0,338900,18,business,1,1,1,1,0,1
CUST101655,45,male,salaried,16.5,79600,731,3,46,2,0,1,35500.0,0.166,0.575,351600.0,178800.0,616400,60,vehicle,1,1,1,1,1,1
CUST101656,50,female,business,3.0,64800,700,2,45,1,0,2,17800.0,0.753,0.421,328100.0,231900.0,341400,36,vehicle,1,1,1,1,1,0
CUST101657,63,male,salaried,11.3,27900,748,1,18,0,0,2,11900.0,0.2,0.486,119700.0,39100.0,20000,12,personal,1,1,1,1,1,1
CUST101658,60,male,self_employed,9.5,61100,663,6,109,5,0,0,8200.0,0.15,0.246,304100.0,66500.0,245800,36,home_improvement,1,1,1,1,1,1
CUST101659,51,male,self_employed,8.0,68100,755,3,39,0,0,2,20500.0,0.859,0.477,184500.0,50400.0,432300,36,personal,1,1,1,1,1,1
CUST101660,35,female,contract,10.0,118300,741,6,105,3,0,0,16800.0,0.123,0.383,789900.0,236000.0,685600,24,personal,1,1,1,1,1,1
CUST101661,38,male,self_employed,14.7,70900,732,2,22,0,0,2,8300.0,0.372,0.187,143400.0,107900.0,356000,72,consumer,1,1,1,1,0,1
CUST101662,63,male,salaried,23.6,55300,669,2,43,5,0,1,19800.0,0.367,0.397,381900.0,221600.0,130600,60,business,1,1,1,1,1,1
CUST101663,35,female,salaried,13.1,145000,776,5,75,0,0,2,48800.0,0.71,0.377,327300.0,118900.0,284700,48,medical,1,1,1,1,1,1
CUST101664,41,male,salaried,6.6,55500,745,2,42,0,0,2,13900.0,0.375,0.339,26700.0,9400.0,176000,36,consumer,1,1,0,1,0,1
CUST101665,65,female,business,3.9,60500,654,7,68,9,0,2,9900.0,0.425,0.195,157200.0,130600.0,68200,36,consumer,1,1,1,1,1,0
CUST101666,38,female,business,6.3,28800,740,1,17,0,0,1,3500.0,0.148,0.203,77800.0,54200.0,140100,60,home,1,1,0,1,1,1
CUST101667,56,male,salaried,15.1,94800,663,1,11,1,0,1,39300.0,0.407,0.531,102400.0,58500.0,530600,48,vehicle,1,1,1,1,1,1
CUST101668,30,male,business,4.6,37900,669,6,135,9,0,2,6600.0,0.519,0.407,157500.0,65900.0,211500,24,business,1,0,1,1,1,0
CUST101669,38,female,self_employed,9.7,31400,660,1,17,2,0,1,11500.0,0.142,0.508,140500.0,78500.0,80200,18,consumer,1,1,1,1,1,0
CUST101670,23,female,salaried,2.3,29600,697,2,25,3,0,0,2600.0,0.262,0.127,162700.0,117400.0,41900,36,consumer,1,1,1,1,1,0
CUST101671,58,male,business,4.7,93000,731,1,22,1,0,0,28400.0,0.631,0.399,186700.0,135500.0,623900,72,education,1,1,1,1,0,1
CUST101672,23,male,salaried,8.7,43400,701,7,144,10,0,0,0.0,0.61,0.032,142100.0,113800.0,84600,60,business,1,1,1,1,0,0
CUST101673,58,female,salaried,5.0,64100,622,4,40,4,0,1,2200.0,0.543,0.04,78000.0,65600.0,26400,72,home,1,1,1,1,0,0
CUST101674,59,female,salaried,6.4,65400,692,1,14,2,0,1,20500.0,0.218,0.428,88800.0,55000.0,358600,48,home,1,1,1,0,1,0
CUST101675,28,female,salaried,7.5,72200,591,1,19,4,0,0,19100.0,0.537,0.465,266100.0,88300.0,346600,24,personal,1,1,1,1,1,0
CUST101676,21,male,business,4.7,36500,673,3,44,1,0,1,11300.0,0.209,0.435,30900.0,6400.0,110200,24,vehicle,1,1,1,1,0,0
CUST101677,64,male,salaried,4.9,38300,675,3,41,7,0,0,3300.0,0.509,0.303,98000.0,87600.0,199700,24,vehicle,1,1,1,1,1,0
CUST101678,50,female,contract,7.4,39300,709,1,23,1,0,2,9200.0,0.511,0.311,296400.0,88200.0,145900,48,personal,1,1,1,1,1,1
CUST101679,47,male,salaried,6.0,68600,724,0,0,0,0,2,17600.0,0.128,0.305,484900.0,102400.0,240600,72,vehicle,1,1,1,1,1,1
CUST101680,48,female,salaried,6.2,62900,720,2,20,2,0,0,15800.0,0.22,0.453,160300.0,98100.0,304700,24,education,1,1,1,1,1,1
CUST101681,54,female,business,3.6,109700,716,4,50,2,0,1,13000.0,0.258,0.241,28000.0,,484700,36,consumer,1,1,1,1,0,1
CUST101682,47,male,self_employed,5.1,83800,761,3,33,0,0,0,5100.0,0.496,0.482,401700.0,116500.0,423700,12,personal,1,1,1,1,1,1
CUST101683,55,male,contract,6.1,72800,681,1,11,0,0,0,1600.0,0.239,0.13,106400.0,47100.0,378000,48,business,1,1,1,1,0,1
CUST101684,41,male,self_employed,6.1,29700,646,4,41,7,0,0,6000.0,0.527,0.339,108300.0,89700.0,146600,36,home,1,1,1,1,1,0
CUST101685,22,female,salaried,8.7,21800,681,0,0,0,0,2,2000.0,0.569,0.196,24700.0,21000.0,81800,36,education,1,1,1,1,0,0
CUST101686,23,female,self_employed,3.5,252300,761,3,41,1,0,2,31600.0,0.371,0.173,186800.0,83000.0,290700,24,home_improvement,1,1,1,1,1,1
CUST101687,54,male,business,0.9,80000,703,5,71,4,0,5,8000.0,0.99,0.152,523600.0,392800.0,148700,36,personal,1,1,1,1,0,0
CUST101688,29,female,self_employed,5.9,44400,631,2,19,1,0,1,9200.0,0.366,0.459,127200.0,102700.0,268300,24,home,1,1,1,1,1,0
CUST101689,25,male,self_employed,7.4,33900,677,2,29,1,0,0,5800.0,0.61,1.331,99600.0,43700.0,236000,6,business,1,0,1,1,0,0
CUST101690,52,female,salaried,6.7,66800,676,2,37,1,0,0,12200.0,0.178,0.285,460900.0,295100.0,329800,48,business,1,1,1,1,1,1
CUST101691,28,male,salaried,3.4,62200,642,5,50,5,0,0,0.0,0.195,0.082,91300.0,58600.0,182700,36,vehicle,1,0,1,1,1,1
CUST101692,61,male,contract,3.1,57100,698,2,41,5,0,2,3900.0,0.335,0.236,29400.0,8000.0,344800,36,consumer,1,1,1,1,0,0
CUST101693,35,female,salaried,3.0,15000,699,4,62,6,0,1,2300.0,0.522,0.224,1200.0,,50600,48,business,1,1,1,1,1,0
CUST101694,42,female,salaried,7.0,86900,692,1,13,0,0,1,21100.0,0.408,0.336,614000.0,258300.0,390000,48,vehicle,1,1,1,1,0,1
CUST101695,40,male,contract,5.2,43700,673,3,38,7,0,2,3700.0,0.134,0.379,114200.0,28300.0,309100,24,medical,1,1,1,1,0,0
CUST101696,38,male,self_employed,5.3,61300,712,5,105,5,0,0,25000.0,0.167,0.533,417200.0,340300.0,369000,48,consumer,1,1,1,1,0,1
CUST101697,48,male,self_employed,6.2,30800,668,7,134,13,0,1,7800.0,0.082,0.378,107700.0,40900.0,92400,24,medical,1,1,1,1,1,0
CUST101698,58,female,self_employed,10.7,30800,751,1,12,0,0,0,4700.0,0.401,0.206,173400.0,83800.0,118200,72,vehicle,1,1,1,1,1,1
CUST101699,31,male,contract,5.7,45700,639,8,104,8,0,1,3000.0,0.201,0.214,116300.0,41500.0,325200,48,personal,1,1,1,0,0,0
CUST101700,22,male,salaried,5.9,120100,761,2,30,0,0,0,6000.0,0.645,0.108,53600.0,17800.0,332300,48,home,1,1,1,1,1,1
CUST101701,53,male,business,13.9,33100,685,2,42,2,0,1,5100.0,0.422,0.348,99500.0,72600.0,231100,36,business,1,1,1,1,1,0
CUST101702,47,male,business,5.2,34800,616,4,56,4,0,3,13800.0,0.345,0.53,18000.0,8100.0,222400,48,vehicle,1,1,1,1,1,0
CUST101703,41,male,contract,10.3,41000,653,3,47,4,0,0,11100.0,0.372,0.452,206100.0,112500.0,134100,18,education,1,1,1,1,1,0
CUST101704,64,female,business,3.2,96600,646,5,71,4,0,0,15600.0,0.018,0.208,75300.0,,272400,60,personal,1,1,1,1,1,1
CUST101705,36,male,salaried,9.5,59500,693,4,64,4,0,3,9900.0,0.345,0.32,264300.0,114800.0,329000,36,personal,1,1,1,1,1,0
CUST101706,40,male,self_employed,29.5,55200,766,2,42,2,0,0,10800.0,0.237,0.393,317400.0,257500.0,391400,36,medical,1,1,1,1,1,1
CUST101707,59,male,salaried,,29900,643,5,67,8,0,1,1500.0,0.579,0.108,76100.0,41000.0,41200,24,home,1,1,1,1,1,0
CUST101708,34,female,salaried,18.4,71300,702,5,67,3,0,1,22200.0,0.23,0.546,90300.0,78200.0,401200,24,personal,1,1,1,1,1,1
CUST101709,65,female,business,2.2,77400,612,1,16,1,0,1,17800.0,0.305,0.315,397100.0,173100.0,317100,48,education,1,1,1,1,1,0
CUST101710,37,male,salaried,10.9,39500,763,1,13,0,0,2,4800.0,0.35,0.37,90600.0,61900.0,235800,24,home_improvement,1,1,1,1,1,1
CUST101711,54,female,salaried,4.6,44700,777,2,34,0,0,1,7100.0,0.592,0.2,48600.0,13600.0,88900,48,personal,1,1,1,1,0,1
CUST101712,46,male,contract,2.7,77600,677,4,34,6,0,1,17300.0,0.632,0.277,316100.0,189500.0,252600,60,personal,1,0,1,1,0,0
CUST101713,55,male,business,9.5,148000,707,3,44,1,0,0,12000.0,0.43,0.107,428900.0,384400.0,137900,36,personal,1,1,1,1,1,1
CUST101714,60,male,salaried,3.9,76400,688,2,32,0,0,2,13800.0,0.097,0.224,488500.0,424500.0,240300,72,consumer,1,1,1,1,0,1
CUST101715,27,female,self_employed,8.1,58500,670,5,92,8,0,3,13900.0,0.453,0.484,66000.0,42700.0,173000,12,home,1,1,1,1,0,0
CUST101716,53,male,contract,5.0,72200,670,1,16,2,0,0,29500.0,0.479,0.486,174000.0,153600.0,269900,48,vehicle,1,1,1,1,0,0
CUST101717,39,female,self_employed,5.3,78800,724,4,79,1,0,5,7300.0,0.585,0.288,479500.0,140400.0,369600,24,home,1,1,1,1,1,1
CUST101718,36,female,salaried,6.8,65300,768,4,80,0,0,0,1000.0,0.183,0.11,78900.0,65500.0,222300,36,business,1,1,1,1,0,1
CUST101719,55,male,self_employed,15.0,240000,826,6,78,0,0,1,59700.0,0.296,0.387,1310800.0,1063400.0,795400,24,home,1,1,1,1,1,1
CUST101720,38,female,salaried,15.9,51400,684,6,125,13,0,1,9700.0,0.24,0.292,215700.0,64300.0,190800,36,vehicle,1,1,1,1,1,1
CUST101721,28,female,salaried,2.7,82900,665,1,16,1,0,0,7100.0,0.425,0.175,395600.0,319200.0,265600,36,consumer,1,1,1,1,1,0
CUST101722,49,male,self_employed,5.0,79100,671,2,39,1,0,1,8500.0,0.519,0.222,341200.0,253700.0,217800,24,vehicle,1,1,1,1,1,1
CUST101723,63,female,contract,25.2,48700,741,3,72,0,0,2,16000.0,0.21,0.472,171200.0,100900.0,252000,36,home,1,1,1,1,0,1
CUST101724,49,male,contract,4.4,88800,780,4,71,1,0,1,28300.0,0.565,0.397,124200.0,37100.0,250100,36,consumer,1,1,1,1,1,1
CUST101725,35,male,business,14.8,50200,803,3,72,0,0,4,9600.0,0.235,0.242,167900.0,128300.0,60800,24,business,1,1,1,1,1,1
CUST101726,26,male,self_employed,10.3,61500,749,2,19,1,0,0,15000.0,0.115,0.345,176200.0,75200.0,373600,60,personal,1,1,1,1,0,1
CUST101727,32,male,salaried,21.4,55900,687,6,135,3,0,1,2500.0,0.199,0.132,81600.0,61400.0,292700,60,home_improvement,1,1,1,1,1,1
CUST101728,46,male,salaried,7.3,28200,718,1,20,1,0,4,5600.0,0.437,0.286,6400.0,1700.0,148200,60,business,1,1,1,0,0,0
CUST101729,33,female,contract,13.6,85800,697,1,18,0,0,0,28500.0,0.184,1.05,16800.0,8400.0,369700,6,vehicle,1,1,0,1,0,1
CUST101730,54,male,salaried,13.5,29900,674,2,24,2,0,1,8700.0,0.087,0.462,216400.0,67500.0,184600,36,business,1,1,1,1,0,0
CUST101731,37,male,salaried,2.5,56600,692,3,33,0,0,2,8100.0,0.224,0.494,347100.0,128200.0,238100,12,home_improvement,1,0,1,1,0,0
CUST101732,26,female,salaried,1.2,49200,690,1,10,0,0,1,9100.0,0.13,0.238,26600.0,8900.0,94200,36,education,1,1,1,1,1,1
CUST101733,50,female,salaried,5.9,87800,652,4,62,2,0,2,21200.0,0.24,0.394,62100.0,34300.0,481800,36,vehicle,1,1,1,1,1,0
CUST101734,55,female,salaried,4.9,41700,750,4,48,0,0,1,10100.0,0.476,0.426,180300.0,108500.0,184200,24,home_improvement,0,1,1,1,0,1
CUST101735,61,male,self_employed,5.1,58200,678,3,33,0,0,2,13600.0,0.523,0.36,231100.0,128000.0,353700,48,business,1,0,1,1,0,0
CUST101736,27,male,salaried,11.3,58400,673,5,114,6,0,1,5600.0,0.591,0.142,96000.0,37800.0,162400,60,home,1,0,1,0,1,0
CUST101737,57,female,business,5.7,48000,665,2,41,1,0,2,12100.0,0.198,0.385,61300.0,43700.0,114500,18,personal,1,1,1,1,1,0
CUST101738,24,female,contract,4.6,41500,684,3,39,3,0,1,600.0,0.697,0.273,134800.0,108100.0,193300,18,business,1,1,1,1,0,0
CUST101739,62,male,business,5.3,25800,739,1,10,0,0,2,2300.0,0.37,0.168,170500.0,107100.0,97300,48,personal,1,1,1,1,1,1
CUST101740,46,female,salaried,3.5,47000,736,1,10,0,0,2,8500.0,0.504,0.241,302200.0,223000.0,169000,60,education,1,1,1,1,0,1
CUST101741,28,male,business,7.8,81300,627,3,27,9,0,1,30200.0,0.646,0.48,209100.0,185600.0,317000,36,personal,1,1,1,0,0,0
CUST101742,56,male,salaried,14.9,195800,810,3,44,1,0,2,67400.0,0.255,0.625,660100.0,491400.0,1318800,24,vehicle,1,0,1,1,0,1
CUST101743,57,female,business,10.1,40600,644,6,86,10,1,3,0.0,0.559,0.385,222200.0,146900.0,187400,12,business,1,1,1,1,0,0
CUST101744,48,female,salaried,10.0,173400,708,1,20,0,0,0,54000.0,0.229,0.746,468800.0,117900.0,904800,12,consumer,1,1,1,1,0,1
CUST101745,41,male,salaried,9.1,100800,715,1,19,2,0,2,23100.0,0.435,0.286,100600.0,26200.0,205400,36,personal,1,1,1,1,0,1
CUST101746,48,male,salaried,9.7,108000,682,3,36,3,0,3,15300.0,0.376,0.262,169100.0,40700.0,467700,36,education,1,1,1,1,1,0
CUST101747,55,female,contract,7.0,73800,637,6,87,9,0,0,24800.0,0.14,0.506,152300.0,94800.0,225500,18,home_improvement,1,1,1,0,0,0
CUST101748,25,female,salaried,9.5,51200,663,2,27,1,0,5,17000.0,0.568,0.432,305400.0,180300.0,123300,24,business,1,1,1,1,0,0
CUST101749,21,male,salaried,5.9,104400,748,3,50,1,0,2,9200.0,0.701,0.1,71500.0,33800.0,76300,60,consumer,1,1,1,1,0,1
CUST101750,47,male,self_employed,6.7,81300,605,2,36,6,0,3,27700.0,0.62,0.428,33400.0,17300.0,254800,36,education,1,1,1,1,1,0
CUST101751,58,male,contract,0.5,77400,685,0,0,0,0,3,25000.0,0.519,0.689,448000.0,102000.0,510300,18,business,1,1,1,1,0,0
CUST101752,44,female,salaried,8.7,51500,655,0,0,0,0,2,11300.0,0.2,0.691,346300.0,268200.0,291600,12,personal,1,1,1,1,0,0
CUST101753,21,male,contract,7.8,103300,607,6,67,5,0,1,13500.0,0.585,0.185,697900.0,541100.0,200900,36,business,1,1,1,1,1,0
CUST101754,21,male,self_employed,5.8,49000,709,2,20,0,0,0,2100.0,0.403,0.142,222500.0,148400.0,232800,48,personal,1,1,1,1,0,1
CUST101755,48,male,self_employed,20.6,50000,830,4,47,1,0,1,12500.0,0.62,0.29,226700.0,144000.0,120200,60,home_improvement,1,1,1,0,0,1
CUST101756,55,male,self_employed,3.6,88900,697,1,13,1,0,1,19000.0,0.202,0.428,276100.0,84800.0,457500,24,home_improvement,1,1,1,1,1,1
CUST101757,45,male,salaried,5.8,49200,692,1,18,0,0,0,12700.0,0.041,0.469,242100.0,192000.0,248600,24,education,1,1,1,1,1,1
CUST101758,30,male,self_employed,4.8,58100,710,1,10,1,0,0,5800.0,0.203,0.149,188500.0,48000.0,138200,48,business,1,1,1,1,1,1
CUST101759,32,female,salaried,1.8,17600,636,3,55,5,0,2,400.0,0.212,0.29,25500.0,7600.0,56400,12,consumer,1,1,1,1,0,0
CUST101760,41,male,salaried,9.3,97900,661,0,0,0,0,4,34600.0,0.717,0.585,145300.0,98800.0,544800,24,business,1,1,1,1,1,0
CUST101761,27,male,self_employed,1.4,43400,688,8,92,4,0,1,13300.0,0.172,0.438,156900.0,138600.0,68500,12,personal,1,1,1,1,1,0
CUST101762,41,male,contract,5.5,116700,695,2,37,1,0,1,19300.0,0.216,0.306,748500.0,334300.0,591900,36,business,1,0,1,0,0,1
CUST101763,28,male,salaried,1.5,135700,604,3,37,8,0,1,14500.0,0.107,0.139,839700.0,298900.0,158400,36,education,1,1,1,1,0,0
CUST101764,51,male,salaried,4.2,57000,736,4,85,3,0,2,16400.0,0.227,0.369,261300.0,104300.0,334400,72,home_improvement,1,1,0,1,0,1
CUST101765,53,male,business,23.7,102700,766,2,41,1,0,1,21000.0,0.385,0.319,697600.0,534900.0,562600,48,education,1,1,1,1,0,1
CUST101766,59,male,salaried,3.8,62400,705,1,14,1,0,1,21300.0,0.254,0.382,264800.0,102400.0,92400,36,business,1,1,1,1,0,0
CUST101767,30,female,contract,9.6,57200,743,3,32,1,0,1,20900.0,0.105,0.472,176700.0,126100.0,146200,24,medical,1,1,1,1,0,1
CUST101768,56,female,salaried,8.7,101700,756,3,61,2,0,3,11300.0,0.396,0.195,414100.0,223900.0,513500,60,vehicle,1,1,1,1,0,1
CUST101769,58,male,salaried,5.4,38600,698,1,16,2,0,1,3700.0,0.186,0.249,66600.0,55500.0,141500,24,vehicle,1,1,1,1,1,1
CUST101770,30,female,salaried,8.8,42800,762,4,96,0,0,2,14200.0,0.574,0.416,256600.0,168900.0,216500,60,vehicle,1,1,1,1,0,1
CUST101771,60,male,self_employed,16.3,38200,724,2,21,1,0,2,7400.0,0.14,0.326,87300.0,38400.0,182500,36,home_improvement,1,1,1,1,1,1
CUST101772,31,male,salaried,6.5,46800,679,4,40,4,0,1,9900.0,0.423,0.899,17100.0,9800.0,192900,6,personal,1,1,1,1,0,0
CUST101773,33,male,salaried,3.2,72500,687,1,12,1,0,3,18700.0,0.436,0.361,152400.0,35600.0,268800,36,personal,1,1,1,1,1,0
CUST101774,40,male,salaried,18.5,55700,785,5,64,1,0,1,20600.0,0.193,0.71,253000.0,166100.0,341500,18,home_improvement,1,1,1,1,0,1
CUST101775,57,male,salaried,4.6,47300,662,4,48,4,0,1,16900.0,0.103,0.54,155000.0,122600.0,207200,24,vehicle,1,1,1,1,1,0
CUST101776,37,male,contract,4.0,105200,696,3,57,3,0,2,9900.0,0.303,0.202,184100.0,108900.0,272300,24,home,1,1,1,1,0,1
CUST101777,57,female,business,10.6,81700,662,1,11,3,0,2,5300.0,0.101,0.662,259700.0,193900.0,292700,6,home_improvement,1,1,1,1,1,0
CUST101778,53,female,business,2.1,91300,646,3,54,6,0,0,12000.0,0.413,0.248,325600.0,274300.0,256000,24,vehicle,1,1,1,1,0,0
CUST101779,47,female,business,10.6,79600,672,1,11,0,0,1,7400.0,0.189,0.18,232000.0,118800.0,332000,48,consumer,1,1,1,1,1,1
CUST101780,45,female,contract,4.4,52600,657,3,52,5,0,1,11300.0,0.381,0.246,246000.0,128400.0,59800,36,home,1,1,1,1,0,0
CUST101781,43,male,self_employed,0.9,56900,677,2,31,1,0,0,18900.0,0.113,0.409,336200.0,267800.0,210800,48,business,1,1,0,1,1,0
CUST101782,41,male,business,6.8,113400,661,1,20,2,0,2,32700.0,0.363,0.308,563500.0,417500.0,80000,36,home_improvement,1,1,1,1,0,0
CUST101783,34,male,salaried,5.0,53400,690,1,13,0,0,1,14800.0,0.168,0.441,292200.0,243900.0,209900,24,home,1,1,1,1,1,0
CUST101784,48,female,self_employed,7.3,65800,741,1,14,0,0,1,24300.0,0.087,0.418,118300.0,26700.0,115800,36,personal,1,1,1,1,1,1
CUST101785,23,male,salaried,15.7,69600,722,1,20,0,0,3,16800.0,0.202,0.483,237200.0,66300.0,403300,24,vehicle,1,1,1,1,0,1
CUST101786,38,male,salaried,5.4,53400,633,3,55,8,0,1,15300.0,0.559,0.383,32900.0,24600.0,185900,36,consumer,1,1,1,1,1,0
CUST101787,41,male,contract,11.4,50300,739,0,0,0,0,0,13000.0,0.129,0.397,328900.0,271600.0,335700,48,consumer,1,1,1,1,1,1
CUST101788,59,male,contract,2.4,74200,689,1,17,0,0,0,6800.0,0.41,0.31,58100.0,24000.0,291800,18,home,1,1,1,1,1,1
CUST101789,61,female,self_employed,9.5,161400,783,1,13,0,0,4,20700.0,0.559,0.207,652800.0,405400.0,304300,24,vehicle,1,1,1,1,1,1
CUST101790,54,female,salaried,3.2,84400,722,2,45,1,0,1,2200.0,0.216,0.163,174300.0,94900.0,277100,24,personal,1,1,1,1,1,1
CUST101791,29,female,salaried,5.7,105500,686,3,51,3,0,2,23600.0,0.717,0.417,255700.0,65200.0,735100,36,home,1,1,1,1,0,0
CUST101792,56,female,salaried,6.9,89000,704,0,0,0,0,1,17400.0,0.423,0.267,312600.0,116100.0,460400,72,business,1,0,0,1,1,0
CUST101793,56,female,salaried,3.0,49000,624,2,19,3,0,3,14600.0,0.639,0.415,221500.0,179900.0,137700,24,home,1,1,1,1,1,0
CUST101794,65,male,salaried,1.6,52900,649,3,47,7,0,1,5300.0,0.488,0.245,145500.0,81900.0,275700,36,medical,1,1,1,1,0,0
CUST101795,48,male,self_employed,3.2,65700,645,1,8,3,0,4,8600.0,0.26,0.466,436100.0,161000.0,264100,12,home_improvement,1,1,1,1,0,0
CUST101796,51,female,salaried,7.2,41400,680,3,29,1,0,0,8900.0,0.476,0.369,275300.0,209800.0,229800,36,vehicle,1,1,1,1,0,0
CUST101797,35,male,business,4.0,47100,716,1,24,0,0,2,7400.0,0.646,0.295,184300.0,128900.0,234300,36,business,1,1,1,1,1,0
CUST101798,50,male,contract,18.1,158200,824,1,15,0,0,0,40000.0,0.297,0.513,751300.0,560400.0,493100,12,education,1,1,1,1,1,1
CUST101799,43,male,salaried,5.9,30600,619,4,42,2,0,5,9300.0,0.481,0.558,11800.0,9800.0,186800,24,business,1,1,1,1,1,0
CUST101800,55,female,salaried,5.6,65800,645,4,59,5,0,2,20900.0,0.447,0.365,93100.0,41900.0,223300,72,home,1,1,1,1,1,0
CUST101801,23,female,business,3.1,70600,679,3,29,1,0,2,18800.0,0.109,0.302,176900.0,44200.0,151900,60,medical,1,1,1,1,1,0
CUST101802,49,male,salaried,5.2,45900,657,7,114,5,0,1,12600.0,0.315,0.319,171200.0,101900.0,73700,36,personal,1,1,0,1,1,0
CUST101803,47,female,business,7.0,156200,736,5,119,1,0,1,48700.0,0.146,0.468,400600.0,205500.0,878000,36,business,1,1,0,1,1,1
CUST101804,63,male,self_employed,18.2,89300,738,4,62,2,0,3,17200.0,0.42,0.285,181900.0,113900.0,49300,6,personal,1,1,1,1,1,1
CUST101805,65,male,self_employed,1.9,46600,719,4,73,7,0,1,18700.0,0.428,0.452,187100.0,76600.0,142100,60,consumer,1,1,1,1,1,1
CUST101806,39,female,salaried,5.4,67600,652,5,49,1,0,1,23000.0,0.339,0.489,190600.0,49200.0,120400,12,personal,1,1,1,0,1,1
CUST101807,44,male,salaried,8.6,106800,753,1,18,0,0,1,32400.0,0.58,0.648,153600.0,125200.0,661900,18,personal,1,0,1,1,1,1
CUST101808,37,male,salaried,6.8,79400,765,3,40,2,0,3,10600.0,0.641,0.231,140600.0,77700.0,372000,48,home_improvement,1,1,1,1,0,1
CUST101809,23,male,salaried,7.0,67300,742,3,29,1,0,2,19400.0,0.655,0.321,133800.0,45900.0,80200,36,personal,1,1,1,1,1,1
CUST101810,24,female,self_employed,3.9,80600,693,2,42,0,0,2,12200.0,0.77,0.215,126700.0,78300.0,307000,60,business,1,1,1,0,1,1
CUST101811,25,male,salaried,2.5,69300,746,3,62,1,0,2,8100.0,0.447,0.194,232900.0,56400.0,192000,36,home,1,1,1,1,0,1
CUST101812,63,male,self_employed,2.4,64700,792,8,172,4,0,1,12700.0,0.103,0.312,391700.0,157000.0,359100,48,consumer,1,1,1,1,0,1
CUST101813,39,male,self_employed,5.9,40700,695,2,39,3,0,1,8500.0,0.83,0.418,0.0,0.0,204700,24,home,1,1,1,1,0,0
CUST101814,24,female,salaried,11.1,22400,722,3,33,0,0,2,600.0,0.431,0.062,98900.0,,57500,72,vehicle,1,1,1,1,1,1
CUST101815,33,male,business,4.2,62200,676,2,30,4,0,0,400.0,0.693,0.093,213400.0,153800.0,323300,60,personal,1,1,1,1,0,0
CUST101816,61,female,business,8.1,49500,663,5,76,4,0,0,5800.0,0.233,0.322,251300.0,194700.0,243800,24,education,1,1,1,1,1,1
CUST101817,54,male,salaried,5.8,72700,700,2,38,2,0,0,13500.0,0.067,0.203,267200.0,115700.0,61200,48,home,1,1,1,1,1,1
CUST101818,36,male,self_employed,6.4,78800,580,1,19,2,0,2,31900.0,0.523,0.422,460500.0,242700.0,81300,60,medical,1,0,1,1,0,0
CUST101819,36,female,contract,5.2,109600,729,2,38,4,0,1,28000.0,0.289,0.442,177700.0,121400.0,734400,36,home_improvement,1,1,1,1,0,1
CUST101820,65,male,contract,9.1,37700,696,0,0,0,0,0,10400.0,0.219,0.373,0.0,0.0,131400,36,personal,1,1,1,1,1,0
CUST101821,39,male,salaried,5.2,55800,632,8,162,22,1,1,6800.0,0.28,0.633,263300.0,132800.0,342300,12,business,1,1,1,1,1,0
CUST101822,26,male,salaried,7.4,61000,714,1,13,1,0,0,17700.0,0.464,0.4,304700.0,211600.0,161500,24,home,1,1,1,1,1,1
CUST101823,51,male,salaried,3.2,160600,773,1,21,0,0,1,26000.0,0.149,0.198,861200.0,301200.0,412100,72,personal,1,1,1,1,1,1
CUST101824,31,female,self_employed,7.2,142000,795,2,48,0,0,0,32200.0,0.118,0.332,156100.0,41700.0,536200,36,home_improvement,1,1,1,1,0,1
CUST101825,49,female,salaried,7.9,173900,720,1,15,0,0,1,29900.0,0.572,0.217,214900.0,183800.0,467200,60,vehicle,1,1,1,1,1,1
CUST101826,56,male,business,15.4,90800,699,5,111,4,0,0,15600.0,0.12,0.257,482700.0,218900.0,371100,48,personal,1,1,1,1,0,1
CUST101827,46,female,self_employed,10.2,46400,598,4,74,6,1,0,7100.0,0.1,0.551,294500.0,163700.0,221600,12,business,1,1,1,1,1,0
CUST101828,38,male,salaried,11.4,49400,709,2,30,2,0,0,12100.0,0.132,0.354,48800.0,25600.0,194200,36,medical,1,1,1,1,1,1
CUST101829,48,male,self_employed,14.6,29000,724,2,26,2,0,1,6600.0,0.47,0.786,100200.0,61000.0,97100,6,business,1,1,1,1,1,0
CUST101830,40,male,salaried,2.3,67900,691,1,11,0,0,0,25700.0,0.136,0.631,286100.0,145800.0,412000,24,personal,1,1,1,1,1,1
CUST101831,48,male,business,3.6,38900,724,1,18,3,0,0,7700.0,0.107,0.37,203700.0,135600.0,120400,18,personal,1,1,1,1,1,1
CUST101832,30,male,contract,6.8,61300,669,2,23,1,0,1,13100.0,0.249,0.282,99500.0,21400.0,202200,48,business,1,1,1,1,0,0
CUST101833,55,male,self_employed,7.1,130500,719,4,65,3,0,1,34000.0,0.283,0.295,480800.0,343400.0,159700,36,personal,1,1,1,1,0,1
CUST101834,28,male,contract,9.4,54200,712,3,38,4,0,1,6400.0,0.379,0.263,31300.0,9600.0,189100,24,consumer,1,1,1,1,0,1
CUST101835,33,female,salaried,5.5,105900,683,0,0,0,0,2,18000.0,0.77,0.278,659000.0,154200.0,137500,12,personal,1,1,1,1,0,0
CUST101836,59,male,salaried,7.1,67000,782,2,34,0,0,0,19900.0,0.492,0.375,219800.0,47700.0,249500,48,personal,1,1,0,1,1,1
CUST101837,44,male,contract,6.6,64500,715,2,32,0,0,2,22600.0,0.334,0.426,9400.0,3600.0,176500,36,personal,1,1,1,1,1,1
CUST101838,47,female,salaried,3.4,38500,755,6,94,2,0,1,9500.0,0.828,0.285,250600.0,131000.0,71100,48,home_improvement,1,1,1,1,0,1
CUST101839,52,female,salaried,4.7,52500,628,1,21,3,0,0,19100.0,0.018,0.401,161500.0,109400.0,69600,36,personal,1,1,1,1,0,0
CUST101840,56,female,self_employed,9.9,35400,726,0,0,0,0,1,1500.0,0.321,0.096,106500.0,36600.0,137000,72,personal,1,1,1,1,0,0
CUST101841,24,female,self_employed,20.4,37900,774,3,32,1,0,1,12000.0,0.222,0.467,153700.0,48400.0,205500,36,home,1,1,1,1,0,1
CUST101842,37,male,business,7.6,47200,615,1,16,2,0,1,14000.0,0.404,0.325,170500.0,43300.0,80900,60,business,1,1,1,1,0,0
CUST101843,54,male,salaried,1.9,41000,735,3,55,2,0,3,7500.0,0.549,0.228,127700.0,86000.0,88000,48,education,1,1,1,1,0,0
CUST101844,42,male,salaried,13.4,57800,724,0,0,0,0,0,2600.0,0.356,0.144,367800.0,318500.0,342900,60,home,1,1,1,1,0,1
CUST101845,41,male,salaried,7.1,31000,711,3,36,3,0,2,4500.0,0.262,0.215,22700.0,19500.0,77500,36,personal,1,1,1,1,1,1
CUST101846,62,male,salaried,9.3,90400,705,0,0,0,0,2,16400.0,0.284,0.222,579800.0,252900.0,132900,36,education,1,1,1,1,0,1
CUST101847,64,female,salaried,18.3,51600,780,3,51,0,0,0,12000.0,0.23,0.347,68900.0,25000.0,212100,36,personal,1,1,1,1,1,1
CUST101848,61,male,self_employed,5.1,61000,686,2,32,2,0,2,8400.0,0.434,0.212,280900.0,69600.0,81900,18,vehicle,1,1,1,1,1,0
CUST101849,23,female,salaried,4.6,46800,665,1,18,0,0,1,2000.0,0.141,0.198,263300.0,114000.0,131200,18,personal,1,1,1,1,1,1
CUST101850,47,male,salaried,9.0,70200,694,3,65,1,0,1,8500.0,0.192,0.283,233900.0,203000.0,136700,12,personal,1,1,1,1,0,1
CUST101851,27,male,salaried,4.7,78000,758,2,38,0,0,0,26000.0,0.402,0.387,470900.0,153700.0,252600,60,personal,1,1,1,1,0,1
CUST101852,51,male,business,11.3,33600,687,6,66,6,0,0,0.0,0.228,0.503,222400.0,168900.0,101500,6,vehicle,1,1,1,1,1,1
CUST101853,32,female,salaried,6.2,91100,712,3,57,6,0,3,14200.0,0.451,0.248,223900.0,64000.0,200700,24,consumer,1,1,1,1,1,1
CUST101854,24,male,business,7.9,85900,712,0,0,0,0,1,5000.0,0.668,0.097,393000.0,143200.0,119600,36,consumer,1,1,1,1,0,1
CUST101855,50,male,business,4.1,143000,666,1,22,1,0,2,47700.0,0.161,0.431,251100.0,160400.0,335600,24,vehicle,1,1,1,1,1,0
CUST101856,36,male,self_employed,20.6,41800,659,3,66,6,0,1,0.0,0.42,0.136,183700.0,125200.0,272800,48,personal,1,1,1,1,1,1
CUST101857,62,male,salaried,8.0,50700,680,4,41,3,0,0,2600.0,0.271,0.186,236200.0,87800.0,163600,24,business,1,1,1,1,1,1
CUST101858,46,male,salaried,5.1,43200,672,5,113,7,0,0,12100.0,0.102,0.34,52700.0,44900.0,92900,36,education,1,1,1,1,0,1
CUST101859,25,female,salaried,8.1,154800,724,4,63,5,0,1,40300.0,0.187,0.498,441400.0,242300.0,884800,24,personal,1,1,0,1,0,1
CUST101860,40,female,salaried,11.2,57100,727,0,0,0,0,1,6400.0,0.223,0.185,358700.0,191200.0,300800,72,vehicle,1,1,1,1,1,1
CUST101861,58,female,self_employed,9.3,62900,666,4,40,4,0,4,24200.0,0.848,0.49,397200.0,174100.0,238000,36,personal,1,1,1,1,1,0
CUST101862,34,female,salaried,3.1,111600,703,2,24,2,0,3,16200.0,0.496,0.289,329400.0,254000.0,576400,36,personal,1,1,1,1,0,0
CUST101863,51,male,business,6.9,74100,655,4,82,6,0,2,26000.0,0.461,0.426,169500.0,116600.0,134400,24,medical,1,1,1,1,1,0
CUST101864,52,female,self_employed,6.6,59300,663,5,88,2,0,0,2900.0,0.174,0.119,366900.0,232000.0,149300,36,vehicle,1,1,1,1,0,0
CUST101865,34,male,salaried,7.3,118700,617,2,35,3,0,2,6400.0,0.514,1.09,239100.0,99800.0,738000,6,consumer,1,1,1,1,0,0
CUST101866,31,male,salaried,2.1,67700,700,3,50,1,0,2,15800.0,0.602,0.271,137200.0,60600.0,153000,60,business,1,1,1,1,0,0
CUST101867,54,male,salaried,6.6,117200,644,2,32,6,0,2,31300.0,0.49,0.434,117400.0,47700.0,703500,36,vehicle,1,1,1,1,1,0
CUST101868,61,male,self_employed,2.5,75100,646,5,79,6,1,3,27700.0,0.534,0.564,226800.0,89000.0,176200,12,consumer,1,1,1,1,1,0
CUST101869,39,female,business,11.0,34100,684,2,45,1,0,1,6800.0,0.437,0.42,202600.0,107700.0,180200,24,vehicle,1,1,1,1,0,0
CUST101870,30,female,contract,3.3,70400,644,1,9,1,0,1,17700.0,0.308,0.333,198200.0,168700.0,205800,36,business,1,1,1,1,0,0
CUST101871,44,male,salaried,4.9,108000,772,1,14,0,0,0,37400.0,0.401,0.464,279700.0,168000.0,611000,48,vehicle,1,1,1,1,1,1
CUST101872,53,male,salaried,1.4,57700,677,4,85,7,0,1,14200.0,0.129,0.563,400000.0,309100.0,329000,18,business,1,1,1,1,0,0
CUST101873,47,female,salaried,10.1,87900,633,4,54,6,0,1,19500.0,0.371,0.544,168100.0,65700.0,339600,12,home,1,1,1,1,0,0
CUST101874,43,male,business,8.0,77400,740,2,24,2,0,2,22200.0,0.75,0.328,466900.0,261500.0,154700,48,personal,1,1,1,1,0,1
CUST101875,29,female,salaried,2.2,74600,817,1,19,0,0,1,14800.0,0.267,0.319,393800.0,237800.0,216100,24,personal,1,1,0,1,0,1
CUST101876,53,female,contract,4.8,37500,689,2,44,2,0,1,7300.0,0.356,0.3,186400.0,81700.0,142500,36,vehicle,1,1,1,1,1,0
CUST101877,46,male,salaried,3.6,124200,695,5,66,4,0,0,23000.0,0.059,0.277,796500.0,458400.0,683500,60,home,1,1,1,1,0,1
CUST101878,39,male,business,4.6,58500,682,6,126,6,0,1,12500.0,0.371,0.25,55600.0,30200.0,76100,36,medical,1,1,1,1,1,1
CUST101879,50,female,contract,9.5,37100,704,5,102,3,0,1,9000.0,0.143,0.369,96700.0,42200.0,168500,36,home,1,1,1,1,1,1
CUST101880,36,female,contract,,30100,709,4,74,6,0,1,8100.0,0.347,0.397,205500.0,162700.0,46200,12,education,1,1,1,1,0,0
CUST101881,28,female,business,14.3,61500,646,2,36,4,1,2,13200.0,0.328,0.304,315800.0,148900.0,132300,24,education,1,1,1,1,0,0
CUST101882,49,female,salaried,10.8,70600,712,3,69,3,0,2,25300.0,0.132,0.475,350800.0,101900.0,297100,36,personal,1,1,1,1,1,1
CUST101883,33,female,salaried,1.3,67300,717,4,89,7,0,1,4400.0,0.218,0.134,208700.0,185100.0,165300,36,home,1,1,1,1,0,1
CUST101884,64,male,salaried,4.4,36100,659,2,20,0,0,1,5100.0,0.625,0.317,71500.0,20000.0,152400,24,business,1,1,1,1,1,0
CUST101885,35,female,salaried,7.6,111100,705,0,0,0,0,3,35600.0,0.24,0.357,590200.0,250300.0,245500,60,personal,1,1,1,1,0,1
CUST101886,51,male,contract,4.2,28900,752,5,97,3,0,0,4100.0,0.275,0.155,108700.0,65500.0,22200,60,vehicle,1,1,1,1,0,1
CUST101887,29,female,self_employed,9.0,38700,607,1,10,1,0,0,1600.0,0.244,0.127,85700.0,36200.0,197900,60,home_improvement,1,0,1,1,0,0
CUST101888,21,female,business,6.3,41800,715,1,16,1,0,1,8500.0,0.558,0.528,119900.0,71200.0,162600,12,consumer,1,1,1,1,1,0
CUST101889,65,male,salaried,6.0,103900,664,3,37,5,0,2,8300.0,0.763,0.203,636500.0,214700.0,306600,24,vehicle,1,1,1,1,1,0
CUST101890,22,male,self_employed,14.9,49000,663,3,67,5,0,1,5100.0,0.52,0.35,62800.0,24600.0,289100,24,consumer,1,1,1,1,1,0
CUST101891,21,male,salaried,3.0,36300,625,1,17,0,0,2,10400.0,0.63,0.443,39100.0,11800.0,272000,48,personal,1,1,1,1,1,0
CUST101892,30,female,salaried,8.7,51600,658,5,98,7,0,3,10000.0,0.295,0.338,227100.0,56200.0,356600,48,personal,1,1,0,1,1,0
CUST101893,24,female,salaried,10.2,28500,653,2,20,2,0,1,2400.0,0.423,0.235,10500.0,3500.0,154600,36,consumer,1,1,1,1,0,0
CUST101894,36,female,salaried,14.1,42900,749,3,65,1,0,1,10600.0,0.733,0.419,161300.0,80800.0,265800,36,business,1,1,1,1,0,1
CUST101895,55,male,business,5.7,29100,624,4,71,5,1,2,4800.0,0.375,0.313,26400.0,19800.0,77400,18,personal,1,1,1,1,0,0
CUST101896,28,male,salaried,11.5,95300,753,1,20,0,0,0,11800.0,0.234,0.535,178000.0,64300.0,470400,12,vehicle,1,1,1,1,0,1
CUST101897,65,female,salaried,3.1,62300,584,1,14,2,0,0,3500.0,0.408,0.564,212100.0,132300.0,379400,12,home_improvement,1,1,1,1,1,0
CUST101898,63,male,salaried,7.4,26800,648,2,35,1,0,3,5700.0,0.329,0.333,106700.0,41600.0,57800,18,business,1,1,1,1,1,0
CUST101899,38,female,self_employed,3.0,79700,665,2,25,1,0,0,8700.0,0.557,0.425,138900.0,78300.0,452400,18,home,1,1,1,1,0,0
CUST101900,32,male,business,10.4,108300,701,1,24,0,0,1,20600.0,0.268,0.26,295500.0,114300.0,544300,72,vehicle,1,1,1,1,1,1
CUST101901,25,female,salaried,2.6,109900,707,3,37,2,0,2,24700.0,0.254,0.64,106200.0,82000.0,547800,12,personal,1,1,1,1,0,1
CUST101902,41,female,contract,17.7,63300,720,5,115,5,0,1,2600.0,0.309,0.078,77400.0,33400.0,112000,48,education,1,1,1,1,0,1
CUST101903,46,female,business,11.4,134000,774,2,39,1,0,2,33100.0,0.431,0.47,123900.0,91500.0,537300,18,home_improvement,1,1,0,1,1,1
CUST101904,27,female,contract,9.8,81500,700,2,44,2,0,2,8700.0,0.416,0.286,296000.0,143800.0,349900,24,personal,1,1,1,1,1,1
CUST101905,64,female,salaried,5.7,163300,687,5,59,6,0,3,54800.0,0.421,0.728,704700.0,578600.0,1154700,18,education,1,1,1,1,1,1
CUST101906,34,female,salaried,4.7,74600,651,6,70,8,0,1,27100.0,0.174,0.692,5900.0,3400.0,441100,18,consumer,1,1,1,1,0,1
CUST101907,48,male,self_employed,4.2,57300,700,0,0,0,0,0,11900.0,0.133,0.36,260100.0,152500.0,314800,36,business,1,1,1,1,1,0
CUST101908,45,male,contract,10.6,24000,691,5,71,4,0,1,7100.0,0.221,0.317,0.0,0.0,35800,72,business,1,1,1,1,0,0
CUST101909,52,male,salaried,3.9,58400,753,3,55,2,0,2,9700.0,0.405,0.204,371500.0,255500.0,106000,48,home_improvement,1,1,1,1,1,1
CUST101910,39,male,business,7.2,95100,670,2,29,1,0,2,27300.0,0.386,0.319,106100.0,84500.0,109700,36,education,1,1,1,1,1,0
CUST101911,59,male,contract,2.9,86800,669,3,64,5,0,0,21000.0,0.296,0.358,407100.0,193100.0,484900,48,personal,0,1,1,1,1,0
CUST101912,24,male,salaried,9.9,57500,695,1,13,1,0,2,4100.0,0.405,0.683,90200.0,47000.0,422300,12,consumer,1,1,1,1,1,0
CUST101913,50,male,contract,5.2,46600,616,6,69,9,1,0,13900.0,0.224,0.337,218900.0,106500.0,130300,72,personal,1,1,1,1,1,0
CUST101914,54,male,business,6.0,113600,586,2,20,0,0,0,22100.0,0.205,0.306,441400.0,383600.0,761900,60,medical,1,1,1,1,0,0
CUST101915,56,female,contract,6.5,34400,710,1,22,0,0,3,6600.0,0.208,0.355,43700.0,31100.0,201600,36,personal,1,1,1,1,0,0
CUST101916,64,male,salaried,6.9,81000,622,4,54,6,0,4,10700.0,0.222,0.161,430400.0,169700.0,84900,36,personal,1,1,1,1,0,0
CUST101917,62,male,contract,10.0,44100,706,0,0,0,0,2,10700.0,0.601,0.348,149400.0,38700.0,222000,48,medical,1,1,1,1,1,0
CUST101918,31,female,salaried,13.2,48500,714,2,21,3,0,1,11500.0,0.262,0.385,333500.0,123300.0,258800,36,vehicle,1,1,1,1,0,1
CUST101919,37,male,salaried,2.8,81300,698,2,39,1,0,2,7900.0,0.219,0.13,137200.0,78100.0,194300,72,personal,1,1,0,1,1,1
CUST101920,30,female,contract,10.1,86300,664,3,30,0,0,1,21600.0,0.568,0.493,253900.0,208500.0,377400,18,personal,1,1,1,1,0,1
CUST101921,25,female,business,10.9,141900,812,1,21,0,0,1,27300.0,0.2,0.446,808200.0,408900.0,431000,12,consumer,0,1,1,1,1,1
CUST101922,54,female,business,8.1,31600,627,4,65,7,0,2,3400.0,0.323,0.125,102800.0,74400.0,20000,36,education,1,1,1,1,1,0
CUST101923,62,male,salaried,15.8,83900,640,1,13,3,0,2,12200.0,0.196,0.319,519900.0,293800.0,524100,36,personal,1,1,1,1,1,0
CUST101924,41,male,contract,7.4,110000,672,3,49,5,0,2,9700.0,0.561,0.144,301500.0,96100.0,443700,72,business,1,1,1,1,1,0
CUST101925,61,male,salaried,10.0,54800,683,2,38,2,0,0,4500.0,0.03,0.146,364300.0,172500.0,208800,60,business,1,0,1,1,0,1
CUST101926,22,female,salaried,8.1,56600,704,5,105,5,0,2,17800.0,0.451,0.407,340200.0,85800.0,251900,48,personal,1,1,1,1,1,1
CUST101927,55,male,salaried,6.2,113900,673,2,39,3,0,0,25400.0,0.514,0.356,414000.0,142600.0,728200,48,education,1,1,1,1,1,1
CUST101928,23,female,salaried,4.7,38400,674,3,68,4,0,1,9300.0,0.132,0.539,197300.0,66100.0,205000,18,consumer,1,1,1,1,1,0
CUST101929,49,male,self_employed,14.1,122300,749,3,45,3,0,2,32800.0,0.373,0.419,216200.0,120900.0,441500,24,business,1,1,0,1,1,1
CUST101930,65,female,business,5.6,36200,642,2,27,5,0,2,5000.0,0.201,0.273,67200.0,33000.0,235200,48,personal,1,1,0,1,0,0
CUST101931,38,male,self_employed,13.0,46500,766,2,29,1,0,1,10700.0,0.242,0.521,294000.0,82300.0,243800,18,business,1,1,1,1,1,1
CUST101932,53,female,salaried,2.7,51400,729,2,39,1,0,1,8600.0,0.263,0.22,268200.0,204200.0,129800,48,home,1,1,0,1,0,1
CUST101933,56,male,business,9.1,51300,697,4,57,3,0,1,2900.0,0.671,0.152,99300.0,71400.0,117500,24,home,1,1,1,1,0,0
CUST101934,44,male,salaried,3.0,79400,693,4,55,1,0,1,16800.0,0.4,0.252,231900.0,135200.0,154900,48,home_improvement,1,1,1,1,1,1
CUST101935,39,male,salaried,9.0,77600,715,1,15,1,0,1,13100.0,0.078,0.277,65900.0,33900.0,502100,60,consumer,1,1,1,1,1,1
CUST101936,28,male,self_employed,10.7,88200,760,1,10,0,0,2,17700.0,0.525,0.277,217800.0,155800.0,325200,48,business,1,1,1,1,1,1
CUST101937,52,female,salaried,6.6,73100,748,1,16,1,0,1,6100.0,0.718,0.2,435300.0,107700.0,306200,36,business,1,1,0,1,1,1
CUST101938,61,male,salaried,14.0,71500,701,4,67,1,0,0,17700.0,0.246,0.296,302400.0,233300.0,125000,36,vehicle,1,1,1,1,1,1
CUST101939,37,male,business,4.4,60400,680,4,41,3,0,1,7300.0,0.282,0.267,234200.0,65500.0,211500,24,business,1,1,1,1,1,1
CUST101940,37,male,self_employed,4.9,96400,655,0,0,0,0,2,24200.0,0.829,1.338,423100.0,271900.0,628700,6,business,1,1,1,1,1,0
CUST101941,29,female,business,,59500,620,5,82,13,1,1,8700.0,0.544,0.385,387500.0,218900.0,85400,6,personal,1,1,1,1,1,0
CUST101942,35,female,salaried,2.8,40200,737,2,24,0,0,0,12000.0,0.182,0.404,91700.0,27600.0,203600,48,business,1,1,1,1,0,1
CUST101943,49,female,contract,4.9,100500,654,3,34,2,0,0,36100.0,0.072,0.614,61700.0,15500.0,614300,24,personal,1,1,1,1,1,0
CUST101944,56,female,self_employed,2.3,176900,700,1,12,0,0,1,29600.0,0.589,0.205,528000.0,263100.0,482800,72,home,1,1,0,1,1,1
CUST101945,63,female,business,7.9,115400,667,4,87,5,0,2,6200.0,0.288,0.797,495200.0,300000.0,514800,6,home,1,0,1,1,1,0
CUST101946,57,male,self_employed,12.1,42200,660,2,23,3,0,1,4100.0,0.065,0.136,238700.0,178600.0,59400,36,business,1,1,1,1,1,0
CUST101947,43,male,contract,4.1,45000,703,2,36,2,0,1,12700.0,0.419,0.46,268100.0,147300.0,288400,36,vehicle,1,1,1,1,1,1
CUST101948,21,female,salaried,5.0,46700,700,3,64,2,0,1,7100.0,0.106,0.302,26300.0,16800.0,251600,36,vehicle,1,1,1,1,0,0
CUST101949,29,female,business,3.9,55100,688,0,0,0,0,1,18300.0,0.318,0.375,232300.0,137400.0,113100,48,home,1,1,1,1,0,0
CUST101950,45,male,salaried,2.4,50700,686,3,62,4,0,0,11400.0,0.284,0.335,170900.0,43800.0,201400,36,education,1,1,1,1,0,1
CUST101951,49,male,salaried,13.1,101000,714,2,44,2,0,2,17100.0,0.135,0.278,378300.0,123500.0,658500,60,vehicle,1,1,1,1,1,1
CUST101952,36,male,salaried,2.5,55000,634,4,76,4,0,2,9600.0,0.296,0.269,79800.0,27400.0,187500,36,home,1,1,1,1,0,0
CUST101953,47,female,salaried,8.5,59100,716,4,52,0,0,1,5300.0,0.744,0.219,119400.0,81200.0,274300,36,education,1,1,1,1,1,1
CUST101954,64,male,self_employed,10.2,64000,784,2,31,3,0,1,14800.0,0.168,0.315,72800.0,29500.0,64300,12,education,1,1,0,1,1,1
CUST101955,54,male,salaried,2.4,39200,639,5,52,3,0,3,10900.0,0.318,0.379,195300.0,139500.0,141800,36,education,1,1,1,1,0,0
CUST101956,35,female,salaried,14.1,121700,796,3,39,0,0,1,18600.0,0.239,0.343,873400.0,300500.0,833800,36,education,1,1,1,1,1,1
CUST101957,65,female,salaried,13.1,83900,740,2,38,0,0,1,10000.0,0.396,0.384,438400.0,143800.0,532500,24,personal,1,1,0,1,1,1
CUST101958,34,female,salaried,0.3,55700,625,6,131,13,0,1,8500.0,0.159,0.285,226500.0,89800.0,354500,48,business,1,1,1,0,0,0
CUST101959,27,male,salaried,8.5,44100,719,5,95,5,0,1,18700.0,0.382,0.461,183400.0,94500.0,78500,48,personal,1,1,1,1,1,1
CUST101960,50,male,salaried,15.1,41800,644,2,22,2,0,2,17000.0,0.526,0.604,278100.0,179400.0,99200,12,personal,1,1,1,1,0,0
CUST101961,53,male,self_employed,16.5,33000,737,5,59,1,0,1,6300.0,0.301,0.496,153600.0,114800.0,181300,18,medical,1,1,0,1,1,1
CUST101962,61,male,contract,7.3,67700,690,0,0,0,0,2,14800.0,0.26,0.302,265600.0,213300.0,338900,60,home,1,1,1,1,0,0
CUST101963,25,male,salaried,7.9,93900,703,2,43,1,0,2,40500.0,0.191,0.493,532200.0,291600.0,348300,60,medical,1,1,1,1,1,1
CUST101964,49,male,salaried,3.2,72600,735,4,66,2,0,1,20600.0,0.608,0.319,410800.0,219100.0,61900,24,business,1,1,0,1,1,1
CUST101965,64,female,contract,7.1,98300,772,5,74,1,0,1,8000.0,0.127,0.147,490400.0,182400.0,461800,72,personal,1,1,1,1,0,1
CUST101966,46,male,self_employed,3.9,57700,650,3,42,3,0,0,24200.0,0.118,0.46,168800.0,144200.0,111200,48,home,1,1,1,1,1,0
CUST101967,59,male,salaried,9.4,32100,725,1,13,0,0,0,5300.0,0.678,0.413,247100.0,61300.0,190600,24,personal,1,1,1,1,1,0
CUST101968,26,male,salaried,11.6,71800,703,2,43,5,0,3,10000.0,0.197,0.303,113300.0,87100.0,282600,24,vehicle,1,1,1,1,0,1
CUST101969,21,female,salaried,10.9,81100,797,4,77,3,0,0,11500.0,0.122,0.205,167600.0,77200.0,246400,48,personal,1,1,1,1,1,1
CUST101970,32,male,self_employed,3.7,25900,710,3,69,3,0,2,2700.0,0.309,0.225,115200.0,36100.0,112600,36,personal,1,1,1,1,1,0
CUST101971,62,male,contract,4.0,33100,674,4,49,3,0,3,13200.0,0.275,0.555,83700.0,63900.0,186100,36,business,1,1,1,1,1,0
CUST101972,56,male,salaried,8.1,69200,682,0,0,0,0,1,12000.0,0.409,0.232,121600.0,67800.0,146600,36,vehicle,1,1,1,1,1,1
CUST101973,54,female,business,10.0,34800,750,1,19,2,0,3,2200.0,0.661,0.196,227400.0,185700.0,166800,36,consumer,1,1,1,1,0,1
CUST101974,27,female,contract,6.3,53100,634,4,68,4,0,2,13000.0,0.224,0.37,336400.0,276000.0,318300,48,vehicle,1,1,1,1,0,0
CUST101975,63,male,self_employed,5.5,49000,676,10,211,19,0,4,11000.0,0.335,0.342,261000.0,102600.0,207500,36,personal,1,1,1,1,0,0
CUST101976,63,female,business,4.7,53800,778,0,0,0,0,2,2200.0,0.265,0.215,274000.0,131100.0,336300,36,home,1,1,1,1,1,1
CUST101977,37,male,salaried,3.9,117000,654,4,46,2,0,2,16300.0,0.419,0.935,491100.0,260000.0,558600,6,personal,0,1,1,1,0,0
CUST101978,63,female,salaried,1.9,56400,734,3,45,0,0,2,19900.0,0.256,0.472,237800.0,123500.0,322800,48,home,1,1,1,1,1,1
CUST101979,32,female,salaried,10.5,102200,737,5,114,1,0,0,16300.0,0.399,0.231,583000.0,288800.0,264400,36,personal,1,1,1,1,1,1
CUST101980,49,female,business,6.2,46000,717,2,35,1,0,0,6400.0,0.509,0.212,143400.0,58400.0,199800,60,personal,1,1,1,1,1,1
CUST101981,43,female,salaried,2.6,30100,685,6,57,3,0,0,10900.0,0.432,0.741,174100.0,125100.0,136800,12,personal,1,1,1,1,1,0
CUST101982,34,male,business,9.3,67800,846,4,75,1,0,1,22700.0,0.286,0.459,405600.0,332200.0,302000,36,vehicle,1,1,1,1,0,1
CUST101983,30,female,salaried,16.7,250400,745,1,15,0,0,1,26800.0,0.183,0.155,1219600.0,1054300.0,434400,36,vehicle,1,1,1,1,0,1
CUST101984,62,female,self_employed,10.2,46500,665,4,86,6,0,2,8000.0,0.415,0.389,98400.0,66900.0,242600,24,vehicle,1,1,1,1,0,0
CUST101985,59,male,business,11.7,21600,736,5,108,2,0,2,6900.0,0.479,0.585,84900.0,22500.0,103100,18,personal,1,1,1,1,1,0
CUST101986,56,female,self_employed,7.4,52500,617,3,49,2,0,1,5500.0,0.354,0.247,158600.0,84500.0,268200,36,consumer,1,1,1,1,0,0
CUST101987,36,male,self_employed,5.5,66700,719,5,78,2,0,2,8900.0,0.239,0.262,102400.0,25700.0,206100,24,consumer,1,1,1,1,0,1
CUST101988,54,male,salaried,1.9,107800,753,2,30,0,0,0,6200.0,0.097,0.259,573800.0,300900.0,521500,24,vehicle,1,1,1,1,1,1
CUST101989,63,male,salaried,9.1,31400,689,5,105,5,0,2,10500.0,0.485,0.495,58400.0,26600.0,90800,18,medical,1,1,1,1,0,0
CUST101990,27,male,salaried,1.6,73200,686,2,48,0,0,2,16600.0,0.486,0.249,243700.0,101400.0,97500,60,home,1,1,0,1,1,0
CUST101991,55,male,self_employed,2.3,69700,700,1,19,3,0,5,11400.0,0.84,0.395,255000.0,122500.0,387400,24,vehicle,1,1,1,1,1,0
CUST101992,48,male,business,13.7,142600,688,3,53,4,0,2,20600.0,0.454,0.454,481900.0,363300.0,795000,18,home,1,1,1,1,0,0
CUST101993,42,female,self_employed,7.3,67800,657,6,71,1,0,1,19700.0,0.191,0.618,145300.0,61300.0,266300,12,education,1,1,1,1,1,0
CUST101994,57,female,salaried,6.8,79600,713,2,46,2,0,2,21300.0,0.362,0.324,404200.0,88400.0,108000,24,consumer,1,1,1,1,0,1
CUST101995,48,female,self_employed,7.6,113300,719,5,63,2,0,0,11900.0,0.491,0.543,471300.0,140900.0,595000,12,medical,1,1,1,1,0,1
CUST101996,31,female,salaried,7.6,66200,661,0,0,0,0,0,20100.0,0.144,0.376,295200.0,224900.0,346600,72,consumer,1,1,1,1,0,0
CUST101997,51,male,salaried,8.6,74500,692,4,52,4,0,2,18100.0,0.807,0.735,270500.0,87900.0,440000,12,education,1,1,1,1,1,0
CUST101998,32,male,salaried,3.3,28700,676,3,47,4,0,3,5200.0,0.312,0.315,166400.0,57200.0,92000,24,business,1,1,1,1,1,0
CUST101999,37,male,self_employed,3.6,33800,633,1,9,4,1,2,9000.0,0.187,0.456,131900.0,117300.0,231000,36,business,1,1,0,1,1,0
CUST102000,41,female,contract,2.8,82600,653,4,45,7,0,1,0.0,0.458,0.064,380900.0,268100.0,255100,48,home,1,1,1,1,0,0
CUST102001,43,male,salaried,5.3,46200,674,6,57,3,0,5,6500.0,0.469,0.298,105200.0,83500.0,174600,24,medical,1,1,1,1,1,0
CUST102002,57,female,contract,4.3,125100,764,3,30,0,0,0,5300.0,0.089,0.122,841500.0,353600.0,358900,36,business,1,0,1,1,1,1
CUST102003,32,female,salaried,3.8,73000,678,3,33,6,0,0,6900.0,0.401,0.197,101600.0,78600.0,450100,60,personal,1,1,0,1,0,1
CUST102004,25,female,salaried,14.0,51900,648,2,37,1,0,1,13500.0,0.496,0.342,322800.0,285400.0,153800,36,consumer,1,1,1,1,0,0
CUST102005,51,female,salaried,2.9,22900,645,8,114,14,0,1,4000.0,0.219,0.32,38600.0,13600.0,79600,24,personal,1,1,1,1,0,0
CUST102006,52,female,salaried,6.6,50800,710,3,35,1,0,1,10900.0,0.279,0.245,110900.0,34300.0,92900,60,education,1,1,1,1,0,1
CUST102007,27,male,salaried,1.3,32500,734,4,82,2,0,4,3400.0,0.403,0.208,190100.0,150900.0,121100,36,personal,1,1,1,1,0,0
CUST102008,46,male,self_employed,5.7,33100,761,1,21,0,0,1,11600.0,0.47,0.526,220100.0,80100.0,208900,36,personal,1,1,1,1,0,1
CUST102009,42,female,salaried,13.8,25800,713,3,32,1,0,0,7600.0,0.116,0.433,159400.0,109000.0,128300,36,home_improvement,1,0,1,1,1,1
CUST102010,52,female,contract,15.0,50700,780,0,0,0,0,2,11500.0,0.186,0.309,195600.0,46000.0,300800,72,personal,1,1,1,1,0,1
CUST102011,24,female,contract,2.6,52100,669,3,64,8,0,0,3800.0,0.335,0.197,271000.0,119200.0,233000,36,personal,1,1,1,1,0,0
CUST102012,27,female,salaried,6.4,56400,674,3,35,1,0,2,7900.0,0.345,0.297,178000.0,100600.0,158900,18,personal,1,1,1,1,1,0
CUST102013,25,male,contract,10.5,33300,657,4,81,3,0,1,4800.0,0.272,0.209,102800.0,43400.0,77600,36,home_improvement,1,1,1,1,1,0
CUST102014,64,male,self_employed,9.4,102700,771,4,62,2,0,3,33100.0,0.556,0.508,643500.0,487100.0,457900,24,consumer,1,1,1,1,1,1
CUST102015,51,male,business,9.5,57900,683,4,52,0,0,1,9000.0,0.454,0.22,397800.0,171500.0,225600,60,business,1,0,1,1,0,0
CUST102016,27,female,salaried,10.1,43000,638,4,43,1,0,1,4700.0,0.304,0.251,46500.0,41800.0,219000,36,vehicle,1,1,1,1,1,0
CUST102017,21,female,self_employed,4.5,55900,666,4,78,6,0,1,10600.0,0.662,0.347,237000.0,99300.0,211800,24,personal,1,1,1,1,1,0
CUST102018,58,female,salaried,5.8,58900,680,1,16,0,0,4,14500.0,0.397,0.31,325700.0,232300.0,181400,48,business,1,1,1,1,0,0
CUST102019,42,male,salaried,5.9,45000,680,0,0,0,0,3,16700.0,0.389,0.644,164500.0,45100.0,73700,6,vehicle,1,1,1,1,1,0
CUST102020,21,female,salaried,7.0,56000,687,3,53,4,0,1,4000.0,0.185,0.174,122100.0,90200.0,206000,36,home,1,1,1,1,1,1
CUST102021,50,male,self_employed,4.4,71200,663,1,9,1,0,0,21800.0,0.438,0.4,90000.0,20300.0,399900,60,education,1,1,1,1,0,0
CUST102022,53,male,salaried,11.3,235600,779,4,44,0,0,1,87200.0,0.362,0.634,1448000.0,374000.0,1492500,24,personal,1,1,1,1,0,1
CUST102023,39,male,salaried,17.5,109000,750,6,136,2,0,2,15200.0,0.205,0.249,397400.0,271100.0,717900,60,personal,1,1,1,1,1,1
CUST102024,34,male,self_employed,10.6,30400,683,0,0,0,0,0,4300.0,0.37,0.328,163900.0,88600.0,135800,24,education,1,1,1,1,1,0
CUST102025,27,male,business,4.7,53300,693,5,73,7,0,3,2300.0,0.277,0.107,103300.0,55700.0,121800,36,vehicle,1,1,1,1,0,1
CUST102026,38,female,salaried,4.6,105500,742,5,117,3,0,2,19600.0,0.572,0.45,701700.0,230300.0,502600,18,personal,1,1,1,1,0,1
CUST102027,55,female,business,10.5,122200,713,2,41,1,0,0,34800.0,0.332,0.353,555800.0,248600.0,300300,36,vehicle,1,1,1,1,0,1
CUST102028,60,male,salaried,4.0,62200,686,3,62,4,0,3,1600.0,0.451,0.083,331900.0,210700.0,127500,36,personal,0,1,1,1,0,0
CUST102029,30,male,salaried,16.1,26600,762,4,71,1,0,0,10200.0,0.688,0.49,180500.0,150300.0,135900,48,personal,1,1,1,1,1,1
CUST102030,38,male,salaried,19.2,65200,816,4,59,1,0,4,12300.0,0.397,0.263,389900.0,220100.0,173500,36,medical,1,1,1,1,1,1
CUST102031,41,male,self_employed,17.9,49100,732,2,22,0,0,0,15100.0,0.181,0.347,114100.0,74300.0,70400,36,consumer,1,1,0,1,1,1
CUST102032,45,female,salaried,16.4,78600,711,2,21,1,0,3,13500.0,0.345,0.23,472300.0,119800.0,276300,60,personal,1,1,1,0,0,1
CUST102033,38,male,salaried,3.3,29200,719,4,62,2,0,1,5300.0,0.5,0.83,102200.0,70000.0,227300,12,vehicle,1,0,1,1,1,0
CUST102034,48,male,salaried,5.7,148800,666,5,85,5,0,0,29700.0,0.068,0.263,923000.0,650800.0,450900,48,business,1,1,1,1,1,1
CUST102035,50,female,contract,8.4,64700,712,0,0,0,0,3,24700.0,0.42,0.557,368200.0,153100.0,203900,18,medical,1,1,1,0,0,0
CUST102036,21,female,salaried,22.1,55300,744,2,42,0,0,0,21700.0,0.315,0.594,181800.0,149900.0,267900,24,business,1,1,1,0,1,1
CUST102037,21,female,salaried,10.8,77400,741,1,10,0,0,2,15200.0,0.176,0.341,340800.0,93000.0,539100,48,medical,1,1,1,1,1,1
CUST102038,52,female,salaried,10.2,26800,723,0,0,0,0,1,4000.0,0.483,0.595,51800.0,19500.0,143300,12,personal,1,1,1,1,1,0
CUST102039,57,female,salaried,2.2,97200,656,2,39,3,0,0,25900.0,0.336,0.419,575300.0,248400.0,533800,36,consumer,1,1,1,1,1,0
CUST102040,63,female,salaried,2.2,44400,596,2,18,2,0,4,18000.0,0.57,0.451,219700.0,45900.0,73300,36,vehicle,1,1,1,1,0,0
CUST102041,44,female,business,6.6,39400,726,4,40,0,0,0,6200.0,0.372,0.216,249200.0,67900.0,55800,24,business,1,1,1,1,1,1
CUST102042,39,female,salaried,11.4,103000,642,2,18,2,0,1,33600.0,0.539,0.49,516100.0,235100.0,606200,36,vehicle,1,1,1,1,1,0
CUST102043,29,male,salaried,5.9,37300,729,3,35,1,0,0,7400.0,0.308,0.481,82800.0,67400.0,126600,12,personal,0,1,1,1,0,0
CUST102044,58,female,salaried,7.2,52400,717,6,64,2,0,3,9100.0,0.638,0.342,281700.0,195900.0,317800,36,business,1,1,1,1,1,0
CUST102045,26,female,business,1.1,78800,691,4,75,5,0,1,10600.0,0.332,0.194,523300.0,361800.0,169000,36,consumer,1,1,1,1,1,0
CUST102046,31,female,salaried,13.8,49300,711,0,0,0,0,2,7100.0,0.259,0.462,356100.0,147900.0,188400,12,home,1,0,1,1,0,0
CUST102047,42,male,salaried,10.6,33100,663,4,57,3,0,0,8700.0,0.229,0.322,149500.0,108300.0,71000,36,personal,1,1,1,1,0,0
CUST102048,45,female,salaried,15.6,112700,736,5,53,2,0,1,12700.0,0.118,0.393,229000.0,166500.0,757900,24,personal,1,1,1,1,1,1
CUST102049,46,female,business,5.3,53000,694,2,19,1,0,1,21600.0,0.274,0.626,79200.0,69700.0,416800,36,vehicle,1,1,1,1,1,1
CUST102050,32,male,salaried,0.9,50700,656,1,13,0,0,1,8000.0,0.29,0.18,233600.0,,53300,48,personal,1,1,1,1,1,0
CUST102051,32,male,salaried,5.0,63400,687,0,0,0,0,1,22600.0,0.326,1.106,401900.0,231500.0,285300,6,home_improvement,1,1,1,1,0,0
CUST102052,30,male,salaried,7.8,76000,613,4,48,4,0,1,27300.0,0.493,0.539,490900.0,268100.0,493000,36,business,1,1,1,1,0,0
CUST102053,34,female,salaried,9.1,33200,571,7,97,8,1,0,7900.0,0.273,0.278,101900.0,43300.0,63700,48,business,1,0,1,1,1,0
CUST102054,49,female,salaried,2.8,29700,750,1,21,1,0,1,2800.0,0.399,0.524,179800.0,119800.0,76500,6,personal,1,1,1,1,0,0
CUST102055,30,male,salaried,4.2,154200,739,1,20,1,0,0,18100.0,0.149,0.371,986400.0,425000.0,939200,24,personal,1,1,1,1,0,1
CUST102056,22,female,business,2.7,41800,713,2,40,0,0,1,12500.0,0.283,0.356,127200.0,61300.0,142900,60,personal,1,1,1,1,0,0
CUST102057,50,female,contract,1.9,67900,642,5,62,8,0,1,15800.0,0.201,0.249,232500.0,62000.0,81900,72,home,1,1,1,1,1,0
CUST102058,65,male,salaried,1.7,48300,630,3,55,2,0,2,14800.0,0.315,0.612,204400.0,183200.0,354700,24,personal,1,1,1,1,1,0
CUST102059,54,female,contract,11.6,59100,744,2,39,1,0,1,7400.0,0.192,0.407,96900.0,29800.0,299900,18,business,1,1,1,1,1,1
CUST102060,52,male,salaried,6.9,27800,719,7,103,9,0,1,6000.0,0.262,0.262,88500.0,33300.0,76800,60,home,0,1,1,1,0,0
CUST102061,38,male,self_employed,30.0,36300,750,3,45,0,0,2,13600.0,0.491,0.471,199500.0,118000.0,83600,24,personal,1,1,1,1,0,1
CUST102062,33,female,salaried,1.0,96700,771,2,48,0,0,1,11200.0,0.258,0.207,210800.0,166200.0,212600,24,vehicle,1,1,1,1,1,1
CUST102063,50,male,salaried,7.5,43300,646,2,33,3,0,1,8700.0,0.136,0.256,51400.0,38200.0,170500,72,business,1,1,1,1,0,0
CUST102064,48,male,contract,2.1,95700,680,2,24,0,0,1,26000.0,0.209,0.417,100200.0,89800.0,665700,48,home_improvement,1,1,0,1,1,0
CUST102065,54,female,salaried,24.3,154600,778,2,45,1,0,2,11800.0,0.139,0.16,692800.0,396500.0,776800,60,business,1,1,1,1,0,1
CUST102066,23,male,self_employed,2.7,85600,696,5,52,3,0,2,7300.0,0.199,0.288,332900.0,218500.0,415800,24,personal,1,1,1,1,1,1
CUST102067,31,female,salaried,10.5,120800,759,3,62,1,0,1,15000.0,0.659,0.166,735700.0,412300.0,243300,48,education,1,1,1,1,1,1
CUST102068,50,female,contract,7.6,106600,760,1,11,0,0,3,9400.0,0.258,0.429,231600.0,152500.0,653800,18,business,1,1,1,1,1,1
CUST102069,62,female,salaried,7.1,37500,673,5,66,4,0,2,1100.0,0.329,0.433,77600.0,35700.0,181800,12,vehicle,1,1,1,1,0,0
CUST102070,58,female,business,8.4,29800,669,5,68,2,0,0,7300.0,0.444,0.326,82800.0,26200.0,144000,60,home,1,1,1,1,0,0
CUST102071,54,female,business,5.0,122900,717,4,38,2,0,4,39400.0,0.494,0.535,471100.0,370200.0,316700,12,home,1,1,1,1,1,0
CUST102072,57,female,salaried,14.1,74600,747,5,54,1,0,1,13000.0,0.151,0.793,183200.0,42100.0,276800,6,business,1,1,0,1,0,1
CUST102073,63,male,salaried,16.4,94200,728,2,23,1,0,0,16600.0,0.311,0.466,425000.0,218300.0,655300,24,home,1,1,1,1,0,1
CUST102074,26,male,contract,7.8,57800,698,2,36,4,0,0,13700.0,0.513,0.64,294900.0,264500.0,279600,12,education,1,1,1,1,0,0
CUST102075,56,female,salaried,2.5,67900,724,4,63,1,0,1,9500.0,0.14,0.246,316400.0,162000.0,345000,48,home,1,1,1,1,0,1
CUST102076,27,female,salaried,5.9,65900,666,3,42,3,0,1,9100.0,0.303,0.192,29700.0,20800.0,84600,24,home_improvement,1,1,1,1,0,1
CUST102077,41,female,self_employed,8.3,73700,640,3,34,2,0,1,16000.0,0.67,0.397,236900.0,203200.0,318700,24,education,1,1,1,1,1,0
CUST102078,50,female,contract,8.7,35600,662,2,32,2,0,0,1700.0,0.345,0.231,199700.0,65800.0,156800,24,business,1,1,1,1,1,0
CUST102079,36,female,salaried,9.6,46200,683,1,18,0,0,1,13900.0,0.179,0.346,247300.0,58000.0,148900,72,personal,1,1,1,1,1,1
CUST102080,33,male,business,11.0,72200,690,1,11,1,0,0,3800.0,0.298,0.358,217000.0,110900.0,264800,12,business,1,1,1,1,1,1
CUST102081,31,male,contract,2.5,105300,779,2,28,2,0,0,17100.0,0.25,0.443,139100.0,104000.0,710000,24,vehicle,1,1,1,1,1,1
CUST102082,62,male,salaried,10.6,80200,629,4,69,11,0,2,17300.0,0.295,0.288,530100.0,338600.0,209900,36,vehicle,1,1,1,1,1,0
CUST102083,22,male,self_employed,7.0,59900,709,2,38,0,0,2,7800.0,0.712,0.25,346400.0,141300.0,129100,18,home_improvement,1,1,1,1,0,1
CUST102084,46,male,salaried,14.3,97400,824,3,33,0,0,1,34300.0,0.248,0.427,120400.0,54500.0,522500,72,personal,1,1,1,1,1,1
CUST102085,26,male,salaried,8.7,65600,716,3,57,0,0,1,17700.0,0.439,0.308,394800.0,254600.0,45200,18,home,1,1,1,1,0,1
CUST102086,46,male,self_employed,4.9,71600,690,2,33,1,0,2,27200.0,0.455,0.466,74700.0,47100.0,296000,48,vehicle,1,1,0,1,0,0
CUST102087,54,male,salaried,15.2,29100,679,0,0,0,0,1,8600.0,0.516,0.843,51600.0,15500.0,191200,12,consumer,1,1,0,1,1,0
CUST102088,55,female,salaried,7.5,142800,718,3,32,1,0,1,48500.0,0.27,0.475,419900.0,126800.0,464700,24,consumer,1,1,1,1,1,1
CUST102089,29,male,self_employed,5.9,38800,671,1,18,0,0,1,10300.0,0.401,1.284,257500.0,166000.0,237100,6,consumer,1,1,1,1,1,0
CUST102090,60,male,contract,5.9,29700,651,0,0,0,0,3,5500.0,0.41,0.247,53500.0,22300.0,109500,60,business,1,1,1,1,1,0
CUST102091,35,female,contract,1.3,47100,664,2,37,3,0,5,500.0,0.443,0.175,47300.0,42200.0,279400,36,education,1,1,1,1,1,0
CUST102092,41,female,salaried,11.1,48900,730,7,135,5,0,4,4800.0,0.38,0.232,146900.0,74500.0,157000,24,vehicle,1,1,1,1,1,1
CUST102093,61,female,salaried,5.1,39900,694,3,47,1,0,2,14500.0,0.524,0.384,164100.0,85600.0,48400,60,home_improvement,1,1,1,1,0,0
CUST102094,46,male,salaried,8.1,89100,729,2,22,0,0,1,8400.0,0.595,0.207,313100.0,65600.0,240300,24,vehicle,1,1,1,1,1,1
CUST102095,59,female,salaried,6.1,75400,659,8,134,10,1,3,19100.0,0.385,0.718,470900.0,379100.0,420400,12,business,1,1,1,1,1,0
CUST102096,24,female,salaried,9.0,72800,738,3,55,2,0,0,15800.0,0.056,0.299,319500.0,237600.0,285400,48,business,1,1,1,1,1,1
CUST102097,58,male,business,15.5,59700,679,2,28,4,0,0,15900.0,0.456,0.502,37300.0,11900.0,337900,24,home,1,1,0,1,1,1
CUST102098,62,female,contract,6.7,44900,687,4,48,4,0,0,7000.0,0.339,0.189,205900.0,50700.0,53500,36,personal,1,1,1,1,1,0
CUST102099,27,male,self_employed,3.9,82500,674,3,48,3,0,1,100.0,0.302,0.048,340900.0,165900.0,138500,36,personal,1,1,1,1,1,1
CUST102100,61,male,business,12.4,28600,779,4,44,0,0,2,9900.0,0.313,0.833,155200.0,56500.0,167000,12,home,1,1,1,1,0,1
CUST102101,46,male,salaried,12.2,76400,665,2,27,5,0,1,24900.0,0.058,0.474,445600.0,286800.0,406400,36,home_improvement,1,1,1,1,0,1
CUST102102,23,male,salaried,2.6,57100,722,1,19,0,0,1,21100.0,0.311,0.451,69800.0,18600.0,277500,60,vehicle,1,1,1,1,0,0
CUST102103,53,male,contract,3.1,27900,631,3,43,5,0,3,2400.0,0.501,1.126,169500.0,96900.0,174100,6,consumer,1,1,1,1,1,0
CUST102104,36,male,business,17.3,59700,779,1,11,0,0,2,8900.0,0.185,0.164,191000.0,151700.0,51900,60,medical,1,1,1,1,0,1
CUST102105,31,male,contract,5.6,141400,696,3,50,7,0,1,28400.0,0.268,0.314,671600.0,477000.0,382900,24,consumer,1,1,1,1,0,1
CUST102106,61,male,self_employed,3.9,31100,641,1,11,2,0,0,900.0,0.345,0.17,52600.0,,210200,48,consumer,1,1,1,1,0,0
CUST102107,33,female,salaried,6.9,69500,737,2,47,1,0,0,16900.0,0.287,0.276,157000.0,36800.0,82500,36,personal,1,1,1,1,1,1
CUST102108,47,female,salaried,4.7,67600,757,2,40,0,0,2,13500.0,0.442,0.531,437400.0,126300.0,403700,18,consumer,1,1,1,1,0,1
CUST102109,34,female,salaried,2.7,56300,758,2,32,2,0,1,13400.0,0.591,0.299,153500.0,98800.0,166100,48,home_improvement,1,0,1,1,1,1
CUST102110,35,male,salaried,12.4,47100,692,2,27,5,0,0,20600.0,0.333,0.501,179200.0,96600.0,180300,60,business,1,1,1,1,0,0
CUST102111,46,female,salaried,9.8,113900,611,1,10,1,0,1,21700.0,0.08,0.43,516100.0,359500.0,655600,24,home,1,1,1,1,0,0
CUST102112,36,male,self_employed,4.5,94400,698,6,63,3,0,1,5500.0,0.669,0.11,199600.0,109400.0,176500,36,medical,1,1,1,1,0,1
CUST102113,44,female,salaried,9.1,73300,662,2,39,1,0,1,10800.0,0.858,0.285,172900.0,155200.0,363800,36,education,1,1,1,1,0,0
CUST102114,50,male,self_employed,5.2,112400,733,3,72,0,0,0,8200.0,0.113,0.181,551700.0,417200.0,726500,60,home_improvement,1,1,1,1,0,1
CUST102115,44,male,salaried,10.3,43500,690,6,60,6,0,0,9900.0,0.358,1.435,110000.0,75700.0,315200,6,personal,1,1,1,1,1,0
CUST102116,52,male,contract,4.1,40400,654,2,33,1,0,2,6300.0,0.397,0.26,9500.0,5400.0,151000,36,vehicle,1,0,1,1,1,0
CUST102117,57,female,contract,6.8,84300,649,1,14,3,0,0,30700.0,0.212,0.623,183400.0,126100.0,522800,24,consumer,1,1,1,1,1,0
CUST102118,27,female,business,6.8,39300,702,2,38,4,0,2,1000.0,0.294,0.154,76500.0,31600.0,181900,36,personal,1,1,0,1,1,0
CUST102119,26,female,business,6.6,58800,671,5,59,6,0,2,16000.0,0.377,0.842,285100.0,137300.0,402400,12,home_improvement,1,1,1,1,0,0
CUST102120,41,female,business,6.2,28100,685,4,54,2,0,1,2000.0,0.432,0.157,78100.0,67100.0,87100,36,business,1,1,1,1,0,0
CUST102121,53,female,salaried,7.7,119600,737,2,31,1,0,3,34400.0,0.476,0.405,759700.0,355000.0,504200,36,vehicle,1,1,1,1,0,1
CUST102122,58,female,business,9.4,34700,679,3,49,5,0,0,9300.0,0.134,0.362,188300.0,153200.0,117600,36,personal,0,1,1,1,1,0
CUST102123,41,male,business,6.8,87000,688,5,57,3,0,5,19800.0,0.391,0.524,29500.0,15100.0,618900,24,personal,1,1,1,1,1,0
CUST102124,58,male,business,9.7,86800,755,3,39,0,0,1,25100.0,0.245,0.383,176800.0,144700.0,588000,72,home_improvement,1,1,1,1,1,1
CUST102125,29,female,salaried,15.8,42600,737,3,52,5,0,4,14700.0,0.655,0.509,88700.0,65100.0,252000,36,business,1,1,1,1,0,0
CUST102126,52,male,self_employed,10.6,42000,757,2,26,0,0,1,5600.0,0.593,0.225,70100.0,15000.0,138000,36,home,1,1,1,1,0,1
CUST102127,51,female,salaried,6.3,37000,689,1,15,2,0,2,7500.0,0.383,0.227,24100.0,20400.0,32200,36,home_improvement,1,1,1,1,1,0
CUST102128,57,male,self_employed,8.8,40700,587,1,21,1,0,2,12100.0,0.342,0.495,121400.0,36000.0,193300,24,vehicle,1,1,1,1,1,0
CUST102129,21,male,self_employed,0.8,46700,641,1,14,2,0,1,14400.0,0.137,0.423,248800.0,70900.0,192200,36,business,1,1,1,1,0,0
CUST102130,51,male,salaried,10.0,56600,650,5,107,8,0,0,16100.0,0.658,0.455,255400.0,163500.0,347100,36,personal,1,1,1,1,0,0
CUST102131,44,male,salaried,8.1,60600,691,2,17,3,0,1,5600.0,0.317,0.206,424300.0,181200.0,248100,36,vehicle,1,1,1,1,1,1
CUST102132,58,male,salaried,2.0,32200,663,3,39,9,0,1,8200.0,0.383,0.451,109200.0,63100.0,75700,12,vehicle,1,1,1,1,1,0
CUST102133,58,male,salaried,6.3,44600,716,2,41,1,0,1,4000.0,0.572,0.149,228800.0,190200.0,94700,36,home_improvement,1,1,1,1,1,1
CUST102134,37,female,contract,9.1,39300,703,1,20,1,0,0,2100.0,0.165,0.292,136900.0,74900.0,168900,18,home_improvement,1,1,1,1,0,0
CUST102135,46,female,salaried,2.9,49500,676,3,66,3,0,2,9800.0,0.199,0.258,332200.0,294400.0,107800,36,personal,1,1,1,1,1,0
CUST102136,24,female,contract,16.3,57200,765,1,20,0,0,2,13400.0,0.51,0.294,298100.0,218000.0,246100,72,personal,1,1,1,1,1,1
CUST102137,25,female,salaried,9.1,47100,647,1,15,1,0,3,11100.0,0.369,0.408,226700.0,140300.0,292500,36,consumer,1,1,1,1,1,0
CUST102138,25,female,self_employed,9.5,82800,738,1,16,0,0,1,29300.0,0.398,0.441,307100.0,165300.0,260800,36,personal,1,1,1,1,0,1
CUST102139,49,female,salaried,8.2,66500,693,1,15,0,0,0,24600.0,0.188,0.504,63900.0,44700.0,427500,48,home,1,1,1,1,1,1
CUST102140,47,male,salaried,13.7,42000,684,2,45,1,0,2,9700.0,0.793,0.299,112300.0,34400.0,68800,24,business,1,1,1,1,1,0
CUST102141,62,female,salaried,2.9,36300,670,4,42,2,0,0,12600.0,0.16,0.383,207300.0,134400.0,78600,60,personal,1,1,1,1,1,0
CUST102142,21,female,salaried,13.0,59300,702,2,47,1,0,1,12300.0,0.357,0.238,62500.0,17200.0,65100,36,consumer,1,1,1,1,1,1
CUST102143,58,female,business,5.0,37500,684,5,51,4,0,1,3200.0,0.306,0.172,163900.0,62200.0,232900,72,vehicle,1,1,0,1,0,0
CUST102144,58,male,self_employed,5.6,68500,638,1,20,0,0,1,6800.0,0.133,0.391,290800.0,184400.0,239600,12,personal,1,0,1,1,0,0
CUST102145,27,male,salaried,5.6,87600,709,4,49,3,1,1,19400.0,0.205,0.319,70000.0,53900.0,308200,36,education,1,1,1,1,0,0
CUST102146,29,female,self_employed,16.4,64800,711,4,94,2,0,1,26900.0,0.262,0.52,331400.0,236300.0,245500,36,personal,1,1,1,1,0,1
CUST102147,57,female,self_employed,16.9,32800,721,3,36,0,0,1,4300.0,0.153,0.27,142300.0,98700.0,218300,48,medical,1,1,1,1,0,1
CUST102148,57,female,salaried,4.6,95400,690,3,39,3,0,0,9600.0,0.191,0.183,681400.0,172700.0,471500,60,home_improvement,1,1,1,1,0,1
CUST102149,57,male,business,9.0,33300,650,3,31,2,0,2,13700.0,0.278,0.559,72700.0,23100.0,117700,24,vehicle,1,1,1,1,1,0
CUST102150,37,male,self_employed,9.0,139200,679,2,22,2,0,0,34000.0,0.601,0.392,575000.0,337000.0,738100,36,medical,0,1,1,1,1,0
CUST102151,57,female,business,9.1,51100,682,1,19,2,0,3,17200.0,0.475,0.384,87100.0,,116000,48,vehicle,1,1,1,1,1,0
CUST102152,25,male,self_employed,5.8,76300,673,2,37,7,0,2,22200.0,0.145,0.468,496800.0,186500.0,323300,24,home,1,1,1,1,0,0
CUST102153,65,female,salaried,8.2,56100,782,2,35,1,0,1,0.0,0.264,0.172,51500.0,35900.0,347800,36,consumer,1,1,1,1,0,1
CUST102154,37,female,salaried,4.7,41100,639,1,19,1,0,1,4300.0,0.346,0.194,247700.0,82800.0,87800,24,consumer,1,1,1,1,0,0
CUST102155,28,female,salaried,5.4,38700,762,1,21,0,0,1,15500.0,0.362,0.587,0.0,0.0,86500,12,business,1,1,1,1,0,1
CUST102156,21,female,salaried,8.4,40400,702,3,52,5,0,2,2200.0,0.621,0.229,159100.0,140100.0,168900,24,education,1,1,1,1,1,0
CUST102157,54,male,business,7.9,27900,732,2,40,2,0,2,1600.0,0.224,0.139,151000.0,34200.0,54600,24,personal,1,1,1,1,1,1
CUST102158,30,male,contract,7.4,48600,620,1,11,2,0,1,14200.0,0.095,0.34,194800.0,162300.0,55800,24,personal,1,1,1,1,1,0
CUST102159,21,female,salaried,4.9,25900,725,3,50,1,0,3,6000.0,0.281,0.504,79500.0,29100.0,169500,24,home,1,1,1,1,0,0
CUST102160,27,female,self_employed,5.3,39200,714,1,18,1,0,0,9500.0,0.366,0.357,286000.0,187100.0,80700,18,vehicle,1,1,1,1,1,1
CUST102161,40,female,salaried,6.2,56200,713,4,44,0,0,4,13800.0,0.509,0.377,304100.0,107700.0,266900,36,personal,1,1,1,1,0,1
CUST102162,64,male,salaried,5.2,96100,745,1,10,0,0,0,29900.0,0.065,0.421,547000.0,335400.0,380200,36,business,0,1,0,1,0,1
CUST102163,47,male,salaried,6.5,90900,703,1,12,0,0,1,19600.0,0.293,0.299,586400.0,298100.0,456800,60,personal,1,1,1,1,0,1
CUST102164,40,female,salaried,2.5,27200,642,2,22,4,0,0,9200.0,0.544,0.543,104600.0,32100.0,200500,36,personal,1,1,1,1,0,0
CUST102165,45,female,salaried,3.2,42400,648,2,36,4,0,0,17500.0,0.306,0.506,292000.0,121200.0,284600,72,vehicle,1,1,1,1,0,0
CUST102166,45,male,salaried,13.5,223600,781,2,20,0,0,0,24800.0,0.295,0.355,594300.0,185800.0,1311400,24,home,1,0,1,1,1,1
CUST102167,28,male,contract,1.9,39100,597,1,20,1,0,0,8400.0,0.334,0.432,211100.0,151800.0,203700,24,home,1,1,1,1,1,0
CUST102168,23,female,salaried,5.6,120600,707,4,77,3,0,0,9600.0,0.258,0.669,269300.0,196400.0,426200,6,medical,1,1,0,1,1,1
CUST102169,28,male,salaried,2.4,81400,760,2,36,0,0,0,26900.0,0.432,0.476,399400.0,157600.0,427900,36,home,1,1,1,1,1,1
CUST102170,23,male,business,10.0,83800,693,3,56,4,0,3,31700.0,0.302,1.204,75900.0,62700.0,415100,6,business,1,1,1,0,1,0
CUST102171,53,male,self_employed,6.8,116300,658,2,42,4,0,0,39100.0,0.413,0.467,609200.0,495800.0,547900,36,home,1,1,1,1,0,0
CUST102172,48,male,salaried,1.9,69900,711,2,35,1,0,0,10400.0,0.233,0.291,215500.0,57800.0,238000,24,home,1,1,1,1,1,1
CUST102173,54,male,salaried,9.0,71300,738,2,47,1,0,4,20100.0,0.33,0.561,360300.0,282700.0,238800,12,vehicle,1,1,1,1,1,1
CUST102174,36,male,business,10.7,30000,663,2,25,3,0,1,10700.0,0.258,0.419,139100.0,31500.0,67100,36,medical,1,1,1,1,0,0
CUST102175,43,male,self_employed,7.3,77500,686,1,12,1,0,1,23800.0,0.142,0.367,73100.0,48500.0,166700,36,home_improvement,1,1,1,1,0,1
CUST102176,34,male,salaried,27.7,59300,691,2,28,2,0,1,9600.0,0.583,0.384,317700.0,160000.0,236800,18,consumer,1,1,0,1,1,1
CUST102177,49,male,self_employed,12.1,39300,730,3,42,0,0,1,9200.0,0.838,1.5,14700.0,6500.0,321400,6,vehicle,1,1,1,1,0,0
CUST102178,28,female,salaried,6.4,43600,670,2,19,3,0,0,3100.0,0.251,0.119,216100.0,184400.0,150600,72,vehicle,1,1,1,1,1,0
CUST102179,24,male,salaried,4.8,218800,724,5,100,5,0,0,13800.0,0.24,0.349,1466600.0,423900.0,1500000,24,home,1,1,1,1,1,1
CUST102180,55,male,contract,3.6,118100,765,1,19,1,0,5,9800.0,0.381,0.23,125600.0,102800.0,626700,36,consumer,1,1,0,1,0,1
CUST102181,30,female,business,5.9,93100,595,7,130,10,1,1,20200.0,0.308,0.294,247100.0,93900.0,259600,36,personal,1,1,1,1,0,0
CUST102182,63,male,salaried,10.1,48100,681,4,71,9,0,0,19900.0,0.44,0.556,164400.0,98200.0,247100,36,consumer,1,1,1,1,1,0
CUST102183,33,female,salaried,3.9,24400,638,3,24,6,0,2,3600.0,0.433,0.471,17600.0,4200.0,189400,24,home,1,1,1,1,1,0
CUST102184,37,male,salaried,11.2,50000,664,2,39,3,0,1,9600.0,0.429,0.201,257700.0,182300.0,31800,72,home_improvement,1,1,1,1,0,0
CUST102185,55,female,salaried,5.0,50300,659,3,29,4,0,0,16600.0,0.083,0.566,288100.0,201100.0,284600,24,consumer,1,1,1,1,1,0
CUST102186,37,female,salaried,5.0,52100,734,7,144,3,0,3,14300.0,0.397,0.72,292900.0,92800.0,417400,18,education,1,1,1,1,0,0
CUST102187,30,male,salaried,1.0,54300,648,4,74,6,0,1,6100.0,0.237,0.262,338000.0,171900.0,194900,24,home_improvement,1,1,1,1,1,0
CUST102188,34,female,business,5.1,66800,672,2,21,3,0,0,25500.0,0.158,0.494,339000.0,278000.0,269200,36,home,1,1,1,1,1,0
CUST102189,55,male,business,2.9,70800,711,1,23,0,0,1,7700.0,0.277,0.2,359600.0,294600.0,387200,60,education,1,1,1,1,1,1
CUST102190,28,female,salaried,3.8,65300,714,3,29,1,0,0,13800.0,0.403,0.35,439200.0,225900.0,325200,36,personal,1,1,1,1,0,1
CUST102191,41,male,salaried,10.2,24300,735,2,37,1,0,0,5500.0,0.343,0.355,36800.0,19600.0,37400,12,business,1,1,1,1,1,0
CUST102192,35,female,contract,14.1,80700,781,3,71,1,0,2,16500.0,0.323,0.437,210900.0,46200.0,450300,24,vehicle,1,1,0,1,1,1
CUST102193,38,male,salaried,17.6,73800,733,1,20,1,0,2,11300.0,0.481,0.164,449400.0,173500.0,20000,24,home,1,1,1,1,1,1
CUST102194,57,female,contract,4.1,63200,730,1,18,0,0,1,14900.0,0.173,0.427,34900.0,15500.0,289900,24,personal,1,1,1,1,1,1
CUST102195,49,female,self_employed,11.5,65100,721,4,57,3,0,1,12200.0,0.419,0.478,168500.0,82700.0,454300,24,education,1,1,1,1,0,0
CUST102196,24,female,salaried,7.7,85900,690,0,0,0,0,0,7600.0,0.161,0.206,504300.0,215200.0,484800,48,personal,1,1,1,1,1,1
CUST102197,52,female,salaried,9.3,43900,750,1,10,1,0,3,12600.0,0.299,0.335,197300.0,112600.0,127300,60,education,0,1,1,1,0,1
CUST102198,57,male,contract,3.1,47200,633,4,70,6,0,1,6500.0,0.791,0.22,141000.0,117700.0,140000,36,personal,1,1,1,1,1,0
CUST102199,50,female,salaried,8.9,117400,719,2,39,7,0,4,31400.0,0.455,0.392,401000.0,293400.0,702200,48,vehicle,1,1,1,1,1,1
CUST102200,23,male,salaried,7.7,79400,638,2,30,4,0,2,13300.0,0.648,0.271,530800.0,214600.0,495100,60,education,1,1,1,1,1,0
CUST102201,43,male,salaried,9.1,149000,748,3,63,6,0,5,25000.0,0.476,0.275,409200.0,346600.0,572500,36,business,1,1,1,1,0,1
CUST102202,45,male,salaried,7.8,47100,680,3,57,3,0,1,4300.0,0.342,0.1,254800.0,104900.0,25000,60,home_improvement,1,1,1,1,1,0
CUST102203,22,male,salaried,10.6,91100,775,0,0,0,0,2,15000.0,0.442,0.279,96900.0,28400.0,622900,60,home,1,1,1,1,0,1
CUST102204,55,female,salaried,5.5,68100,670,3,50,4,0,1,0.0,0.129,0.071,244500.0,166200.0,174400,36,home,1,1,1,1,1,1
CUST102205,27,male,contract,13.3,109900,688,4,56,4,0,1,30500.0,0.62,0.371,739300.0,492000.0,618300,60,business,1,1,1,1,1,1
CUST102206,36,male,salaried,3.8,97800,675,5,107,8,0,1,14700.0,0.285,0.381,326200.0,293100.0,542400,24,home_improvement,1,1,0,1,0,1
CUST102207,35,female,salaried,10.5,15000,663,6,115,11,1,1,2500.0,0.592,0.204,44500.0,29400.0,20000,36,personal,1,1,1,1,0,0
CUST102208,60,male,contract,3.6,31300,604,4,75,9,0,4,0.0,0.292,0.247,93600.0,56100.0,139300,18,education,1,1,1,1,1,0
CUST102209,63,male,salaried,12.4,100300,742,2,34,4,0,2,32700.0,0.393,0.357,503500.0,122000.0,112500,36,home,1,1,1,1,1,1
CUST102210,55,male,salaried,15.0,27100,677,5,58,2,0,4,900.0,0.285,0.318,147400.0,58900.0,92600,12,personal,1,1,1,1,0,0
CUST102211,36,female,contract,5.9,61200,685,3,64,5,0,1,14100.0,0.46,0.374,133300.0,35400.0,315900,36,personal,1,1,1,1,0,0
CUST102212,49,male,contract,3.9,49700,679,1,10,2,0,2,4400.0,0.195,0.145,168300.0,136700.0,100300,36,personal,1,0,1,1,0,0
CUST102213,50,male,salaried,4.0,48900,651,2,26,0,0,3,8600.0,0.32,0.411,147800.0,120800.0,275600,24,home,1,1,1,1,0,0
CUST102214,37,female,salaried,14.6,86000,714,3,63,6,0,1,19600.0,0.528,0.348,565700.0,475400.0,621400,60,medical,1,1,1,1,0,1
CUST102215,32,female,business,20.9,78800,744,2,43,1,0,4,17500.0,0.584,0.287,115100.0,42800.0,305200,60,personal,1,1,1,1,1,1
CUST102216,27,female,salaried,20.1,32100,745,3,60,0,0,1,4000.0,0.145,0.153,104500.0,38400.0,54700,60,home_improvement,1,1,1,1,1,1
CUST102217,41,male,business,9.6,78600,698,1,17,1,0,4,23900.0,0.557,0.389,153200.0,101800.0,321900,48,consumer,1,1,1,1,1,0
CUST102218,47,male,salaried,8.4,42800,736,3,33,0,0,0,12300.0,0.214,0.423,158700.0,79000.0,104100,18,vehicle,1,1,1,1,0,1
CUST102219,53,female,salaried,6.8,110500,666,2,20,2,0,1,25500.0,0.483,0.335,93900.0,,692800,60,personal,1,1,1,1,1,1
CUST102220,30,female,contract,8.6,52900,696,3,32,4,0,4,18800.0,0.708,0.483,294700.0,101500.0,405300,60,home_improvement,1,1,1,1,1,0
CUST102221,49,male,salaried,9.7,27000,693,1,14,1,0,2,0.0,0.674,0.095,186100.0,106300.0,153500,60,medical,1,1,1,1,0,0
CUST102222,60,male,business,9.7,58100,672,2,18,2,0,2,3700.0,0.41,0.122,74700.0,25400.0,81800,24,business,1,1,1,1,1,0
CUST102223,55,male,salaried,5.9,54600,719,2,33,3,0,2,23000.0,0.633,1.154,185900.0,65300.0,240100,6,education,1,1,0,1,1,0
CUST102224,60,female,business,13.9,69900,740,1,21,0,0,2,17100.0,0.426,0.253,341600.0,297300.0,20000,36,home,1,1,1,1,0,1
CUST102225,56,male,self_employed,10.7,81700,762,0,0,0,0,2,33600.0,0.345,0.533,401800.0,246800.0,479300,48,vehicle,1,1,1,1,0,1
CUST102226,43,female,salaried,8.5,70300,684,3,41,4,0,1,12500.0,0.365,0.294,465800.0,347400.0,295300,36,home_improvement,1,1,1,1,0,1
CUST102227,65,male,business,10.5,92200,690,1,13,2,0,1,10800.0,0.761,0.644,427000.0,113100.0,582900,12,business,1,1,1,1,1,1
CUST102228,52,male,salaried,17.2,34300,716,4,70,6,0,0,3200.0,0.194,0.204,227600.0,128800.0,228500,60,personal,1,1,1,1,0,1
CUST102229,41,male,salaried,10.9,106300,646,0,0,0,0,1,10600.0,0.186,0.127,618700.0,256300.0,207500,72,home,1,1,1,1,1,1
CUST102230,53,male,self_employed,15.3,50500,685,2,19,1,0,2,14900.0,0.338,0.485,211300.0,54300.0,344700,36,consumer,1,1,1,1,1,1
CUST102231,63,male,salaried,1.4,53500,738,2,19,3,0,2,12000.0,0.337,0.419,200100.0,84500.0,375200,36,home,1,1,1,1,0,0
CUST102232,36,male,salaried,9.8,71300,686,4,82,2,0,3,11200.0,0.444,0.339,187200.0,86000.0,467500,36,home_improvement,1,1,1,1,0,0
CUST102233,21,female,self_employed,3.6,39100,721,1,22,0,0,3,14700.0,0.21,0.416,72600.0,58700.0,93500,60,business,1,1,1,1,1,1
CUST102234,27,female,salaried,25.4,120000,724,0,0,0,0,0,24200.0,0.209,0.318,336800.0,82100.0,670500,48,personal,1,1,1,1,1,1
CUST102235,53,male,salaried,0.9,64600,724,3,30,3,0,2,14000.0,0.58,0.506,396800.0,220700.0,448400,24,personal,1,1,1,1,1,0
CUST102236,40,female,salaried,5.7,40900,689,4,39,5,0,0,6700.0,0.365,0.489,237000.0,54400.0,159700,12,vehicle,1,1,1,1,0,0
CUST102237,22,female,salaried,4.6,57300,753,4,92,0,0,0,19300.0,0.449,0.499,339600.0,135800.0,334700,36,personal,1,0,1,1,0,1
CUST102238,43,male,salaried,1.3,118700,700,4,82,6,0,0,20700.0,0.421,0.282,184400.0,63300.0,614800,48,education,1,1,1,1,0,0
CUST102239,61,male,self_employed,24.7,69500,830,2,26,0,0,1,28500.0,0.159,0.549,136200.0,30900.0,463900,48,home_improvement,1,1,1,1,1,1
CUST102240,52,female,salaried,3.1,79700,748,1,24,0,0,1,24100.0,0.263,0.439,239000.0,61100.0,261900,24,personal,1,1,1,1,0,1
CUST102241,63,female,salaried,2.3,98700,739,3,63,0,0,1,7400.0,0.125,0.126,573500.0,508800.0,180000,36,personal,1,1,1,1,0,1
CUST102242,51,female,contract,4.2,69300,623,2,34,4,0,1,14700.0,0.27,0.263,126000.0,109000.0,168500,48,home,1,1,1,1,1,0
CUST102243,23,male,salaried,8.0,61300,670,1,12,0,0,1,18100.0,0.415,0.438,161200.0,139400.0,315900,36,education,1,1,1,1,1,1
CUST102244,23,male,salaried,16.6,59600,738,2,34,0,0,0,7000.0,0.394,0.15,254000.0,66100.0,117800,60,education,1,1,1,1,1,1
CUST102245,56,male,contract,10.4,90500,716,4,36,4,0,0,21700.0,0.038,1.002,249100.0,109600.0,414000,6,education,1,1,1,1,1,0
CUST102246,62,female,business,21.4,45100,767,3,39,0,0,1,6900.0,0.53,0.207,91700.0,77300.0,147200,60,medical,1,1,1,1,0,1
CUST102247,45,male,salaried,11.3,51200,634,2,24,4,0,1,4900.0,0.416,0.12,309100.0,210000.0,88600,72,personal,1,1,1,1,1,1
CUST102248,30,female,salaried,7.5,87100,734,2,28,2,0,1,25000.0,0.111,0.334,301400.0,125700.0,243300,60,vehicle,1,1,1,1,1,1
CUST102249,59,male,salaried,3.1,110700,670,0,0,0,0,1,23400.0,0.536,0.426,523100.0,160300.0,570900,24,personal,1,1,1,1,0,0
CUST102250,31,female,business,4.3,67300,671,2,25,3,0,1,9200.0,0.378,0.436,377200.0,91600.0,120700,6,consumer,1,1,1,1,1,0
CUST102251,56,male,salaried,6.6,16700,697,4,45,3,1,2,1700.0,0.402,0.275,33500.0,12200.0,52100,18,business,1,1,1,1,1,0
CUST102252,25,male,salaried,10.4,41000,723,3,45,0,0,2,13000.0,0.1,0.396,236000.0,209100.0,233400,72,home_improvement,1,1,1,1,1,1
CUST102253,40,female,salaried,9.7,103400,659,2,27,1,0,1,36800.0,0.229,0.463,685800.0,152500.0,398100,36,consumer,1,1,1,1,1,1
CUST102254,43,female,salaried,5.9,122600,675,3,63,3,0,0,16000.0,0.203,0.337,754000.0,352700.0,607700,24,home,1,1,1,1,0,1
CUST102255,46,male,salaried,4.4,55100,644,2,35,1,0,1,9600.0,0.132,0.379,154100.0,95900.0,407100,36,home,1,1,1,1,0,0
CUST102256,62,male,salaried,7.0,21300,611,7,83,8,0,3,8300.0,0.239,0.528,97500.0,48200.0,53200,18,home,1,1,0,1,1,0
CUST102257,49,male,salaried,10.4,45600,670,4,80,8,0,0,7700.0,0.406,0.27,294100.0,182600.0,166800,36,home,1,1,1,1,1,1
CUST102258,50,female,salaried,12.0,65000,712,2,41,5,0,4,10100.0,0.39,0.198,228800.0,94600.0,198800,72,education,1,1,1,1,1,1
CUST102259,58,male,salaried,5.7,23200,674,5,71,4,0,1,1000.0,0.372,0.076,91700.0,21600.0,36400,48,personal,1,1,1,1,1,0
CUST102260,43,male,salaried,4.8,31400,635,3,34,2,0,0,5200.0,0.224,0.304,139500.0,99500.0,156700,36,vehicle,1,1,1,1,1,0
CUST102261,53,male,salaried,6.5,60400,673,5,77,3,0,1,6300.0,0.124,0.166,278900.0,123200.0,224200,60,home,1,1,1,1,0,1
CUST102262,59,male,self_employed,6.0,62200,607,2,44,4,1,2,17700.0,0.316,0.362,438400.0,286800.0,173700,36,home,1,1,1,1,1,0
CUST102263,22,female,salaried,13.2,65300,694,2,29,1,0,2,12300.0,0.672,0.313,155900.0,68400.0,293300,36,medical,1,1,1,1,1,0
CUST102264,63,male,self_employed,10.8,161300,751,3,47,1,0,2,22800.0,0.768,0.197,993800.0,730000.0,646200,72,medical,1,1,1,1,1,1
CUST102265,59,male,salaried,5.6,86100,671,2,28,0,0,1,19800.0,0.335,0.249,264700.0,105700.0,78300,48,vehicle,1,1,1,1,1,1
CUST102266,46,male,business,13.9,110800,712,1,14,2,0,3,32100.0,0.512,0.379,754100.0,307800.0,592700,60,personal,1,1,1,1,0,1
CUST102267,49,male,self_employed,9.6,26300,695,5,99,1,0,1,4000.0,0.32,0.173,197700.0,86100.0,20000,36,vehicle,1,1,1,1,1,0
CUST102268,56,female,business,17.8,56100,773,3,44,1,0,2,20300.0,0.488,0.469,168100.0,92500.0,289400,48,consumer,1,1,1,1,0,1
CUST102269,48,male,salaried,24.0,51000,792,3,57,0,0,1,16700.0,0.568,0.574,276100.0,217400.0,302000,24,home_improvement,1,1,1,1,1,1
CUST102270,65,female,salaried,3.5,26500,626,6,54,6,0,0,2000.0,0.492,0.575,85400.0,63200.0,238400,18,vehicle,1,1,1,1,1,0
CUST102271,50,female,self_employed,3.1,53300,629,0,0,0,0,0,11200.0,0.347,0.227,158700.0,65100.0,54700,60,consumer,1,1,1,1,0,0
CUST102272,22,male,salaried,6.5,56500,675,2,33,1,0,4,11100.0,0.363,0.237,23900.0,21200.0,110500,48,personal,1,1,1,1,0,0
CUST102273,33,male,salaried,2.8,142800,680,3,44,4,0,1,31200.0,0.674,0.279,923800.0,431500.0,309100,36,business,0,1,1,1,1,1
CUST102274,47,male,business,4.1,131100,677,4,58,6,0,1,40300.0,0.636,0.444,532400.0,478200.0,642600,36,home_improvement,1,1,1,1,0,1
CUST102275,49,male,contract,3.9,50300,668,7,80,4,0,2,4900.0,0.524,0.17,51600.0,45300.0,131500,36,personal,1,1,1,1,0,0
CUST102276,51,male,salaried,9.7,121000,736,2,48,0,0,2,4600.0,0.323,0.172,583600.0,339200.0,584100,36,consumer,1,1,1,1,1,1
CUST102277,54,male,self_employed,11.4,103600,683,4,82,2,0,3,12200.0,0.234,0.208,669600.0,370700.0,558900,60,consumer,1,1,1,1,0,1
CUST102278,45,male,salaried,4.5,47900,666,2,23,1,0,1,6000.0,0.35,0.638,93400.0,21900.0,147400,6,education,1,1,1,1,0,0
CUST102279,25,male,business,5.5,163800,714,1,9,1,0,0,39300.0,0.471,0.766,983400.0,785400.0,1033200,12,home,1,1,1,1,1,0
CUST102280,34,female,contract,4.9,78800,695,5,109,11,0,0,14200.0,0.3,0.243,69700.0,21200.0,119000,24,business,1,1,0,1,0,1
CUST102281,45,male,salaried,3.3,45200,776,3,32,1,0,0,5900.0,0.696,0.294,212200.0,151900.0,355500,48,consumer,1,1,0,1,0,1
CUST102282,33,female,business,22.7,128700,804,1,22,0,0,1,29800.0,0.254,0.344,563000.0,285400.0,697500,48,home,1,1,1,1,1,1
CUST102283,42,male,business,14.3,154400,740,4,76,4,0,2,41700.0,0.355,0.373,258900.0,169700.0,574400,36,business,1,1,1,1,0,1
CUST102284,60,male,salaried,16.9,51400,682,3,48,3,0,0,8500.0,0.308,0.232,230700.0,73700.0,122700,36,consumer,1,1,1,1,1,1
CUST102285,32,male,contract,16.7,72900,757,0,0,0,0,1,5900.0,0.175,0.145,21200.0,16400.0,280300,60,vehicle,1,1,1,1,0,1
CUST102286,60,male,salaried,8.5,134000,693,2,19,1,0,0,17400.0,0.35,0.207,395000.0,180000.0,494400,48,medical,1,1,1,1,1,1
CUST102287,64,male,contract,6.3,64400,615,0,0,0,0,1,8700.0,0.16,0.276,261200.0,101600.0,437000,48,home_improvement,1,1,1,1,0,0
CUST102288,27,male,salaried,8.4,136600,710,2,41,1,0,4,19100.0,0.34,0.463,610700.0,254200.0,264500,6,home_improvement,1,1,1,1,1,1
CUST102289,61,male,salaried,1.8,69600,641,6,98,10,0,2,20800.0,0.286,0.421,237000.0,63700.0,307300,36,personal,1,1,1,1,1,0
CUST102290,54,male,salaried,3.0,115200,741,5,54,1,0,3,40300.0,0.566,0.729,685100.0,337200.0,785700,18,home_improvement,1,1,1,1,0,0
CUST102291,38,female,salaried,14.8,63000,741,2,45,1,0,1,14700.0,0.677,0.281,269900.0,140400.0,72700,24,business,1,1,1,1,0,1
CUST102292,52,male,salaried,2.8,148600,699,6,122,4,0,1,42900.0,0.232,0.435,692500.0,588300.0,780600,36,consumer,1,1,1,1,1,1
CUST102293,26,male,contract,8.1,86500,711,4,76,4,0,1,13200.0,0.389,0.292,490400.0,224600.0,578900,48,personal,1,1,1,1,1,1
CUST102294,41,male,salaried,1.4,65100,701,2,32,0,0,2,8900.0,0.252,0.583,422100.0,102100.0,348300,12,business,1,1,1,1,0,0
CUST102295,37,male,salaried,4.8,49100,636,1,19,3,0,0,11800.0,0.32,0.368,134200.0,93800.0,301800,48,personal,1,1,1,1,0,0
CUST102296,38,male,salaried,3.2,77100,663,1,17,3,0,1,18800.0,0.433,0.401,99800.0,20500.0,436200,36,personal,1,1,1,1,0,0
CUST102297,57,female,contract,10.5,39800,669,1,13,1,0,2,2400.0,0.24,0.159,228000.0,204400.0,236700,60,vehicle,1,1,1,1,1,0
CUST102298,35,male,salaried,11.6,37700,699,3,29,1,0,1,14700.0,0.342,0.687,201200.0,47700.0,269100,24,personal,1,1,1,1,1,1
CUST102299,47,female,business,29.7,24700,749,3,59,1,0,1,6300.0,0.327,0.39,184800.0,141200.0,160200,48,personal,1,1,1,1,1,1
CUST102300,53,male,salaried,7.6,64500,695,1,21,1,0,0,18000.0,0.269,0.474,277100.0,55700.0,302400,24,personal,1,1,1,1,1,1
CUST102301,56,male,salaried,9.3,76000,742,7,69,1,0,1,20200.0,0.376,0.333,79900.0,27500.0,306800,60,personal,1,1,1,1,0,1
CUST102302,41,male,salaried,9.1,39400,632,1,21,0,0,1,9900.0,0.366,0.419,143100.0,36400.0,238600,36,consumer,1,1,1,1,1,0
CUST102303,56,male,salaried,11.6,114700,661,3,44,4,0,0,31100.0,0.32,0.302,639900.0,169500.0,171800,48,home,1,1,1,1,1,1
CUST102304,51,female,salaried,11.0,130700,723,2,28,2,0,2,9300.0,0.335,0.226,278200.0,144400.0,728500,36,education,1,1,1,1,1,1
CUST102305,28,male,business,10.8,77100,731,1,9,1,0,1,19800.0,0.225,0.287,112900.0,28200.0,109900,48,consumer,1,1,1,1,0,1
CUST102306,52,male,business,5.9,71900,740,3,45,3,0,2,16400.0,0.294,0.434,322500.0,103500.0,533600,36,personal,1,1,1,0,0,1
CUST102307,37,female,salaried,3.0,46100,676,1,11,1,0,2,18100.0,0.615,0.469,92400.0,32800.0,84800,24,personal,1,1,1,1,0,0
CUST102308,65,male,salaried,10.3,40500,689,7,159,9,0,0,8300.0,0.064,0.284,135700.0,57000.0,230300,72,home_improvement,0,1,1,1,1,1
CUST102309,57,female,salaried,8.1,34100,753,2,21,1,0,1,4100.0,0.529,0.282,100000.0,75200.0,198200,36,home_improvement,1,1,1,1,0,1
CUST102310,51,male,salaried,11.1,80400,697,4,55,1,0,2,4000.0,0.166,0.081,201900.0,149100.0,91600,36,home,1,1,1,1,1,1
CUST102311,52,female,salaried,3.2,110000,668,3,34,2,0,0,32600.0,0.179,0.566,84400.0,28200.0,711500,24,business,1,1,1,1,0,0
CUST102312,24,female,salaried,13.5,65000,648,2,44,4,0,1,7300.0,0.312,0.249,338800.0,289200.0,320500,36,business,1,1,1,1,1,0
CUST102313,57,male,salaried,16.3,113800,681,3,68,4,0,1,15800.0,0.238,0.252,245400.0,204000.0,619000,48,personal,1,1,1,1,1,1
CUST102314,30,female,salaried,2.7,34000,674,4,43,1,0,1,4600.0,0.351,0.168,141500.0,37600.0,20000,18,education,1,1,1,1,0,0
CUST102315,54,male,salaried,6.1,27600,664,7,152,9,0,0,800.0,0.048,0.088,189000.0,78700.0,97600,60,home_improvement,1,1,1,1,1,0
CUST102316,47,female,self_employed,2.5,71700,714,3,51,3,0,1,23600.0,0.21,0.49,256200.0,114500.0,277500,24,education,1,1,1,1,1,1
CUST102317,65,male,salaried,9.1,77500,661,3,64,5,0,3,4300.0,0.357,0.235,327800.0,286100.0,333200,24,business,1,1,1,1,1,1
CUST102318,22,male,salaried,6.9,177600,779,5,64,1,0,1,12300.0,0.5,0.175,822900.0,284300.0,1122000,60,medical,1,1,1,1,1,1
CUST102319,50,female,business,6.7,56900,729,0,0,0,0,1,16700.0,0.127,0.461,141100.0,54600.0,343800,36,personal,1,1,1,1,1,1
CUST102320,41,male,salaried,6.5,62400,742,4,59,5,0,0,13100.0,0.229,0.29,453800.0,185700.0,179400,36,vehicle,1,1,1,1,1,1
CUST102321,46,male,self_employed,6.4,39900,651,4,55,5,0,0,6100.0,0.462,0.175,167800.0,103600.0,43200,48,home,1,1,1,1,1,0
CUST102322,34,male,salaried,8.3,44400,729,4,50,2,0,1,8000.0,0.64,0.637,264300.0,129600.0,121700,6,vehicle,1,1,1,1,0,0
CUST102323,51,female,self_employed,3.7,68300,721,1,12,0,0,2,9400.0,0.147,0.292,384900.0,156500.0,379500,36,personal,1,0,1,1,1,1
CUST102324,29,female,business,4.6,20900,596,1,20,1,0,0,9900.0,0.108,0.505,124100.0,28300.0,46900,72,consumer,1,1,1,1,0,0
CUST102325,27,male,salaried,5.7,43100,724,4,90,2,0,3,15100.0,0.2,0.589,111900.0,66000.0,185000,18,personal,1,0,1,1,1,0
CUST102326,23,female,salaried,8.2,45200,645,1,20,1,0,2,7300.0,0.187,0.357,126100.0,108000.0,158700,18,education,1,1,1,1,0,0
CUST102327,25,male,contract,5.6,33600,672,2,40,2,0,1,10200.0,0.642,0.425,120300.0,48100.0,147100,36,personal,1,1,1,1,1,0
CUST102328,21,male,salaried,3.9,31700,597,1,18,0,0,0,8900.0,0.558,0.32,44300.0,35700.0,89500,72,consumer,1,1,1,1,0,0
CUST102329,36,female,salaried,3.9,47400,660,1,21,2,0,4,4300.0,0.3,0.164,58700.0,41200.0,125800,36,consumer,1,1,1,1,1,0
CUST102330,28,female,business,7.8,43000,730,4,84,4,0,1,11600.0,0.677,0.416,80800.0,58700.0,301100,48,personal,0,1,1,1,0,0
CUST102331,51,female,salaried,11.4,183100,690,2,39,3,0,0,22900.0,0.273,0.27,710600.0,250500.0,478900,18,business,1,1,0,1,1,1
CUST102332,63,male,business,13.7,65800,691,2,45,1,0,3,2200.0,0.262,0.046,169600.0,107800.0,50700,60,personal,1,1,1,1,0,1
CUST102333,65,male,salaried,7.9,104800,724,2,26,0,0,1,22900.0,0.15,0.271,415300.0,217400.0,196400,36,personal,1,1,1,1,0,1
CUST102334,35,female,contract,14.9,71100,672,4,72,8,0,4,11900.0,0.331,0.29,100200.0,68400.0,315100,36,vehicle,1,1,1,1,1,0
CUST102335,60,male,salaried,4.5,57500,649,2,34,2,0,3,15800.0,0.194,0.297,96200.0,85600.0,60000,48,vehicle,1,1,1,1,0,0
CUST102336,63,female,salaried,5.2,38600,717,4,62,2,0,1,10300.0,0.482,0.35,192900.0,98100.0,115400,36,business,1,1,1,1,1,0
CUST102337,47,male,salaried,7.8,41700,725,0,0,0,0,1,13500.0,0.483,0.467,267000.0,77700.0,214900,36,medical,1,1,1,1,0,0
CUST102338,25,male,salaried,9.7,54200,662,4,49,3,0,0,17000.0,0.243,0.435,146700.0,87700.0,158100,24,personal,1,1,1,1,0,0
CUST102339,23,male,salaried,3.7,59000,668,3,33,0,0,2,9100.0,0.474,0.367,175900.0,138400.0,452900,36,medical,1,1,1,1,0,0
CUST102340,48,male,salaried,2.9,95600,675,4,79,5,0,2,34900.0,0.58,0.501,246000.0,213300.0,625200,48,medical,1,0,1,1,0,0
CUST102341,48,female,salaried,4.2,53600,699,6,116,10,0,0,14600.0,0.623,0.335,154900.0,75700.0,240100,72,personal,1,1,1,1,0,0
CUST102342,44,male,business,3.8,83900,686,6,78,6,0,1,26000.0,0.363,0.452,179300.0,132100.0,285200,24,personal,1,1,1,1,0,0
CUST102343,47,male,salaried,2.1,32200,680,3,58,5,0,3,300.0,0.429,0.145,129400.0,95100.0,209500,48,personal,1,1,1,1,1,0
CUST102344,49,female,salaried,0.6,50900,702,2,43,3,0,0,8600.0,0.124,0.193,165600.0,145700.0,72700,60,business,1,0,1,1,1,0
CUST102345,37,male,self_employed,4.7,29400,633,3,42,3,0,0,0.0,0.471,0.041,82900.0,54700.0,28700,24,personal,1,1,1,1,0,0
CUST102346,59,male,self_employed,4.5,75900,672,4,40,4,0,1,25000.0,0.438,1.073,260600.0,183200.0,338600,6,consumer,1,1,1,1,1,0
CUST102347,53,female,salaried,5.5,61500,665,1,14,0,0,0,12100.0,0.107,0.465,302200.0,77300.0,396000,24,medical,1,1,1,1,0,0
CUST102348,38,female,salaried,5.8,55600,654,6,52,8,0,1,5000.0,0.123,0.2,33800.0,9900.0,110500,18,vehicle,1,1,1,0,1,0
CUST102349,53,female,self_employed,9.3,71100,677,2,29,1,0,0,4700.0,0.335,0.131,300300.0,95300.0,275200,60,home,1,1,1,1,0,1
CUST102350,50,male,business,7.4,67300,690,4,76,4,0,1,11100.0,0.344,1.164,233800.0,49700.0,403500,6,vehicle,1,1,1,1,0,0
CUST102351,34,female,salaried,9.6,40600,708,1,23,1,0,1,9400.0,0.57,0.426,37900.0,12800.0,283800,36,home_improvement,1,1,1,1,0,1
CUST102352,30,male,salaried,4.6,26800,701,3,59,4,0,1,7200.0,0.245,0.566,148200.0,46700.0,191500,24,vehicle,1,1,1,1,1,0
CUST102353,34,female,salaried,9.8,35000,752,4,75,5,0,1,18800.0,0.147,0.789,231900.0,126900.0,211200,24,consumer,1,1,1,1,1,1
CUST102354,56,male,salaried,4.4,47500,718,4,64,0,0,0,16600.0,0.32,0.498,232900.0,178800.0,84700,12,consumer,1,1,1,1,1,1
CUST102355,27,male,business,5.9,51300,673,0,0,0,0,2,10900.0,0.535,0.238,63000.0,32800.0,48000,36,consumer,1,1,1,1,1,0
CUST102356,45,male,self_employed,12.2,80700,802,2,38,0,0,3,9000.0,0.638,0.364,231700.0,178000.0,489300,24,education,1,1,1,1,0,1
CUST102357,64,female,business,10.9,104700,684,2,31,3,0,1,38900.0,0.508,0.454,136400.0,51800.0,621700,72,education,1,1,1,1,0,1
CUST102358,24,female,salaried,17.1,61300,686,5,53,2,0,1,11800.0,0.188,0.337,294200.0,207700.0,426500,48,business,1,1,1,1,1,1
CUST102359,45,male,self_employed,8.2,59100,620,4,52,4,0,2,18500.0,0.406,0.461,357500.0,80200.0,314300,36,personal,1,1,1,1,0,0
CUST102360,34,male,salaried,10.8,86100,602,1,14,3,0,0,11700.0,0.182,0.226,50100.0,42900.0,280300,36,business,1,0,0,1,0,0
CUST102361,58,female,salaried,4.2,77200,704,3,38,4,0,1,20800.0,0.279,0.452,368200.0,132500.0,507800,36,personal,1,1,1,1,1,1
CUST102362,27,male,salaried,9.3,25300,634,5,83,7,0,2,0.0,0.279,0.099,50600.0,24700.0,150400,60,business,1,1,1,1,1,0
CUST102363,47,male,salaried,5.6,24000,638,3,45,3,0,0,8800.0,0.148,0.449,187400.0,134900.0,95200,48,education,1,1,1,1,0,0
CUST102364,54,male,self_employed,4.2,44300,703,3,46,5,0,1,5500.0,0.155,0.145,101600.0,24900.0,55700,60,personal,1,1,1,1,0,1
CUST102365,26,female,salaried,9.0,38500,756,6,120,0,0,1,900.0,0.694,0.14,269200.0,194300.0,162200,36,home_improvement,1,1,1,1,0,1
CUST102366,39,male,salaried,7.3,19000,677,0,0,0,0,1,6500.0,0.602,0.429,79800.0,63900.0,39400,24,vehicle,0,1,1,1,0,0
CUST102367,27,male,salaried,5.4,37600,668,0,0,0,0,1,15200.0,0.545,0.64,132300.0,67500.0,212700,24,vehicle,1,1,1,1,0,0
CUST102368,44,female,self_employed,17.8,58900,684,0,0,0,0,2,10900.0,0.503,0.247,302400.0,67800.0,174500,48,home,1,1,1,1,1,0
CUST102369,21,female,salaried,4.8,68300,741,7,65,5,0,0,10900.0,0.174,0.344,489600.0,384000.0,301700,24,personal,1,1,1,1,1,1
CUST102370,48,female,self_employed,3.7,71800,687,0,0,0,0,3,8000.0,0.594,0.157,68900.0,47200.0,237200,72,personal,1,1,1,1,0,0
CUST102371,34,female,salaried,8.1,172800,768,2,34,0,0,4,12700.0,0.728,0.236,73400.0,62400.0,1012200,36,home_improvement,1,1,0,1,0,1
CUST102372,37,female,salaried,13.0,56700,760,3,32,1,0,1,3200.0,0.293,0.384,352100.0,82300.0,223000,12,personal,1,1,1,1,1,1
CUST102373,56,male,contract,7.7,72100,682,3,35,1,0,0,21500.0,0.308,0.471,35800.0,24400.0,447800,36,consumer,1,1,1,1,0,1
CUST102374,65,male,self_employed,11.4,34300,700,0,0,0,0,3,11500.0,0.391,0.812,190100.0,156200.0,196400,12,personal,1,1,1,1,1,0
CUST102375,43,male,salaried,2.4,137000,710,5,47,3,0,3,37300.0,0.678,0.471,409400.0,236000.0,652800,24,medical,1,1,1,1,1,0
CUST102376,54,male,salaried,6.7,106100,622,4,40,4,0,1,28400.0,0.238,0.411,318200.0,256000.0,273200,18,vehicle,1,1,1,1,1,0
CUST102377,38,male,salaried,5.4,59700,747,1,13,0,0,1,23200.0,0.589,0.436,411100.0,103100.0,101000,36,personal,1,1,1,1,0,1
CUST102378,50,female,salaried,5.3,55600,695,0,0,0,0,0,0.0,0.494,0.13,168500.0,137300.0,347600,48,education,1,1,1,0,0,0
CUST102379,38,male,salaried,8.2,60800,675,3,48,6,0,3,13600.0,0.617,0.316,318400.0,123400.0,201100,36,medical,1,1,1,1,0,0
CUST102380,27,male,salaried,7.7,69900,689,2,45,3,0,2,10500.0,0.318,0.263,366100.0,80600.0,377600,48,education,1,1,1,1,1,0
CUST102381,60,female,salaried,6.7,50900,660,1,16,2,0,0,10000.0,0.185,0.378,43500.0,23500.0,222300,24,vehicle,1,1,1,1,0,0
CUST102382,37,male,salaried,13.2,47500,749,2,41,1,0,0,4400.0,0.367,0.143,92100.0,42000.0,86500,36,personal,1,1,1,1,0,1
CUST102383,37,male,salaried,10.2,85200,669,3,44,4,0,0,9300.0,0.032,0.158,500000.0,179100.0,200300,48,personal,1,1,1,1,1,1
CUST102384,38,female,salaried,1.4,113900,689,5,78,12,0,2,20000.0,0.257,0.243,266400.0,187800.0,274900,36,education,1,1,1,1,0,1
CUST102385,57,male,salaried,5.9,41400,633,3,49,8,1,0,12800.0,0.179,0.786,153900.0,107700.0,237000,12,business,1,1,1,1,1,0
CUST102386,52,male,salaried,7.5,100900,746,1,13,0,0,1,12900.0,0.186,0.394,599300.0,405900.0,644800,24,personal,1,0,0,1,1,1
CUST102387,28,female,business,3.2,82500,700,5,88,2,0,0,11700.0,0.311,0.334,462000.0,157400.0,570000,36,education,1,1,1,1,1,1
CUST102388,24,male,salaried,5.5,51700,708,4,42,6,0,2,5600.0,0.465,0.219,271700.0,78200.0,275500,48,consumer,1,1,1,1,0,1
CUST102389,48,female,salaried,11.2,82400,698,1,16,0,0,1,24700.0,0.362,0.517,111700.0,40600.0,430500,24,vehicle,0,1,1,1,1,1
CUST102390,27,female,salaried,7.8,75600,715,2,47,1,0,0,19000.0,0.718,0.304,366400.0,139800.0,95900,24,home,1,0,1,1,1,1
CUST102391,28,male,salaried,8.2,31000,656,2,25,1,0,2,0.0,0.177,0.33,156100.0,35800.0,61400,6,consumer,1,1,1,1,1,0
CUST102392,56,female,salaried,2.3,53700,652,3,31,2,0,0,4000.0,0.117,0.148,151800.0,71100.0,236700,60,vehicle,1,1,1,1,1,0
CUST102393,53,female,salaried,12.5,61100,717,3,35,1,0,0,2700.0,0.387,0.18,256700.0,156100.0,398400,48,education,1,1,1,1,1,1
CUST102394,38,female,salaried,6.8,44700,681,1,23,0,0,0,16700.0,0.133,0.816,65000.0,50800.0,118600,6,education,1,1,1,1,0,0
CUST102395,53,male,salaried,16.3,104900,755,2,21,1,0,2,32700.0,0.138,0.394,708300.0,555000.0,207700,24,medical,1,1,0,1,0,1
CUST102396,34,male,self_employed,12.8,38600,713,3,36,0,0,4,10500.0,0.4,1.032,43100.0,27500.0,176000,6,home,1,1,1,0,1,0
CUST102397,42,male,salaried,7.7,38300,657,1,16,1,0,1,14400.0,0.375,0.511,135200.0,60700.0,186400,36,consumer,1,1,1,1,1,0
CUST102398,25,female,self_employed,10.2,107700,643,1,16,0,0,0,20800.0,0.322,0.503,128500.0,91000.0,601400,18,education,1,1,1,1,1,0
CUST102399,57,male,salaried,11.3,90700,700,3,66,3,0,1,26300.0,0.185,0.344,139500.0,123200.0,237100,48,home,1,1,1,1,1,1
CUST102400,24,male,business,8.0,38700,728,8,104,0,0,1,11800.0,0.658,0.371,310400.0,163000.0,61700,24,medical,1,1,1,1,0,1
CUST102401,63,male,salaried,1.0,51400,701,2,43,3,0,1,11800.0,0.354,0.268,347800.0,190200.0,95600,48,home,1,1,1,1,0,0
CUST102402,39,male,salaried,7.7,62800,697,5,54,1,0,3,19600.0,0.187,0.497,358100.0,161000.0,278200,24,home,1,1,1,1,0,0
CUST102403,34,male,salaried,5.2,26100,722,2,31,1,0,1,5900.0,0.763,0.303,172700.0,95300.0,97000,48,business,0,1,1,1,0,0
CUST102404,41,female,business,5.4,50000,723,2,34,2,0,0,12000.0,0.189,0.426,135800.0,68400.0,222600,24,medical,1,1,1,1,0,1
CUST102405,49,male,salaried,11.1,65400,713,0,0,0,0,2,9400.0,0.37,0.268,66700.0,44000.0,194500,24,home_improvement,1,1,1,1,0,1
CUST102406,64,male,salaried,7.3,36400,709,4,63,5,0,3,6400.0,0.18,0.239,103900.0,84300.0,137100,60,home,1,1,1,1,0,0
CUST102407,63,male,business,19.6,108000,787,0,0,0,0,3,9700.0,0.366,0.287,637900.0,330600.0,510400,24,personal,1,1,1,1,1,1
CUST102408,50,male,salaried,4.3,65100,665,1,14,3,0,1,16200.0,0.477,0.377,56800.0,16000.0,200800,24,personal,1,1,1,1,1,0
CUST102409,64,male,self_employed,10.8,109700,766,3,57,0,0,2,9000.0,0.602,0.351,744000.0,532500.0,708400,24,home_improvement,1,1,1,1,0,1
CUST102410,30,male,self_employed,2.4,46600,626,2,32,4,0,1,8400.0,0.495,0.484,100200.0,50900.0,339400,24,personal,1,1,1,1,0,0
CUST102411,21,male,salaried,8.6,87000,750,2,43,1,0,2,21100.0,0.48,0.257,224100.0,147900.0,91300,72,consumer,1,1,1,1,0,1
CUST102412,51,male,self_employed,16.4,47200,780,1,16,0,0,1,21600.0,0.44,0.944,244400.0,198300.0,275400,12,vehicle,1,1,1,1,1,1
CUST102413,63,female,salaried,5.9,42900,702,5,106,4,0,3,7900.0,0.334,0.32,156000.0,88300.0,209600,36,personal,1,1,1,1,1,1
CUST102414,21,female,business,3.3,88000,662,3,49,2,0,1,30300.0,0.5,0.434,515700.0,235900.0,283400,36,business,1,1,1,1,0,0
CUST102415,60,male,contract,3.4,31300,702,1,10,0,0,0,12000.0,0.261,0.474,61000.0,13100.0,170900,60,home,1,1,1,1,0,1
CUST102416,54,female,salaried,9.7,59700,631,1,19,0,0,1,10300.0,0.094,0.44,124200.0,54600.0,382800,24,personal,1,1,1,1,0,0
CUST102417,54,female,business,29.2,37300,799,3,42,0,0,1,7800.0,0.303,0.31,242200.0,206500.0,90300,24,home,1,1,1,1,0,1
CUST102418,35,male,self_employed,3.9,77200,697,1,18,2,0,3,7600.0,0.576,0.165,328000.0,245700.0,308000,60,vehicle,1,1,1,1,1,0
CUST102419,58,male,salaried,6.9,30700,644,3,48,6,0,1,1300.0,0.291,0.25,214500.0,107600.0,114900,18,education,1,1,1,1,1,0
CUST102420,51,female,salaried,5.0,69200,672,0,0,0,0,0,0.0,0.544,0.114,315400.0,123800.0,189300,24,home,1,1,1,1,0,0
CUST102421,57,male,business,8.4,60300,743,3,51,0,0,0,14600.0,0.26,0.293,375800.0,216500.0,109400,36,education,1,1,1,1,1,1
CUST102422,63,male,salaried,6.2,51700,697,2,40,2,0,1,11300.0,0.348,0.269,281900.0,240800.0,156700,60,vehicle,1,1,1,1,1,1
CUST102423,44,male,self_employed,2.8,138000,707,1,13,0,0,4,3400.0,0.363,0.17,606700.0,526800.0,722100,36,medical,1,1,1,1,0,1
CUST102424,65,female,contract,8.1,20500,694,4,57,3,0,3,6100.0,0.211,0.492,160600.0,71400.0,143700,36,business,1,1,1,1,1,0
CUST102425,36,male,salaried,5.1,36200,624,2,31,5,0,0,6800.0,0.12,0.286,52100.0,11300.0,171400,48,vehicle,1,1,1,1,1,0
CUST102426,45,male,salaried,12.1,46400,667,3,30,0,0,0,2500.0,0.402,0.572,136900.0,47400.0,288300,12,vehicle,1,1,1,1,1,0
CUST102427,62,male,contract,6.5,89000,656,5,108,7,0,2,24100.0,0.211,0.475,454900.0,197000.0,654400,36,home_improvement,1,1,0,1,1,0
CUST102428,24,male,salaried,7.4,86700,744,1,20,1,0,0,35100.0,0.577,0.501,44700.0,24900.0,300200,36,consumer,1,1,1,1,1,1
CUST102429,32,male,self_employed,9.6,95100,733,3,36,3,0,4,27200.0,0.47,0.409,442700.0,261400.0,560600,48,education,1,1,1,1,1,1
CUST102430,23,female,business,10.0,45200,638,3,39,3,0,5,9200.0,0.464,0.355,155800.0,94900.0,123500,18,personal,1,1,1,1,0,0
CUST102431,52,male,self_employed,5.8,59500,721,2,26,2,0,1,13700.0,0.24,0.392,154500.0,31800.0,346600,36,education,1,1,1,1,0,1
CUST102432,33,male,contract,3.5,38100,641,2,29,1,0,1,11300.0,0.373,0.424,253400.0,175200.0,174300,36,vehicle,1,1,1,1,0,0
CUST102433,28,male,salaried,11.0,30400,720,3,67,5,0,1,3500.0,0.35,0.161,132600.0,84700.0,66900,48,vehicle,1,1,1,1,1,1
CUST102434,25,male,salaried,5.7,192100,798,2,47,1,0,1,14700.0,0.282,0.208,1276500.0,1037800.0,606200,24,home,1,1,1,1,1,1
CUST102435,54,female,business,7.8,81600,664,5,101,9,0,1,25900.0,0.782,0.841,460800.0,363100.0,512900,12,vehicle,1,1,1,1,1,1
CUST102436,33,male,self_employed,5.5,66700,763,2,19,1,0,1,22000.0,0.514,0.49,284100.0,97500.0,385300,36,personal,1,1,1,1,0,1
CUST102437,63,male,self_employed,9.0,58400,666,1,10,0,0,2,11000.0,0.167,0.31,190200.0,112000.0,341400,48,home,1,1,1,0,1,1
CUST102438,60,male,business,13.0,35500,700,0,0,0,0,3,14100.0,0.309,0.549,121700.0,96600.0,129400,24,personal,1,1,0,1,1,0
CUST102439,36,female,salaried,13.4,27100,716,3,31,2,0,2,1100.0,0.138,0.126,104400.0,40500.0,83000,36,home_improvement,1,1,1,1,0,0
CUST102440,34,male,business,6.0,32500,690,2,37,5,0,1,11700.0,0.101,0.571,114600.0,71700.0,164700,24,education,1,1,1,1,1,0
CUST102441,60,female,business,5.6,124200,794,3,62,1,0,2,28700.0,0.378,0.338,371000.0,153200.0,639400,48,education,1,1,1,1,1,1
CUST102442,35,female,salaried,4.5,29300,691,1,14,1,0,3,5000.0,0.41,0.292,98700.0,78400.0,127500,36,business,1,1,0,1,1,0
CUST102443,47,female,salaried,11.0,80900,779,4,79,1,0,0,20300.0,0.401,0.33,413300.0,84800.0,230900,36,consumer,1,1,1,1,0,1
CUST102444,58,male,salaried,10.7,44100,723,1,19,0,0,0,13800.0,0.627,0.407,126600.0,72800.0,50000,12,medical,1,1,0,1,1,1
CUST102445,59,male,salaried,6.1,47400,694,2,26,4,0,0,8800.0,0.094,0.558,180500.0,131000.0,318100,18,business,1,1,1,1,1,0
CUST102446,55,female,salaried,17.1,45400,692,1,20,2,0,0,15900.0,0.404,0.452,208800.0,60200.0,165700,36,home,1,1,1,1,0,1
CUST102447,48,male,business,1.2,78300,652,8,95,9,0,0,30200.0,0.553,0.55,313800.0,259300.0,308500,24,home_improvement,1,1,1,1,0,0
CUST102448,35,male,salaried,4.7,75900,674,1,22,1,0,1,19700.0,0.362,0.371,160000.0,130800.0,304200,36,personal,1,1,1,1,1,0
CUST102449,31,female,self_employed,13.2,49500,646,2,24,2,0,2,7400.0,0.589,0.186,172200.0,150800.0,65800,36,vehicle,1,1,1,1,1,0
CUST102450,43,male,self_employed,9.3,40500,707,2,28,0,0,2,7500.0,0.491,0.223,243700.0,162700.0,55700,36,personal,1,1,1,1,1,1
CUST102451,65,male,salaried,5.3,152100,707,2,17,3,0,3,40900.0,0.426,0.334,416400.0,215000.0,237500,24,vehicle,1,1,1,1,0,1
CUST102452,46,male,salaried,4.5,81900,682,1,16,0,0,0,6900.0,0.343,0.329,47600.0,21800.0,481700,24,personal,1,1,1,1,1,0
CUST102453,38,male,business,3.1,23500,664,2,25,1,0,1,5800.0,0.291,0.265,84400.0,19200.0,20000,48,business,1,1,1,1,1,0
CUST102454,53,female,salaried,4.5,148300,732,1,10,1,0,0,43700.0,0.39,0.469,607800.0,247100.0,931000,36,medical,1,1,1,1,1,1
CUST102455,27,female,salaried,15.5,103800,729,3,67,2,0,1,28800.0,0.205,0.341,244100.0,116800.0,471900,72,education,1,1,1,1,1,1
CUST102456,27,female,salaried,18.9,75000,682,4,90,2,0,2,13600.0,0.426,0.297,406500.0,138400.0,520800,60,education,1,1,1,1,1,1
CUST102457,37,male,salaried,4.1,68200,634,1,10,0,0,1,24900.0,0.239,0.454,130500.0,110300.0,290800,48,personal,1,1,1,1,1,0
CUST102458,54,female,salaried,3.8,15200,670,3,34,2,0,1,300.0,0.328,0.2,71900.0,42200.0,98400,36,personal,1,1,1,1,0,0
CUST102459,59,male,salaried,2.7,80500,671,1,11,1,0,0,18200.0,0.322,0.469,141600.0,32300.0,470200,24,home_improvement,1,1,1,1,1,1
CUST102460,25,male,salaried,8.7,64100,768,2,33,1,0,0,300.0,0.178,0.079,204200.0,183400.0,286400,60,home,1,1,1,1,0,1
CUST102461,27,male,salaried,9.4,66500,641,2,40,2,0,1,23600.0,0.096,0.55,75900.0,15600.0,310900,24,medical,1,1,1,1,0,0
CUST102462,47,female,salaried,2.6,45600,659,7,79,5,0,1,7000.0,0.678,0.199,57200.0,28400.0,74800,36,consumer,1,1,0,1,1,0
CUST102463,54,male,contract,2.6,46300,619,5,103,7,0,1,11900.0,0.315,0.417,225200.0,73700.0,177900,24,consumer,1,1,1,1,1,0
CUST102464,63,male,contract,12.5,39600,752,4,78,2,0,0,600.0,0.383,0.175,220500.0,143900.0,151600,24,personal,1,1,1,1,1,1
CUST102465,39,female,contract,10.1,38300,739,3,57,0,0,1,6900.0,0.295,0.343,198800.0,146100.0,150100,24,medical,1,1,1,1,0,1
CUST102466,28,male,self_employed,1.8,84700,685,2,40,4,0,1,6300.0,0.401,0.135,130000.0,100000.0,183800,36,education,1,1,1,1,0,1
CUST102467,32,female,salaried,7.6,30200,634,2,40,4,0,0,8200.0,0.737,0.513,50300.0,41600.0,175000,24,business,1,1,0,1,0,0
CUST102468,55,female,self_employed,4.5,81600,738,1,23,1,0,2,13500.0,0.304,0.51,184600.0,129300.0,337100,12,home,1,1,1,1,0,1
CUST102469,50,male,salaried,3.6,30100,646,2,34,2,0,0,11700.0,0.44,0.933,36300.0,23500.0,196500,12,vehicle,1,1,1,1,0,0
CUST102470,38,male,salaried,2.2,56400,650,2,37,5,0,2,600.0,0.553,0.212,39300.0,29800.0,272700,24,home_improvement,1,1,1,1,1,0
CUST102471,46,female,salaried,3.0,66900,672,2,41,1,0,2,16600.0,0.331,0.339,331500.0,198200.0,218800,36,consumer,1,1,1,1,0,0
CUST102472,31,male,salaried,11.0,120700,754,3,54,0,0,3,46500.0,0.4,0.421,181600.0,149700.0,206100,48,education,1,1,1,1,1,1
CUST102473,46,male,salaried,3.1,138900,683,1,19,2,0,0,21600.0,0.219,0.288,959000.0,644100.0,442400,24,vehicle,1,1,0,1,0,1
CUST102474,44,male,self_employed,4.0,48700,718,5,60,5,0,2,24000.0,0.132,0.682,202000.0,133900.0,332200,36,consumer,1,1,1,1,1,1
CUST102475,28,male,contract,8.3,22500,661,4,54,2,0,2,8000.0,0.242,0.417,36400.0,20100.0,82300,60,medical,1,1,1,1,0,0
CUST102476,29,male,self_employed,3.7,63700,632,1,14,7,0,1,7300.0,0.332,0.174,396500.0,269100.0,91100,24,education,1,1,1,1,1,0
CUST102477,57,male,self_employed,6.5,81000,720,2,22,0,0,5,12700.0,0.434,0.293,84800.0,31300.0,396100,36,business,1,1,1,1,1,1
CUST102478,41,male,self_employed,1.2,48000,670,6,104,10,0,3,17000.0,0.298,0.488,332400.0,162200.0,115700,18,personal,1,1,0,1,0,0
CUST102479,27,male,business,9.7,60100,668,5,104,6,0,1,17600.0,0.301,0.335,131500.0,42100.0,150700,60,personal,1,1,1,1,0,0
CUST102480,47,male,self_employed,12.0,40300,631,4,76,12,0,2,9100.0,0.366,0.42,88100.0,49500.0,282300,36,business,1,1,1,1,0,0
CUST102481,43,male,business,6.8,72400,704,1,22,0,0,0,18700.0,0.328,0.299,73100.0,50200.0,106300,36,medical,1,1,1,1,1,1
CUST102482,55,male,self_employed,4.8,37300,628,0,0,0,0,0,8300.0,0.231,0.336,172000.0,147100.0,152000,36,home,1,1,1,1,0,0
CUST102483,27,male,salaried,2.7,37200,663,3,54,6,0,0,9300.0,0.178,0.35,209600.0,125100.0,179000,48,medical,1,1,1,1,1,0
CUST102484,57,female,self_employed,9.7,53800,717,2,40,2,0,0,12100.0,0.158,0.283,278700.0,159900.0,223400,72,home,1,1,1,1,1,1
CUST102485,61,female,salaried,11.0,46600,606,1,9,3,0,1,4400.0,0.059,0.243,152900.0,74500.0,249800,36,medical,1,1,1,1,1,1
CUST102486,60,female,salaried,6.6,65800,707,5,113,7,0,2,23400.0,0.12,0.553,185900.0,61700.0,156000,12,home,1,1,1,1,0,0
CUST102487,27,female,salaried,4.7,130200,711,2,25,1,0,1,15700.0,0.214,0.445,244400.0,54300.0,506400,12,personal,1,1,1,1,1,1
CUST102488,42,male,contract,8.0,29300,674,3,29,7,0,1,7200.0,0.282,0.298,37300.0,16100.0,91500,60,personal,1,1,1,1,0,0
CUST102489,36,female,self_employed,8.0,81300,652,2,18,2,0,2,8900.0,0.202,0.187,520400.0,445900.0,451400,72,consumer,1,1,1,1,1,0
CUST102490,62,female,salaried,10.0,30400,671,3,39,6,0,0,10000.0,0.515,0.506,204400.0,59300.0,194300,36,business,1,1,1,1,1,0
CUST102491,61,female,salaried,5.1,24400,689,5,65,0,0,2,2100.0,0.625,0.223,90600.0,47300.0,80100,24,home,1,1,1,1,1,0
CUST102492,61,male,business,14.0,56000,730,4,52,0,0,1,4700.0,0.332,0.137,188900.0,72600.0,142100,48,vehicle,1,1,1,1,0,1
CUST102493,59,male,salaried,10.1,45400,769,3,46,2,0,0,17700.0,0.413,0.466,228600.0,117000.0,207100,60,home_improvement,1,1,1,1,0,1
CUST102494,42,male,salaried,12.1,26400,787,3,69,0,0,1,11700.0,0.23,0.476,89000.0,70000.0,61500,72,business,1,1,1,1,1,1
CUST102495,21,male,salaried,6.0,97900,700,5,48,2,0,0,16700.0,0.495,0.324,250000.0,212100.0,539800,36,home,1,1,1,1,0,1
CUST102496,25,female,salaried,2.0,67100,691,3,47,1,0,0,900.0,0.295,0.123,87300.0,33900.0,439500,60,personal,1,1,1,1,1,1
CUST102497,31,male,salaried,10.2,93900,726,4,83,1,0,0,31800.0,0.32,0.735,276100.0,89300.0,223300,6,personal,1,1,1,1,1,1
CUST102498,37,male,self_employed,13.5,72800,746,1,20,2,0,0,15500.0,0.527,0.32,456700.0,305500.0,187800,24,vehicle,1,1,1,0,1,1
CUST102499,44,female,contract,10.7,205600,719,4,63,5,0,1,16600.0,0.341,0.14,952700.0,380200.0,869900,72,education,1,1,1,1,1,1
CUST102500,54,female,salaried,26.3,103800,811,2,32,0,0,0,15900.0,0.298,0.31,342500.0,186000.0,585800,36,home_improvement,1,1,1,1,0,1
CUST102501,31,male,contract,5.5,54700,743,6,140,4,0,0,14700.0,0.163,0.344,331100.0,239000.0,73900,18,education,1,1,1,1,1,1
CUST102502,46,male,self_employed,20.7,31300,697,4,41,3,0,3,9500.0,0.606,0.363,58000.0,17200.0,89000,48,home_improvement,1,1,1,1,0,0
CUST102503,42,male,salaried,10.1,47800,650,3,35,4,0,0,3600.0,0.293,0.235,177500.0,91000.0,274000,36,medical,1,1,1,1,0,0
CUST102504,29,male,salaried,5.1,30900,707,3,38,1,0,1,9600.0,0.371,0.505,85000.0,37000.0,144300,24,personal,1,1,1,1,0,0
CUST102505,32,male,salaried,3.4,37400,586,1,11,0,0,5,4100.0,0.484,0.192,263600.0,77400.0,110600,36,home,1,0,1,1,1,0
CUST102506,59,female,salaried,2.3,61200,712,4,63,1,0,2,17300.0,0.404,0.458,226500.0,180200.0,257900,24,vehicle,1,1,1,1,0,0
CUST102507,42,male,salaried,10.3,50900,616,3,38,7,0,1,4000.0,0.67,0.198,308200.0,234500.0,291000,48,consumer,1,1,1,1,1,0
CUST102508,50,male,contract,4.0,34500,698,5,59,1,0,1,0.0,0.351,0.462,60600.0,52200.0,191400,12,home,1,1,1,1,0,0
CUST102509,36,female,business,3.0,36200,618,0,0,0,0,1,5300.0,0.178,0.239,155000.0,115000.0,80500,24,education,1,1,1,1,1,0
CUST102510,26,male,salaried,3.3,56000,730,4,48,0,0,1,21800.0,0.254,0.478,81800.0,24900.0,119200,24,vehicle,1,1,1,1,0,1
CUST102511,33,female,business,7.7,93200,625,5,60,10,0,1,24000.0,0.194,0.369,354300.0,105500.0,499200,48,home_improvement,1,1,1,1,1,0
CUST102512,57,male,contract,3.5,94600,724,2,44,4,0,0,31000.0,0.095,0.495,215400.0,62500.0,569100,36,home_improvement,1,1,1,1,0,1
CUST102513,60,female,self_employed,2.5,57900,645,3,50,1,0,1,12000.0,0.303,0.257,256400.0,198700.0,103400,36,personal,1,1,1,1,0,0
CUST102514,44,male,salaried,23.6,64300,745,3,63,3,0,1,28400.0,0.291,0.874,218400.0,67800.0,333800,12,home,1,1,1,1,0,1
CUST102515,50,male,business,3.4,30200,713,4,42,2,0,1,9900.0,0.297,0.817,120500.0,90700.0,177100,12,business,1,1,1,1,1,0
CUST102516,37,male,salaried,4.0,66600,689,1,20,3,0,0,22300.0,0.648,0.528,297700.0,81400.0,308200,24,home,1,1,1,1,1,0
CUST102517,61,female,salaried,4.3,98200,702,2,20,0,0,0,8200.0,0.244,0.62,124500.0,27900.0,631800,12,vehicle,1,1,1,1,1,1
CUST102518,44,male,salaried,9.9,34200,735,6,66,6,0,0,10600.0,0.314,0.413,109900.0,82000.0,126900,36,home,1,1,1,1,1,1
CUST102519,50,female,contract,2.1,74700,706,1,19,2,0,3,18300.0,0.625,0.424,165000.0,115800.0,482200,36,business,1,1,1,1,0,0
CUST102520,45,female,salaried,13.6,78000,701,8,94,2,0,2,20400.0,0.485,0.348,295500.0,135000.0,324400,48,home_improvement,1,1,1,1,0,1
CUST102521,45,female,salaried,16.4,37600,693,5,53,2,0,3,10100.0,0.55,0.375,99500.0,26600.0,96000,24,personal,1,1,1,1,1,0
CUST102522,65,female,self_employed,4.2,28000,627,3,41,7,0,0,7000.0,0.076,0.356,165000.0,71900.0,106500,36,medical,1,1,1,1,1,0
CUST102523,44,female,business,5.7,123100,666,3,46,5,0,0,21000.0,0.368,0.364,397000.0,85100.0,572100,24,consumer,1,1,1,1,1,1
CUST102524,51,male,business,12.4,115400,752,7,82,2,0,0,41100.0,0.409,0.502,789500.0,303900.0,404000,24,personal,1,1,1,1,0,1
CUST102525,39,male,business,5.4,29400,696,6,90,6,0,2,4900.0,0.362,0.423,16100.0,6700.0,181200,24,vehicle,1,1,1,1,0,0
CUST102526,33,male,self_employed,20.4,29200,676,2,41,3,0,1,9300.0,0.65,0.486,57800.0,33300.0,234200,48,vehicle,1,0,1,1,1,0
CUST102527,27,female,salaried,2.0,104100,692,0,0,0,0,0,9200.0,0.362,0.345,319800.0,113000.0,641700,24,home,1,1,1,0,0,0
CUST102528,39,female,contract,6.0,122900,707,5,107,3,0,2,24200.0,0.262,0.37,141000.0,70000.0,765700,36,medical,1,1,1,1,1,1
CUST102529,47,male,business,5.0,160100,702,3,42,0,0,4,18700.0,0.568,0.706,151900.0,90300.0,1131400,12,home,1,1,1,0,1,0
CUST102530,26,female,self_employed,8.1,136700,682,5,97,3,0,2,46000.0,0.348,0.513,70400.0,28400.0,869800,36,business,1,1,1,1,0,1
CUST102531,63,female,salaried,2.0,78800,704,4,39,5,0,3,22500.0,0.517,0.319,405500.0,295600.0,94500,36,personal,1,1,1,1,1,1
CUST102532,36,female,salaried,14.0,56100,710,4,73,3,0,1,12800.0,0.41,1.278,237500.0,140200.0,353300,6,personal,1,1,1,1,0,0
CUST102533,63,male,salaried,7.6,137700,793,0,0,0,0,2,11100.0,0.187,0.109,235800.0,203200.0,140000,36,consumer,1,1,1,1,1,1
CUST102534,57,male,salaried,8.6,68300,669,0,0,0,0,1,9300.0,0.753,0.174,76100.0,40800.0,155800,60,education,1,1,1,1,1,0
CUST102535,26,female,self_employed,4.0,111300,656,4,51,1,0,0,24800.0,0.207,0.274,338100.0,208300.0,206100,36,personal,1,1,1,1,0,1
CUST102536,39,female,salaried,15.5,55300,790,3,38,1,0,0,7200.0,0.136,0.21,325300.0,122900.0,158200,36,vehicle,1,1,1,1,0,1
CUST102537,27,male,salaried,4.9,52200,639,3,50,7,0,1,19700.0,0.324,0.426,376600.0,163700.0,152600,60,business,1,0,1,1,0,0
CUST102538,57,male,salaried,4.9,40600,738,3,48,0,0,0,10400.0,0.149,0.362,179400.0,76700.0,206900,48,business,1,1,0,1,1,1
CUST102539,36,female,salaried,4.9,37400,687,3,50,4,0,1,6100.0,0.379,0.832,96700.0,85300.0,300100,12,business,1,1,1,1,1,0
CUST102540,35,male,salaried,4.5,73600,626,2,25,5,0,2,17100.0,0.53,0.494,86500.0,43300.0,463000,24,personal,1,1,1,1,1,0
CUST102541,56,male,salaried,6.5,46600,614,3,47,10,1,4,18000.0,0.455,0.605,240100.0,102400.0,367700,36,home_improvement,1,1,1,1,0,0
CUST102542,49,male,contract,4.0,30600,726,4,49,3,0,1,5800.0,0.195,0.31,120400.0,76800.0,176900,48,vehicle,1,1,1,1,0,0
CUST102543,21,male,salaried,8.2,142000,631,2,42,2,0,1,17200.0,0.343,0.39,728700.0,274600.0,457900,12,personal,1,1,0,1,1,0
CUST102544,24,female,business,1.5,86500,656,3,27,3,0,4,9100.0,0.41,0.137,611500.0,259500.0,98000,36,vehicle,1,1,1,1,0,0
CUST102545,22,male,salaried,3.8,29500,641,2,44,4,0,4,9500.0,0.563,0.349,51100.0,43700.0,48200,60,home_improvement,1,1,1,0,1,0
CUST102546,27,female,salaried,5.9,99300,687,4,58,6,0,3,15300.0,0.492,0.213,495400.0,276500.0,139600,24,business,1,1,1,1,0,0
CUST102547,40,male,contract,22.8,58400,740,4,43,1,0,2,6800.0,0.428,0.27,111600.0,81500.0,323700,36,home,1,1,1,1,1,1
CUST102548,39,female,salaried,8.8,46700,657,5,85,5,0,2,6500.0,0.442,0.385,172500.0,108100.0,275100,24,business,1,1,1,1,1,0
CUST102549,36,male,salaried,16.2,45200,715,3,64,2,0,0,17500.0,0.128,0.643,310300.0,183200.0,277900,24,business,1,1,1,1,0,1
CUST102550,62,female,salaried,10.0,86900,703,3,33,3,0,1,14900.0,0.447,0.294,480700.0,279700.0,383400,36,business,1,1,0,1,0,1
CUST102551,46,male,salaried,13.1,92100,676,1,14,0,0,1,31900.0,0.179,0.389,193200.0,107100.0,187400,48,personal,1,1,1,1,0,1
CUST102552,53,female,salaried,11.0,80200,656,3,43,2,0,0,31700.0,0.331,0.587,62000.0,42200.0,554300,36,home,1,1,1,1,0,1
CUST102553,28,female,self_employed,4.3,128000,720,1,17,1,0,0,34100.0,0.302,0.393,236500.0,65000.0,389800,24,personal,1,1,1,1,0,1
CUST102554,30,male,self_employed,6.6,52500,623,4,54,6,0,0,8600.0,0.334,0.281,394400.0,245900.0,221100,36,personal,1,1,1,1,1,0
CUST102555,32,female,salaried,3.8,27900,695,2,46,0,0,1,2600.0,0.281,0.16,81500.0,50300.0,67300,36,personal,1,1,1,1,1,0
CUST102556,34,male,salaried,9.1,49200,716,3,45,3,0,0,10600.0,0.131,0.441,294600.0,180700.0,266100,24,personal,1,1,1,1,1,1
CUST102557,53,male,business,4.5,73200,641,2,37,1,0,0,18900.0,0.117,0.324,261300.0,77800.0,230200,48,personal,1,1,1,1,1,0
CUST102558,23,male,salaried,2.5,57500,671,4,39,5,0,1,20900.0,0.177,0.451,130300.0,75100.0,301900,60,home,1,1,1,1,1,0
CUST102559,24,male,salaried,9.6,54200,752,1,19,0,0,1,9900.0,0.23,0.264,292000.0,233500.0,159100,36,personal,1,1,1,0,0,1
CUST102560,49,male,salaried,10.8,157400,733,3,33,0,0,1,14400.0,0.282,0.201,902800.0,785500.0,415100,24,home,1,1,1,1,0,1
CUST102561,27,male,self_employed,1.6,45800,668,2,33,3,0,1,9000.0,0.405,0.298,230000.0,110500.0,168100,36,education,1,1,1,1,1,0
CUST102562,63,female,salaried,7.0,65900,684,2,19,3,0,1,16400.0,0.309,0.379,301800.0,125000.0,515600,60,personal,1,1,1,1,1,1
CUST102563,22,male,business,10.7,33300,726,7,114,5,0,1,7600.0,0.131,0.264,44700.0,28100.0,43200,36,personal,1,1,1,1,0,1
CUST102564,49,male,salaried,10.1,81500,647,4,52,4,0,1,15300.0,0.168,0.352,223700.0,147800.0,482100,36,medical,1,1,1,1,1,1
CUST102565,38,male,salaried,8.1,70400,736,5,99,1,0,5,7400.0,0.676,0.203,193400.0,88500.0,493700,72,home,1,1,1,1,1,1
CUST102566,54,male,salaried,6.9,89000,729,3,35,1,0,0,19400.0,0.384,0.26,431900.0,221200.0,221900,60,education,1,1,1,1,1,1
CUST102567,61,female,salaried,2.2,52200,707,4,41,3,0,1,13600.0,0.221,0.365,59600.0,41100.0,197000,36,vehicle,1,1,1,1,1,0
CUST102568,38,male,salaried,8.3,201500,756,4,75,1,0,4,36100.0,0.603,0.295,1347900.0,1075200.0,1124100,48,education,1,1,1,1,1,1
CUST102569,48,male,salaried,5.4,116100,670,2,21,3,0,2,32400.0,0.231,1.33,407300.0,241900.0,732300,6,consumer,1,1,1,1,0,0
CUST102570,56,male,salaried,15.7,38100,663,3,46,5,0,0,5000.0,0.084,0.196,175600.0,157100.0,148500,60,education,1,1,1,1,1,1
CUST102571,42,female,business,20.0,49000,800,2,28,0,0,0,9400.0,0.111,0.269,331800.0,135500.0,135300,36,personal,1,1,1,1,1,1
CUST102572,43,female,salaried,4.5,68300,668,3,42,3,0,2,13000.0,0.173,0.267,376900.0,321200.0,189200,36,personal,1,1,1,1,1,0
CUST102573,38,male,salaried,1.8,31100,732,5,51,4,0,2,5300.0,0.176,0.227,87400.0,69900.0,83800,48,education,1,1,1,1,1,1
CUST102574,52,female,business,4.1,53400,664,1,20,3,0,1,2800.0,0.235,0.247,154900.0,78100.0,373900,36,business,1,1,1,1,1,1
CUST102575,64,female,salaried,9.7,88300,744,4,64,0,0,1,12400.0,0.284,0.251,276600.0,85400.0,467400,48,home_improvement,1,1,1,1,0,1
CUST102576,32,male,contract,7.8,169100,679,4,85,7,0,1,61000.0,0.697,0.531,1177600.0,733200.0,344500,12,business,1,1,1,1,1,0
CUST102577,33,female,salaried,7.2,65900,664,3,62,7,0,2,300.0,0.243,0.038,44600.0,18800.0,130500,60,home,1,0,1,1,1,0
CUST102578,52,female,salaried,3.5,35000,640,2,42,2,0,0,7300.0,0.158,0.267,130600.0,28600.0,122800,60,personal,1,1,1,1,1,0
CUST102579,37,male,salaried,9.0,53300,615,2,44,2,0,0,12800.0,0.371,0.358,238800.0,101000.0,150500,24,vehicle,1,1,1,1,0,0
CUST102580,31,male,salaried,9.2,52200,564,1,11,1,0,0,3700.0,0.363,0.1,154500.0,57700.0,54500,36,business,1,1,1,1,0,0
CUST102581,23,female,salaried,4.7,48000,703,5,68,7,0,0,3900.0,0.069,0.197,225300.0,69600.0,266800,48,education,1,1,1,1,1,1
CUST102582,36,male,salaried,2.7,89200,652,2,38,4,0,0,33500.0,0.277,1.15,585300.0,486600.0,414600,6,personal,1,1,1,1,1,0
CUST102583,43,male,salaried,2.6,114500,701,3,30,0,0,2,34100.0,0.262,0.318,812000.0,565500.0,109400,48,home,1,1,1,1,1,1
CUST102584,33,male,self_employed,19.0,105400,679,4,77,3,0,0,16000.0,0.239,0.224,622200.0,149600.0,455600,60,personal,1,1,1,1,1,1
CUST102585,53,male,self_employed,1.8,69000,637,8,164,12,0,0,23400.0,0.268,0.447,144600.0,77500.0,267900,36,personal,1,1,1,1,1,0
CUST102586,40,female,salaried,11.2,46900,789,2,30,0,0,1,5900.0,0.378,0.511,176700.0,103500.0,216600,12,home,1,1,1,1,0,1
CUST102587,35,male,salaried,6.5,46000,671,6,103,11,1,1,11700.0,0.129,0.564,277800.0,214600.0,341600,24,business,1,1,1,1,1,0
CUST102588,30,male,salaried,3.6,67200,665,1,14,0,0,2,15600.0,0.26,0.426,86400.0,41300.0,469300,36,home,1,1,1,0,1,0
CUST102589,39,female,salaried,5.0,48400,616,6,54,12,0,3,3800.0,0.468,0.225,284600.0,158200.0,255100,36,home,1,1,0,1,0,0
CUST102590,48,male,salaried,1.7,56200,721,3,36,0,0,0,12900.0,0.157,0.41,129100.0,58500.0,243700,24,personal,1,1,1,1,1,0
CUST102591,47,female,business,8.5,108100,751,2,37,1,0,0,21500.0,0.262,0.318,247700.0,,463400,36,personal,1,1,1,1,1,1
CUST102592,50,male,self_employed,6.5,30100,677,4,73,7,0,0,1500.0,0.249,0.297,138600.0,92600.0,133700,18,business,0,1,1,1,1,0
CUST102593,38,male,salaried,13.5,174600,813,2,47,1,0,1,38500.0,0.374,0.296,403200.0,132000.0,945600,72,home_improvement,1,1,1,1,0,1
CUST102594,31,male,salaried,5.4,83000,751,5,71,4,0,1,34100.0,0.369,0.593,178700.0,93300.0,543300,36,consumer,0,1,1,1,0,0
CUST102595,65,female,salaried,8.0,124700,764,4,94,2,0,1,35000.0,0.571,0.483,194400.0,111800.0,605200,24,consumer,1,1,1,1,0,1
CUST102596,55,female,salaried,5.5,34200,639,7,102,10,0,2,5400.0,0.189,0.249,39500.0,34600.0,111900,36,consumer,1,1,1,1,0,0
CUST102597,61,female,salaried,7.5,68800,751,4,58,2,0,1,9800.0,0.263,0.288,226100.0,73000.0,361700,36,home_improvement,1,1,1,1,0,1
CUST102598,50,female,salaried,6.9,43900,635,5,56,4,0,2,10500.0,0.64,0.661,144600.0,97700.0,111100,6,home_improvement,1,1,1,1,0,0
CUST102599,57,female,salaried,22.8,63400,816,3,39,0,0,2,12800.0,0.533,0.367,435200.0,197400.0,251300,24,consumer,1,1,1,1,0,1
CUST102600,64,female,business,3.8,59200,758,0,0,0,0,0,23600.0,0.086,0.518,272700.0,201100.0,255100,36,personal,1,1,1,1,0,0
CUST102601,35,male,salaried,5.7,38200,714,5,72,3,0,0,2400.0,0.08,0.269,70100.0,28100.0,47300,6,home,1,1,1,1,1,1
CUST102602,59,male,business,5.2,39600,662,5,97,13,0,1,4600.0,0.23,0.416,56000.0,35200.0,213400,18,personal,1,1,1,1,0,0
CUST102603,47,male,self_employed,7.3,37000,695,2,30,0,0,1,15400.0,0.596,0.444,234200.0,87900.0,49600,48,personal,1,1,1,1,1,1
CUST102604,63,male,contract,6.7,51600,636,1,15,2,0,2,4100.0,0.469,0.386,21800.0,15000.0,379200,24,education,1,1,1,1,1,0
CUST102605,63,male,contract,12.7,102200,689,7,143,4,0,2,28100.0,0.268,0.402,247100.0,,468100,36,vehicle,1,1,1,1,0,1
CUST102606,62,male,salaried,7.1,75600,673,1,15,1,0,1,23200.0,0.326,0.4,355300.0,188000.0,336300,48,home,1,1,1,1,1,0
CUST102607,62,male,contract,3.8,117100,704,1,13,2,0,2,25500.0,0.411,0.335,394200.0,129200.0,329800,24,consumer,1,1,1,1,0,1
CUST102608,61,male,salaried,3.3,83200,651,3,64,2,0,1,17100.0,0.389,0.247,507000.0,132000.0,164000,48,business,1,1,1,1,0,0
CUST102609,51,male,business,11.3,48700,775,3,45,0,0,1,10000.0,0.474,0.254,211100.0,162400.0,42600,18,vehicle,1,1,1,1,0,1
CUST102610,65,male,business,4.8,86600,654,2,24,2,0,1,19500.0,0.123,0.412,569400.0,408900.0,387300,24,home,1,1,1,1,0,0
CUST102611,62,male,business,2.8,58900,637,0,0,0,0,3,17400.0,0.202,0.474,20400.0,10800.0,379100,36,consumer,1,1,1,1,1,0
CUST102612,63,male,self_employed,3.4,87100,755,4,48,0,0,3,17800.0,0.155,0.239,73300.0,34800.0,143600,48,education,1,1,1,1,0,1
CUST102613,44,male,contract,10.7,85900,674,3,37,8,0,1,16800.0,0.485,0.395,85700.0,27200.0,617000,36,home_improvement,1,1,1,1,0,0
CUST102614,37,female,salaried,10.8,84400,734,3,67,2,0,0,22300.0,0.394,0.32,121200.0,104700.0,170000,36,education,0,1,1,1,1,1
CUST102615,28,male,self_employed,3.4,30400,608,3,35,1,0,2,3800.0,0.196,0.483,149600.0,34100.0,130500,12,medical,1,1,1,0,1,0
CUST102616,26,male,salaried,16.4,44500,679,2,38,2,0,1,14300.0,0.284,0.356,227700.0,130300.0,93100,60,personal,1,1,1,1,0,1
CUST102617,51,male,salaried,6.7,29900,645,4,41,7,1,2,5500.0,0.688,0.22,21600.0,13100.0,77000,72,education,1,1,1,1,1,0
CUST102618,62,male,business,0.7,86200,685,4,44,0,0,1,21100.0,0.166,1.313,89900.0,56400.0,552400,6,home_improvement,1,1,1,0,0,0
CUST102619,50,female,business,3.5,60200,658,4,38,2,0,1,5800.0,0.248,0.236,137500.0,58800.0,151500,18,home,1,1,1,1,1,0
CUST102620,35,male,salaried,4.0,73300,643,3,27,3,0,0,15000.0,0.169,0.272,205900.0,120700.0,118600,24,consumer,1,1,1,1,0,0
CUST102621,29,female,salaried,24.3,51900,696,2,26,0,0,2,4600.0,0.686,0.136,341300.0,140700.0,146600,60,home,1,1,1,1,1,1
CUST102622,59,male,self_employed,7.3,73300,711,2,28,2,0,2,14300.0,0.161,0.3,158500.0,93000.0,369600,48,personal,1,1,1,1,1,1
CUST102623,22,male,business,9.2,65100,717,3,41,1,0,2,16800.0,0.281,0.301,307400.0,271400.0,101300,36,business,1,1,1,1,1,1
CUST102624,65,male,self_employed,7.3,165200,753,3,33,0,0,4,45200.0,0.623,0.4,901100.0,274200.0,751400,36,consumer,1,1,1,1,1,1
CUST102625,28,male,salaried,7.3,66900,732,2,24,0,0,1,5900.0,0.123,0.326,289900.0,219100.0,381100,24,vehicle,1,1,1,1,0,1
CUST102626,48,female,salaried,1.9,59100,685,2,25,1,0,3,14500.0,0.249,0.416,292600.0,120700.0,363000,36,education,1,1,1,1,0,0
CUST102627,58,male,salaried,5.9,22400,682,0,0,0,0,1,6800.0,0.173,0.484,43600.0,18100.0,145400,36,personal,1,1,1,1,1,0
CUST102628,33,female,salaried,4.3,33000,667,5,107,13,0,1,9200.0,0.213,0.379,134400.0,34200.0,198400,60,education,1,1,1,1,1,0
CUST102629,24,male,business,1.8,39400,740,2,41,3,0,1,10500.0,0.575,0.855,266600.0,220300.0,278100,12,business,1,1,1,1,0,0
CUST102630,50,female,self_employed,9.1,73000,735,2,22,0,0,1,21400.0,0.391,0.445,516300.0,123400.0,400000,36,business,1,1,1,0,0,1
CUST102631,61,male,contract,9.0,52400,632,1,15,2,0,0,5600.0,0.343,0.15,234500.0,47400.0,82100,36,business,1,1,1,1,1,0
CUST102632,59,female,self_employed,1.6,62300,692,4,38,2,0,2,3900.0,0.499,0.216,207600.0,146500.0,459500,48,consumer,1,1,1,1,1,0
CUST102633,40,female,salaried,4.4,90600,758,2,40,0,0,2,32300.0,0.278,0.402,473100.0,341000.0,195700,48,medical,1,1,1,1,0,1
CUST102634,28,male,salaried,0.9,159700,691,2,34,2,0,2,43700.0,0.567,0.446,999200.0,698600.0,329900,12,personal,1,1,1,1,1,1
CUST102635,29,female,contract,2.4,66100,646,2,39,3,0,0,8500.0,0.403,0.261,187000.0,163000.0,209500,24,home,1,1,0,1,1,0
CUST102636,60,female,contract,6.3,72200,758,1,13,0,0,1,18500.0,0.437,0.37,389600.0,83500.0,295900,36,home,1,1,1,1,1,1
CUST102637,44,female,salaried,6.8,99500,758,2,42,0,0,2,28200.0,0.799,0.457,163200.0,32700.0,414500,24,personal,1,1,1,1,0,1
CUST102638,53,male,salaried,7.9,123400,657,4,48,0,0,1,21800.0,0.243,0.354,698100.0,192600.0,787200,36,education,1,1,1,1,1,0
CUST102639,57,female,self_employed,3.2,58900,612,3,69,3,0,3,1100.0,0.222,0.251,257800.0,177700.0,328900,24,personal,1,1,1,1,1,0
CUST102640,62,male,business,1.6,52200,638,0,0,0,0,2,5200.0,0.452,0.388,250400.0,92200.0,361500,24,vehicle,1,1,1,1,0,0
CUST102641,33,male,business,10.8,66200,745,4,62,2,0,2,20900.0,0.545,0.415,210000.0,167000.0,237500,36,education,1,1,0,1,0,1
CUST102642,36,male,salaried,8.3,110600,826,2,32,0,0,0,30200.0,0.479,0.374,606700.0,182800.0,403300,36,personal,1,1,1,1,1,1
CUST102643,48,male,salaried,8.6,58200,747,1,14,1,0,1,19800.0,0.209,0.46,130600.0,42900.0,250000,36,home,1,1,1,1,1,1
CUST102644,61,female,salaried,2.5,32700,739,3,50,1,0,1,1800.0,0.108,0.245,130500.0,95700.0,149300,24,business,1,1,1,1,0,1
CUST102645,58,male,salaried,5.4,94100,748,1,18,1,0,1,14400.0,0.099,0.32,79300.0,66600.0,564300,36,consumer,1,1,1,1,1,1
CUST102646,29,male,salaried,8.0,19800,635,3,48,9,0,2,0.0,0.424,0.161,100900.0,86800.0,114600,36,business,1,0,1,1,1,0
CUST102647,60,male,salaried,16.0,112800,697,8,160,8,1,2,33500.0,0.113,0.385,181800.0,39300.0,475100,48,consumer,1,1,1,1,1,1
CUST102648,53,male,salaried,5.1,104200,669,3,53,4,0,0,23000.0,0.355,0.374,281000.0,85400.0,574100,36,medical,1,1,1,1,1,1
CUST102649,58,male,salaried,18.5,42400,701,3,46,5,0,3,5100.0,0.452,0.156,291500.0,240700.0,72500,48,business,1,1,1,1,1,1
CUST102650,62,male,contract,0.9,178700,752,4,85,3,0,1,26100.0,0.429,0.409,884300.0,297500.0,563200,12,vehicle,1,1,1,1,0,1
CUST102651,23,male,self_employed,5.1,194600,743,0,0,0,0,1,76200.0,0.195,0.487,1245200.0,324800.0,670700,36,personal,1,1,1,1,1,1
CUST102652,45,male,salaried,2.5,36500,664,2,44,4,0,0,5400.0,0.123,0.243,139200.0,46500.0,41600,12,personal,1,0,1,1,1,0
CUST102653,22,female,business,18.7,22000,703,3,30,3,0,0,1200.0,0.132,0.083,11300.0,7300.0,22300,36,business,1,1,1,1,0,1
CUST102654,27,female,self_employed,9.9,57300,643,5,69,11,0,1,20800.0,0.339,0.383,57400.0,16200.0,81400,72,home_improvement,1,1,1,1,0,0
CUST102655,35,male,contract,15.4,55200,678,2,24,2,0,0,12700.0,0.493,0.512,255500.0,151700.0,373300,24,home,1,1,1,1,1,1
CUST102656,64,male,salaried,10.1,53900,660,6,78,6,0,1,8100.0,0.273,0.489,311300.0,260400.0,328400,18,medical,1,1,0,1,1,0
CUST102657,50,female,salaried,2.7,96000,643,2,23,7,0,4,15400.0,0.518,0.264,391800.0,351200.0,595900,60,vehicle,1,1,1,1,1,0
CUST102658,47,male,salaried,5.8,56500,715,6,69,3,0,6,800.0,0.379,0.11,72000.0,29700.0,129300,24,home,1,1,1,1,0,1
CUST102659,24,female,business,15.3,46800,724,3,64,2,0,1,9100.0,0.221,0.37,23300.0,20800.0,296400,36,personal,1,1,0,1,0,0
CUST102660,33,female,salaried,2.4,46800,689,2,34,2,0,1,8700.0,0.321,0.289,49800.0,26400.0,173500,36,business,1,1,1,1,1,0
CUST102661,21,male,contract,8.4,43900,722,3,56,1,0,1,16000.0,0.478,0.584,140000.0,34900.0,173500,18,business,1,1,1,1,1,0
CUST102662,62,female,salaried,17.0,37000,718,1,19,0,0,2,0.0,0.314,0.031,31200.0,21700.0,55300,48,personal,1,1,1,1,1,1
CUST102663,39,male,salaried,9.6,49300,652,3,28,5,0,1,9700.0,0.208,0.353,248400.0,131200.0,277100,36,home,1,1,1,1,1,0
CUST102664,58,male,salaried,20.4,38700,767,3,56,1,0,1,10200.0,0.274,0.396,244200.0,170900.0,246700,48,education,1,1,1,1,0,1
CUST102665,23,male,salaried,4.6,73300,728,2,38,2,0,3,14600.0,0.443,0.35,288600.0,115100.0,398600,36,vehicle,1,1,1,1,0,0
CUST102666,63,female,self_employed,6.1,34900,679,4,65,3,0,0,5300.0,0.107,0.334,200800.0,74900.0,228800,36,personal,1,1,1,1,0,0
CUST102667,45,male,self_employed,17.7,33200,716,6,116,4,0,3,3700.0,0.405,0.147,97700.0,84400.0,71300,60,education,1,1,1,1,0,1
CUST102668,50,male,business,3.5,39500,635,0,0,0,0,0,5200.0,0.246,0.879,223000.0,99000.0,177100,6,personal,1,1,1,1,0,0
CUST102669,53,female,salaried,10.9,46700,699,5,71,4,0,1,10300.0,0.3,0.342,146900.0,57800.0,204100,36,personal,1,1,1,1,0,1
CUST102670,30,female,salaried,7.5,61900,756,2,42,0,0,0,8500.0,0.399,0.341,169700.0,77400.0,75500,6,business,1,1,1,1,0,1
CUST102671,42,female,business,10.7,92900,686,3,54,3,0,0,24000.0,0.236,0.382,467500.0,364700.0,206400,18,vehicle,1,1,1,1,1,1
CUST102672,47,male,salaried,4.5,73500,778,3,48,0,0,2,19100.0,0.24,0.407,49700.0,11900.0,390000,36,education,1,1,1,1,1,1
CUST102673,56,male,self_employed,3.8,68700,620,2,35,1,0,1,12900.0,0.277,0.281,26100.0,9800.0,384900,60,personal,1,1,1,1,0,0
CUST102674,43,male,contract,3.2,121400,721,3,39,0,0,0,36600.0,0.302,0.442,249300.0,179600.0,410600,24,business,1,1,1,1,0,1
CUST102675,47,female,self_employed,3.3,48700,728,5,101,4,0,2,1600.0,0.834,0.311,294000.0,142600.0,162300,12,business,1,1,1,1,1,0
CUST102676,43,female,salaried,5.1,105000,767,1,15,1,0,0,2300.0,0.256,0.144,648600.0,413700.0,307900,24,personal,1,1,1,1,1,1
CUST102677,35,male,salaried,6.9,80300,628,7,100,5,0,1,21400.0,0.246,0.301,271600.0,155700.0,100900,36,home_improvement,1,1,1,1,0,0
CUST102678,21,male,salaried,7.6,59300,708,0,0,0,0,2,2900.0,0.519,0.093,398800.0,355400.0,188600,72,consumer,1,1,1,1,1,1
CUST102679,57,male,business,2.9,44500,705,4,46,2,0,1,5800.0,0.108,0.209,162400.0,34000.0,168700,48,consumer,1,1,1,1,1,0
CUST102680,32,male,salaried,5.7,25800,679,1,10,1,0,1,5500.0,0.249,0.377,111800.0,30400.0,101400,24,personal,1,1,1,1,1,0
CUST102681,38,male,salaried,3.9,74600,695,4,69,7,0,2,18700.0,0.684,1.224,136900.0,68100.0,435600,6,medical,1,1,1,1,1,0
CUST102682,33,male,salaried,11.7,61600,739,3,65,1,0,1,1600.0,0.298,0.122,211100.0,156600.0,285000,48,personal,1,1,0,1,1,1
CUST102683,52,male,business,6.6,40800,732,3,64,2,0,1,5700.0,0.699,0.222,236900.0,196400.0,121300,36,home,1,1,1,1,1,1
CUST102684,24,male,salaried,7.3,96100,735,5,118,2,0,2,22300.0,0.579,0.685,255900.0,61400.0,522100,12,consumer,1,1,1,1,1,1
CUST102685,41,male,salaried,9.1,46300,663,1,17,1,0,0,9800.0,0.194,0.247,262500.0,134900.0,79200,48,personal,1,1,1,1,1,0
CUST102686,38,female,salaried,4.6,104300,710,2,27,1,0,0,33600.0,0.741,0.598,414800.0,89500.0,689700,24,business,1,1,1,0,0,1
CUST102687,48,female,salaried,6.3,103900,778,3,68,1,0,2,8300.0,0.486,0.148,593000.0,524000.0,169800,24,education,1,1,1,1,0,1
CUST102688,41,female,self_employed,3.3,144600,718,0,0,0,0,3,20100.0,0.551,0.313,409700.0,295100.0,151100,6,home,1,1,1,1,1,1
CUST102689,30,female,contract,10.2,43500,737,3,42,0,0,2,11000.0,0.25,0.356,147600.0,52200.0,107900,24,education,1,1,1,1,1,1
CUST102690,51,female,salaried,20.6,317600,820,0,0,0,0,3,67400.0,0.254,0.268,2131600.0,712100.0,1063300,60,business,1,1,1,1,1,1
CUST102691,56,male,self_employed,6.2,43000,725,1,11,1,0,0,5200.0,0.172,0.278,129600.0,65900.0,242900,36,vehicle,1,1,1,1,1,1
CUST102692,44,female,salaried,12.3,56800,716,3,61,2,0,2,11800.0,0.791,0.311,213800.0,66100.0,352700,60,business,1,1,1,1,1,0
CUST102693,53,female,salaried,1.4,57900,738,2,36,0,0,2,7600.0,0.26,0.209,109900.0,52200.0,268700,60,consumer,1,1,1,1,1,1
CUST102694,41,female,salaried,3.2,44000,603,4,42,10,0,3,10800.0,0.335,0.278,195000.0,129900.0,86400,60,personal,1,1,1,1,0,0
CUST102695,45,female,salaried,3.3,60700,677,1,19,1,0,3,13600.0,0.425,0.347,393200.0,150000.0,358000,48,home,1,1,1,1,0,0
CUST102696,27,female,self_employed,10.5,56100,694,3,69,3,0,2,9300.0,0.666,0.268,102100.0,67900.0,69100,12,home_improvement,1,1,1,1,1,0
CUST102697,47,male,salaried,4.5,55100,726,4,34,6,0,1,5800.0,0.328,0.469,285000.0,244900.0,361000,18,business,1,1,0,1,0,0
CUST102698,31,male,salaried,8.3,42500,697,3,42,3,0,3,15900.0,0.416,0.462,96700.0,71100.0,135100,36,business,1,1,1,1,0,0
CUST102699,60,female,business,2.6,32200,703,0,0,0,0,1,12400.0,0.466,0.637,116900.0,102700.0,194600,24,business,1,1,1,0,1,0
CUST102700,35,female,contract,6.6,78000,639,3,37,2,0,2,8300.0,0.111,0.28,238400.0,208200.0,243700,18,business,1,1,1,1,1,0
CUST102701,29,male,self_employed,8.7,77600,686,2,22,0,0,0,22400.0,0.456,0.377,550000.0,223400.0,491400,72,consumer,1,1,1,1,0,1
CUST102702,27,male,salaried,9.6,84900,684,4,64,4,0,4,30500.0,0.725,0.672,604100.0,191100.0,318400,12,personal,1,1,1,1,1,0
CUST102703,21,male,salaried,7.7,56000,778,2,31,1,0,1,6700.0,0.108,0.198,328700.0,195500.0,105800,24,personal,1,1,1,1,1,1
CUST102704,32,male,contract,4.2,70400,639,5,65,10,0,2,13100.0,0.273,0.985,223500.0,144600.0,337400,6,home,1,0,1,1,1,0
CUST102705,31,female,salaried,10.2,74100,700,2,20,0,0,0,15300.0,0.146,0.269,214600.0,78700.0,167600,36,personal,1,1,1,1,0,1
CUST102706,39,male,self_employed,9.3,27600,664,2,40,2,0,2,2900.0,0.521,0.326,117100.0,77900.0,109600,18,home_improvement,1,1,1,1,0,0
CUST102707,21,female,salaried,9.0,56500,749,7,89,2,0,1,3800.0,0.173,0.098,266700.0,199400.0,123500,72,consumer,1,1,1,1,1,1
CUST102708,31,female,contract,5.7,55200,713,1,17,1,0,3,19900.0,0.204,0.544,14900.0,5300.0,182600,18,personal,1,1,1,1,0,0
CUST102709,60,male,contract,7.2,61500,679,3,63,3,0,2,6900.0,0.295,0.211,38200.0,16600.0,437600,72,home_improvement,1,1,1,1,0,1
CUST102710,32,female,contract,9.6,47800,673,0,0,0,0,1,12400.0,0.2,0.433,188700.0,140500.0,298600,36,education,1,1,1,1,1,0
CUST102711,61,female,business,5.4,90700,769,3,39,0,0,1,26400.0,0.265,0.397,157800.0,,230500,24,consumer,1,1,1,0,0,1
CUST102712,56,female,self_employed,5.4,48900,669,2,48,0,0,3,10200.0,0.562,0.23,108500.0,94000.0,63500,60,consumer,1,1,1,1,1,0
CUST102713,24,female,contract,1.7,42700,600,6,83,7,0,1,3300.0,0.172,0.155,99400.0,46800.0,198100,60,education,1,1,1,1,1,0
CUST102714,37,male,salaried,5.2,57500,632,2,35,1,0,0,23300.0,0.736,0.527,210400.0,116700.0,252500,36,education,1,1,1,1,1,0
CUST102715,22,female,self_employed,4.5,53300,667,1,18,1,0,3,10800.0,0.819,0.374,56800.0,13500.0,328500,36,consumer,1,0,0,1,1,0
CUST102716,38,female,business,16.9,147300,765,0,0,0,0,1,15000.0,0.454,0.61,209400.0,150100.0,899000,12,vehicle,1,0,0,1,0,1
CUST102717,39,female,salaried,6.1,58000,789,5,98,2,0,2,17200.0,0.425,0.527,163600.0,127800.0,320500,24,personal,1,1,1,1,0,1
CUST102718,56,male,salaried,10.3,73200,728,4,89,3,0,1,2200.0,0.587,0.128,424900.0,219300.0,428500,60,vehicle,1,1,1,1,0,1
CUST102719,36,female,salaried,6.1,20900,656,1,14,1,0,1,3800.0,0.461,0.216,75100.0,34200.0,51400,72,education,1,1,1,1,0,0
CUST102720,55,female,salaried,5.2,32800,724,4,47,1,0,0,14600.0,0.084,0.622,67200.0,22500.0,208600,36,home_improvement,1,1,1,1,0,1
CUST102721,44,male,contract,15.0,132100,754,5,100,5,0,1,20500.0,0.507,0.328,473500.0,143400.0,821200,36,personal,1,1,1,1,0,1
CUST102722,53,male,self_employed,11.3,30500,676,2,46,2,0,0,9000.0,0.31,0.465,98900.0,53200.0,248300,48,business,1,1,1,1,0,0
CUST102723,35,male,self_employed,9.3,48700,729,2,42,0,0,0,17000.0,0.289,0.526,109400.0,86000.0,155400,18,vehicle,1,1,1,1,1,1
CUST102724,47,male,business,17.0,29600,757,4,63,1,0,1,6600.0,0.544,0.609,45200.0,40600.0,274400,24,business,1,1,1,1,1,1
CUST102725,22,male,salaried,10.4,151100,681,5,65,5,0,1,2900.0,0.534,0.246,864700.0,664200.0,823900,24,personal,1,1,1,1,0,1
CUST102726,23,female,salaried,12.2,59600,692,1,22,1,0,3,19700.0,0.63,0.345,352900.0,122400.0,20000,24,home_improvement,1,1,1,1,0,1
CUST102727,54,male,self_employed,4.6,62700,695,0,0,0,0,1,7900.0,0.421,0.146,226600.0,142100.0,45200,36,personal,1,1,1,1,0,0
CUST102728,59,female,salaried,3.6,32700,616,6,52,8,0,2,5700.0,0.427,0.236,156500.0,127200.0,48200,24,home,1,0,1,1,0,0
CUST102729,24,male,salaried,13.7,32300,681,3,51,3,0,0,10200.0,0.357,0.365,12000.0,3500.0,28900,18,vehicle,1,1,1,1,0,1
CUST102730,49,male,salaried,2.3,38800,688,2,22,0,0,1,7000.0,0.248,0.439,128400.0,54300.0,241000,24,home_improvement,1,1,1,1,0,1
CUST102731,26,male,salaried,5.0,106500,720,3,53,1,0,1,20900.0,0.268,0.418,569000.0,201600.0,283400,12,vehicle,1,1,1,1,0,1
CUST102732,63,male,self_employed,7.1,138700,770,1,21,0,0,3,54300.0,0.358,0.462,898400.0,773800.0,586400,60,business,1,1,1,1,0,1
CUST102733,23,female,business,9.5,58500,700,4,73,3,0,2,2300.0,0.243,0.155,99600.0,72400.0,244500,36,home_improvement,1,1,1,1,1,1
CUST102734,29,male,salaried,5.4,37800,645,5,90,10,0,4,11200.0,0.309,0.313,104600.0,46100.0,23100,36,home_improvement,1,1,1,1,1,0
CUST102735,58,female,salaried,4.1,46000,719,1,12,1,0,3,9600.0,0.796,0.293,273000.0,89400.0,186200,48,consumer,1,1,1,1,1,0
CUST102736,26,female,business,8.4,97800,675,4,57,7,0,1,10300.0,0.511,0.181,180900.0,36800.0,268000,36,consumer,1,1,1,1,0,0
CUST102737,28,female,salaried,6.2,82100,713,1,17,2,0,4,17100.0,0.546,0.35,150200.0,66000.0,559500,48,consumer,1,1,1,1,0,0
CUST102738,61,female,business,9.1,23400,654,4,68,4,0,1,5400.0,0.452,0.309,107300.0,68800.0,65700,36,education,1,1,1,1,0,0
CUST102739,24,female,salaried,10.0,91900,664,4,76,4,0,2,31000.0,0.343,0.414,330100.0,245400.0,254800,36,consumer,1,1,1,1,1,1
CUST102740,35,male,salaried,17.8,41600,692,4,72,4,0,2,0.0,0.185,0.088,160500.0,106000.0,87400,24,personal,1,1,1,1,1,1
CUST102741,60,male,salaried,2.8,60400,704,2,46,2,0,0,10600.0,0.253,0.238,167000.0,86200.0,270600,72,consumer,1,1,1,1,1,1
CUST102742,64,male,business,9.2,106100,781,6,93,3,0,0,27500.0,0.158,0.362,348100.0,69700.0,656100,60,home_improvement,1,1,1,1,1,1
CUST102743,26,female,contract,1.0,67200,686,3,70,2,0,1,1600.0,0.494,0.678,283600.0,182800.0,527700,12,personal,1,1,0,1,1,0
CUST102744,55,male,salaried,4.7,57700,621,2,34,2,0,1,5200.0,0.428,0.389,358400.0,273300.0,310900,18,education,1,1,1,1,0,0
CUST102745,63,female,salaried,7.6,61500,739,3,58,2,0,2,7400.0,0.393,0.13,284300.0,152200.0,20700,36,vehicle,1,1,1,1,1,1
CUST102746,31,female,salaried,5.4,135100,698,2,28,0,0,1,27900.0,0.63,0.249,262900.0,81500.0,273700,48,vehicle,1,1,1,1,1,1
CUST102747,44,female,self_employed,3.2,68400,697,1,16,1,0,4,10500.0,0.211,0.199,237700.0,69200.0,111300,36,personal,1,1,1,1,1,1
CUST102748,49,male,salaried,3.0,120500,680,1,9,1,0,3,37200.0,0.371,0.428,512500.0,349100.0,258400,18,personal,1,1,1,1,1,0
CUST102749,36,female,salaried,6.0,86300,744,2,29,1,0,1,10800.0,0.605,0.311,144000.0,42700.0,384100,24,medical,1,1,1,1,0,1
CUST102750,36,female,salaried,4.0,40300,641,3,62,4,1,3,11200.0,0.345,0.326,134900.0,59500.0,93900,48,home,1,1,1,1,0,0
CUST102751,37,male,self_employed,10.5,67800,721,3,30,0,0,4,12700.0,0.403,0.406,344000.0,220900.0,356100,24,vehicle,1,1,1,1,1,1
CUST102752,57,female,salaried,15.8,70600,651,0,0,0,0,2,17500.0,0.338,0.382,227300.0,103500.0,455000,48,home,1,1,1,1,0,0
CUST102753,22,male,salaried,3.3,40900,674,3,51,9,0,1,12600.0,0.453,0.435,58800.0,39000.0,186800,36,business,1,1,1,1,1,0
CUST102754,49,male,self_employed,12.0,83200,767,4,77,3,0,1,14800.0,0.391,0.433,551600.0,241500.0,509000,24,education,1,1,1,1,0,1
CUST102755,44,male,salaried,6.1,61900,600,5,63,2,0,0,14100.0,0.469,0.275,76100.0,55700.0,139300,48,home_improvement,1,1,1,1,1,0
CUST102756,53,male,salaried,18.2,42500,823,1,20,0,0,2,21700.0,0.486,0.978,175100.0,51600.0,238500,12,vehicle,1,1,1,1,1,1
CUST102757,53,female,business,17.8,59900,749,5,74,1,0,1,11900.0,0.15,0.279,259300.0,61300.0,173200,36,home,1,1,1,1,1,1
CUST102758,33,male,contract,4.8,27100,684,1,13,0,0,1,10700.0,0.137,0.426,178500.0,56000.0,20000,24,personal,1,1,1,1,1,0
CUST102759,41,male,salaried,10.6,40700,765,3,53,1,0,1,9200.0,0.571,0.541,224200.0,141600.0,76900,6,home,1,1,1,1,1,1
CUST102760,21,male,salaried,5.5,82000,736,1,13,0,0,4,8700.0,0.579,0.185,483900.0,394700.0,77200,12,consumer,1,1,1,1,1,1
CUST102761,42,female,salaried,5.1,23700,661,2,27,1,0,2,4600.0,0.539,0.457,103800.0,83200.0,74800,12,business,1,1,1,1,1,0
CUST102762,39,male,self_employed,9.9,21200,744,1,19,0,0,0,12500.0,0.277,0.646,47300.0,31200.0,86700,72,home_improvement,1,0,0,1,1,1
CUST102763,57,male,salaried,1.5,81000,691,2,24,2,0,2,28500.0,0.268,0.571,21000.0,16500.0,320200,18,home,1,1,1,1,1,0
CUST102764,53,male,salaried,10.1,121600,747,5,80,0,0,1,16000.0,0.348,0.225,644800.0,503600.0,272800,24,home,1,1,1,1,1,1
CUST102765,37,male,salaried,1.5,43900,638,2,27,3,0,2,2300.0,0.788,0.257,176500.0,66200.0,323900,36,business,1,1,1,1,1,0
CUST102766,62,female,self_employed,9.2,70800,788,1,23,0,0,0,16000.0,0.301,0.388,400900.0,327900.0,206100,18,vehicle,1,1,1,1,1,1
CUST102767,43,female,contract,14.9,40100,654,2,44,4,0,1,13900.0,0.357,0.542,285200.0,88400.0,188000,24,home_improvement,1,1,1,1,1,0
CUST102768,34,female,salaried,9.5,34200,672,2,25,1,0,0,7500.0,0.481,0.41,71300.0,62400.0,235300,36,education,1,1,1,1,1,0
CUST102769,49,female,salaried,2.9,39200,679,4,42,2,0,1,11700.0,0.316,0.782,177300.0,123600.0,227400,12,personal,1,1,1,1,0,0
CUST102770,41,female,business,12.4,96800,687,4,37,3,0,1,28300.0,0.468,0.361,60500.0,36100.0,477100,72,personal,1,1,1,1,1,1
CUST102771,64,male,self_employed,14.2,35500,771,1,16,0,0,0,2100.0,0.21,0.134,159800.0,135000.0,127800,48,personal,1,1,1,1,1,1
CUST102772,60,male,salaried,5.5,51200,719,5,74,1,0,1,8100.0,0.327,0.519,154200.0,120900.0,332800,18,personal,1,1,1,1,1,1
CUST102773,21,female,business,4.0,58200,602,1,14,5,0,2,6900.0,0.42,0.194,118100.0,94300.0,264900,60,business,1,0,1,1,0,0
CUST102774,32,male,salaried,1.2,95500,638,0,0,0,0,2,18200.0,0.549,0.273,574000.0,286900.0,379300,48,vehicle,1,1,1,1,0,0
CUST102775,39,female,salaried,4.6,40500,655,2,24,2,0,3,2900.0,0.303,0.147,271500.0,139900.0,110500,36,home,1,1,1,1,1,0
CUST102776,51,female,contract,2.1,92000,670,4,37,7,0,2,10400.0,0.293,0.408,173300.0,133900.0,325900,12,personal,1,1,1,1,0,0
CUST102777,48,male,business,8.0,46600,644,1,16,1,0,1,3000.0,0.118,0.181,240400.0,139500.0,195500,36,business,1,1,1,1,0,0
CUST102778,60,male,contract,7.8,63700,684,1,12,1,0,0,4100.0,0.183,0.131,212700.0,99600.0,153500,36,consumer,1,1,1,1,0,1
CUST102779,28,female,contract,5.1,144000,737,3,31,2,0,3,51800.0,0.407,0.396,272200.0,127000.0,254000,48,vehicle,1,1,1,1,0,1
CUST102780,49,male,salaried,4.7,41800,667,3,48,3,0,1,9700.0,0.137,0.343,87100.0,20400.0,111300,24,personal,1,1,1,1,0,0
CUST102781,62,male,business,5.5,41700,632,4,72,8,1,2,0.0,0.338,0.325,249600.0,171100.0,243700,18,consumer,1,1,1,1,1,0
CUST102782,26,male,business,9.7,87100,728,5,107,3,0,1,30200.0,0.222,0.461,426200.0,144600.0,594800,60,home_improvement,1,1,1,1,0,1
CUST102783,51,female,business,3.3,50100,684,2,23,1,0,0,6200.0,0.351,0.261,102200.0,81500.0,331100,48,personal,1,1,1,1,1,0
CUST102784,50,female,contract,3.2,30500,707,1,12,2,0,1,0.0,0.607,0.172,154200.0,74200.0,188900,36,education,1,1,1,1,0,0
CUST102785,22,female,self_employed,7.1,182000,761,0,0,0,0,1,23800.0,0.391,0.19,823600.0,238600.0,515600,48,home_improvement,1,1,1,1,0,1
CUST102786,22,male,self_employed,2.7,30300,714,3,27,3,0,4,5400.0,0.679,0.314,68300.0,58300.0,148100,36,medical,1,1,1,1,0,0
CUST102787,23,female,salaried,8.5,86700,716,6,86,4,0,0,8700.0,0.46,0.142,76200.0,21700.0,263100,72,vehicle,1,1,1,1,0,1
CUST102788,33,male,salaried,7.6,68600,667,3,44,1,0,2,22400.0,0.493,0.387,270200.0,156900.0,148700,36,consumer,1,1,1,1,1,0
CUST102789,51,male,salaried,19.1,60500,741,2,24,0,0,1,13700.0,0.293,0.411,316700.0,247100.0,267500,24,business,1,1,1,1,0,1
CUST102790,60,female,contract,1.1,61100,685,3,45,3,0,3,10100.0,0.423,0.229,82700.0,37500.0,185400,48,personal,1,1,1,1,1,0
CUST102791,51,female,salaried,6.8,45900,728,3,57,0,0,1,7700.0,0.261,0.278,256500.0,175700.0,121900,24,personal,1,1,1,1,0,1
CUST102792,53,male,business,12.3,70400,668,7,148,6,0,0,18500.0,0.391,0.441,187600.0,146900.0,452900,36,personal,1,1,1,1,0,0
CUST102793,38,female,salaried,13.1,186200,736,1,16,1,0,1,51500.0,0.116,0.559,1305900.0,495200.0,945400,18,business,1,1,1,1,0,1
CUST102794,30,female,contract,3.2,98900,674,2,26,2,0,1,30700.0,0.679,0.331,481900.0,290900.0,97600,48,vehicle,1,1,1,1,1,0
CUST102795,46,male,business,6.0,180400,777,3,63,3,0,2,53100.0,0.188,0.477,118900.0,84000.0,1189200,36,education,1,1,1,1,0,1
CUST102796,52,male,contract,5.8,56900,669,1,9,1,0,1,21400.0,0.553,0.409,332700.0,149800.0,89900,48,vehicle,0,1,1,1,1,0
CUST102797,59,male,salaried,5.6,202100,679,3,64,5,0,1,60300.0,0.365,0.373,1121400.0,761600.0,900900,60,personal,1,1,1,1,1,1
CUST102798,46,male,salaried,3.1,58500,745,4,71,1,0,0,17200.0,0.243,0.355,116900.0,33900.0,215000,60,home_improvement,1,1,1,1,1,1
CUST102799,64,male,salaried,7.2,49200,671,3,52,5,0,1,10700.0,0.43,0.229,101800.0,20900.0,28200,48,home,1,1,1,1,1,1
CUST102800,57,male,salaried,4.3,60500,619,4,64,4,0,3,9900.0,0.299,1.079,144400.0,56100.0,332200,6,consumer,1,1,1,1,1,0
CUST102801,63,male,salaried,8.6,63700,647,4,64,4,0,1,11200.0,0.278,0.224,91300.0,56300.0,183500,60,vehicle,1,1,1,1,0,0
CUST102802,51,male,salaried,11.7,129700,809,1,16,0,0,1,49500.0,0.509,0.605,712400.0,232700.0,522100,18,medical,1,1,1,1,1,1
CUST102803,31,female,contract,3.1,63200,720,0,0,0,0,1,22000.0,0.327,0.658,225300.0,127300.0,352900,18,home_improvement,1,1,1,1,0,0
CUST102804,58,female,contract,6.2,38600,705,5,59,1,0,3,4600.0,0.486,0.162,225100.0,138900.0,118900,72,personal,1,1,1,1,1,0
CUST102805,49,female,salaried,2.2,79000,697,1,15,0,0,1,12800.0,0.292,0.227,421500.0,247100.0,185800,36,personal,1,1,1,1,0,0
CUST102806,53,male,salaried,14.0,24200,635,2,45,3,0,1,1300.0,0.232,0.346,38000.0,22900.0,127300,18,home_improvement,1,1,1,1,1,0
CUST102807,33,male,business,9.1,58200,673,6,106,8,1,1,7000.0,0.59,0.224,54100.0,45400.0,108200,18,education,1,1,1,1,1,0
CUST102808,24,male,salaried,10.0,36200,675,1,16,3,0,0,12300.0,0.274,0.529,233200.0,124600.0,246000,36,home,1,1,1,1,0,0
CUST102809,64,male,salaried,24.5,101100,777,4,79,1,0,0,13400.0,0.281,0.226,474300.0,285300.0,341000,36,personal,1,1,1,1,1,1
CUST102810,42,female,salaried,10.5,54300,649,3,55,5,0,1,10700.0,0.583,0.397,256600.0,154600.0,260500,24,consumer,1,1,1,1,1,0
CUST102811,47,male,salaried,15.5,49900,651,6,63,3,1,0,600.0,0.676,0.059,129400.0,56200.0,111400,48,consumer,1,1,1,1,1,0
CUST102812,23,male,self_employed,9.0,51800,674,2,37,1,1,0,20900.0,0.1,0.724,286500.0,214500.0,398000,24,personal,1,1,1,1,0,0
CUST102813,60,male,salaried,3.9,24400,647,3,32,1,0,0,5200.0,0.516,0.393,116300.0,85000.0,52800,12,home,1,1,0,1,1,0
CUST102814,33,male,salaried,20.0,172600,717,2,47,1,0,1,31900.0,0.524,0.371,541800.0,150000.0,1159100,36,personal,1,1,1,1,0,1
CUST102815,21,male,salaried,6.6,103000,704,3,30,0,0,1,36500.0,0.587,0.403,262600.0,212300.0,242200,48,personal,1,1,1,1,1,1
CUST102816,33,male,salaried,1.7,96700,737,1,17,1,0,3,21900.0,0.566,0.415,411200.0,143000.0,654800,36,home_improvement,1,1,1,1,0,1
CUST102817,27,female,salaried,,41800,652,1,16,2,0,0,10500.0,0.532,0.288,179000.0,130400.0,74400,48,personal,1,1,1,1,1,0
CUST102818,42,male,salaried,17.7,41500,700,1,12,1,0,3,14300.0,0.547,0.397,139400.0,123000.0,131000,60,education,1,1,1,1,1,0
CUST102819,50,male,salaried,2.9,29400,642,4,39,1,0,0,6300.0,0.468,0.327,55200.0,44700.0,118800,36,vehicle,1,1,1,1,0,0
CUST102820,35,male,salaried,8.5,47800,612,0,0,0,0,1,5500.0,0.258,0.168,261000.0,97600.0,121100,48,home_improvement,1,1,1,1,0,0
CUST102821,28,male,salaried,10.7,53800,727,2,23,1,0,1,10900.0,0.146,0.272,245400.0,105800.0,178200,48,medical,1,1,1,1,1,1
CUST102822,31,male,business,11.7,56500,775,2,47,1,0,0,17900.0,0.32,0.347,275100.0,177900.0,103700,60,vehicle,1,0,1,1,1,1
CUST102823,28,female,self_employed,8.0,81700,782,3,37,2,0,0,27900.0,0.316,0.533,77300.0,30900.0,563100,36,education,1,1,1,1,0,1
CUST102824,59,male,self_employed,5.3,47500,613,2,21,7,0,3,13100.0,0.534,0.489,205400.0,142000.0,121400,12,personal,1,1,1,1,1,0
CUST102825,44,male,salaried,17.9,49200,646,7,159,9,0,0,14700.0,0.386,0.354,56100.0,23800.0,129300,48,personal,1,1,1,1,1,1
CUST102826,23,female,business,2.7,43400,610,3,33,6,1,0,17600.0,0.157,0.538,37100.0,18900.0,138100,24,consumer,1,1,1,1,0,0
CUST102827,39,male,self_employed,7.6,59800,682,0,0,0,0,2,12300.0,0.101,0.258,123500.0,46700.0,187600,60,business,1,1,1,1,1,0
CUST102828,41,male,salaried,7.0,67300,583,0,0,0,0,3,14300.0,0.251,0.375,229600.0,105700.0,197200,18,business,1,1,1,1,1,0
CUST102829,53,male,self_employed,4.3,65300,743,2,21,1,0,2,9100.0,0.622,0.198,400500.0,210500.0,137600,36,home,1,1,1,1,0,1
CUST102830,49,female,business,15.0,48600,740,1,13,1,0,2,5800.0,0.477,0.167,145000.0,69000.0,42100,18,personal,1,1,1,1,0,1
CUST102831,53,male,salaried,8.5,64900,741,6,83,1,0,1,1900.0,0.239,0.297,382300.0,224700.0,417200,24,business,1,1,1,1,1,1
CUST102832,29,male,contract,10.0,34500,686,4,68,4,0,0,12600.0,0.258,0.463,158400.0,34900.0,161800,48,vehicle,1,1,1,1,0,0
CUST102833,21,female,salaried,2.4,83200,621,3,32,1,0,0,22600.0,0.16,0.344,197400.0,108600.0,287700,48,vehicle,1,1,1,1,0,0
CUST102834,41,female,salaried,1.4,23900,639,1,19,1,0,1,4200.0,0.46,0.216,116800.0,104200.0,34300,36,consumer,1,1,1,1,1,0
CUST102835,35,male,salaried,14.1,94700,708,3,41,1,0,0,31700.0,0.586,0.373,436600.0,93900.0,131900,36,consumer,1,1,1,1,0,1
CUST102836,36,female,salaried,12.0,49100,795,3,48,0,0,0,14000.0,0.247,0.444,84300.0,42000.0,93800,12,vehicle,1,1,1,1,0,1
CUST102837,61,female,salaried,16.1,43200,643,5,91,9,1,2,200.0,0.653,0.194,74700.0,18700.0,294100,36,education,1,1,1,1,0,0
CUST102838,59,female,self_employed,6.7,83500,700,3,32,1,0,2,24500.0,0.463,0.341,286700.0,203300.0,236800,60,personal,1,1,1,1,1,1
CUST102839,56,male,salaried,4.6,84700,663,2,21,1,0,1,14400.0,0.55,0.447,500300.0,406600.0,282000,12,business,1,0,1,1,0,0
CUST102840,23,female,salaried,13.4,100500,822,3,68,1,0,0,23000.0,0.228,0.268,607800.0,195900.0,94300,24,education,1,1,1,1,1,1
CUST102841,30,male,salaried,6.0,46000,627,1,9,2,0,1,13900.0,0.537,0.391,192200.0,168700.0,147800,36,home,1,1,1,1,1,0
CUST102842,23,female,self_employed,6.5,41200,646,3,61,2,0,0,7800.0,0.307,0.333,277500.0,131400.0,213600,36,medical,0,1,1,1,0,0
CUST102843,33,female,self_employed,2.8,31600,709,5,59,1,0,0,12200.0,0.727,0.538,101900.0,53000.0,172800,36,vehicle,1,1,1,1,0,0
CUST102844,42,female,salaried,6.4,48700,638,2,37,5,0,0,1800.0,0.208,0.218,50100.0,35900.0,211700,24,home,1,1,1,1,0,0
CUST102845,34,female,contract,2.1,67100,609,3,67,5,0,1,9800.0,0.358,0.716,408300.0,218600.0,229500,6,business,1,1,1,1,0,0
CUST102846,52,female,business,1.6,34000,663,0,0,0,0,2,9000.0,0.347,0.297,126300.0,103500.0,20000,18,personal,1,1,1,1,1,0
CUST102847,25,male,salaried,10.9,69700,844,2,46,0,0,0,19100.0,0.313,0.64,291400.0,203500.0,458600,18,business,1,1,1,1,1,1
CUST102848,60,male,salaried,4.0,66200,692,0,0,0,0,1,3700.0,0.143,0.085,137400.0,102400.0,70200,36,business,1,1,1,1,1,0
CUST102849,26,male,self_employed,24.5,91800,777,2,37,1,0,2,26700.0,0.567,0.346,421400.0,324600.0,121800,24,vehicle,1,1,1,1,0,1
CUST102850,43,female,contract,7.8,65900,685,3,51,0,0,1,14500.0,0.334,0.304,389700.0,203600.0,265800,48,medical,1,1,1,1,1,0
CUST102851,47,male,salaried,5.8,38800,723,5,113,2,0,2,8500.0,0.491,0.333,96200.0,36400.0,211400,48,personal,1,1,1,1,1,1
CUST102852,64,female,salaried,6.2,36800,716,0,0,0,0,2,5700.0,0.648,0.23,166200.0,56400.0,99500,36,personal,1,1,1,1,0,0
CUST102853,21,male,salaried,9.1,84100,664,0,0,0,0,0,21500.0,0.292,0.271,469400.0,221000.0,63400,48,education,1,0,1,1,0,0
CUST102854,51,female,salaried,4.6,34200,632,2,38,4,0,0,14100.0,0.392,0.48,172000.0,60800.0,55600,24,personal,1,1,1,1,0,0
CUST102855,59,male,contract,15.9,52700,689,4,77,7,0,0,12600.0,0.241,0.33,87000.0,27000.0,287000,60,personal,1,0,1,1,0,1
CUST102856,63,male,salaried,3.3,51900,669,1,22,1,0,2,6800.0,0.61,0.255,220600.0,133200.0,154100,24,business,1,1,1,1,1,0
CUST102857,56,female,self_employed,2.3,41400,585,3,47,7,0,1,11000.0,0.548,0.426,127900.0,112600.0,238900,36,consumer,1,1,1,1,1,0
CUST102858,59,male,salaried,3.1,49600,660,0,0,0,0,2,4100.0,0.246,0.147,222600.0,96800.0,192100,60,vehicle,1,1,1,1,1,0
CUST102859,21,male,business,9.8,87800,756,4,45,3,0,1,25200.0,0.078,0.556,467500.0,335900.0,566100,24,business,1,1,1,1,1,1
CUST102860,61,female,self_employed,3.4,100900,714,3,35,1,0,0,7000.0,0.263,0.159,320400.0,91900.0,163500,18,education,1,1,1,1,0,1
CUST102861,35,female,business,6.5,157600,773,2,22,0,0,2,13600.0,0.44,0.144,622600.0,344600.0,325000,36,consumer,1,1,1,1,1,1
CUST102862,22,male,salaried,9.1,69600,656,1,16,3,0,2,20400.0,0.148,0.453,463600.0,175000.0,401000,36,consumer,1,1,1,1,0,0
CUST102863,21,male,salaried,20.1,74000,743,4,40,8,0,2,15500.0,0.128,0.309,469700.0,232500.0,442000,60,home_improvement,1,1,1,1,1,1
CUST102864,60,female,contract,11.1,60100,794,7,158,3,0,1,18100.0,0.53,0.379,273300.0,137900.0,168900,36,vehicle,1,1,1,1,0,1
CUST102865,38,male,salaried,9.0,17500,576,2,40,4,0,0,4200.0,0.18,0.41,71600.0,16300.0,71600,24,home_improvement,1,1,1,1,0,0
CUST102866,50,male,salaried,5.0,41600,685,4,38,2,0,0,10800.0,0.33,0.306,164200.0,140400.0,91700,48,education,1,1,1,1,1,1
CUST102867,45,female,contract,21.2,27800,685,1,10,0,0,1,5600.0,0.536,0.362,141400.0,115100.0,160200,36,vehicle,1,1,1,1,0,0
CUST102868,27,female,salaried,5.2,139200,721,1,12,2,0,5,28700.0,0.938,0.54,629500.0,519000.0,837400,18,medical,1,1,1,1,1,0
CUST102869,62,male,business,8.2,45200,643,0,0,0,0,1,10400.0,0.161,0.413,139800.0,107300.0,99100,12,home_improvement,1,1,1,1,1,0
CUST102870,24,male,salaried,11.6,48600,744,5,64,1,0,3,13700.0,0.8,0.4,269100.0,110100.0,345700,60,vehicle,1,1,1,1,0,0
CUST102871,23,male,salaried,3.4,91500,760,3,39,0,0,2,31000.0,0.817,0.401,253200.0,139600.0,410800,72,vehicle,1,1,1,1,1,1
CUST102872,26,female,salaried,3.0,43000,660,7,103,9,0,2,3600.0,0.399,0.139,299200.0,229800.0,56600,24,business,1,1,1,1,1,0
CUST102873,40,male,salaried,1.6,87100,741,3,57,3,0,2,17200.0,0.329,0.304,530700.0,270400.0,167300,18,home_improvement,1,1,1,1,0,1
CUST102874,43,male,salaried,0.8,50600,618,3,40,8,0,4,11800.0,0.732,0.382,71300.0,40100.0,180100,24,consumer,1,1,1,1,0,0
CUST102875,55,male,self_employed,4.0,73700,714,4,61,3,0,0,24900.0,0.196,0.516,152200.0,123200.0,314400,24,business,1,1,1,1,1,1
CUST102876,24,male,salaried,6.3,65400,660,4,41,3,0,0,15800.0,0.072,0.786,98500.0,30300.0,426900,12,vehicle,1,1,0,1,1,0
CUST102877,65,female,self_employed,8.7,74600,638,2,38,2,0,0,26000.0,0.459,0.365,460700.0,275600.0,45300,36,vehicle,1,1,1,1,1,0
CUST102878,39,female,self_employed,5.5,59800,619,1,23,1,0,2,23000.0,0.183,0.546,265900.0,231700.0,232100,24,business,1,1,1,1,1,0
CUST102879,61,male,contract,1.8,44800,695,6,86,4,0,3,12900.0,0.565,0.508,135900.0,36300.0,354200,36,business,1,1,1,1,0,0
CUST102880,28,female,salaried,2.1,53500,728,0,0,0,0,4,14700.0,0.237,0.445,282100.0,109600.0,327400,36,education,0,1,1,1,1,0
CUST102881,37,female,self_employed,2.0,17500,596,3,55,5,0,2,3500.0,0.168,0.36,52500.0,12600.0,134100,48,medical,1,1,1,1,1,0
CUST102882,22,male,self_employed,5.2,76600,704,1,21,3,0,3,5900.0,0.859,0.209,378600.0,191900.0,363700,36,vehicle,1,1,1,1,1,0
CUST102883,41,male,salaried,13.2,61000,743,3,51,0,0,1,12700.0,0.224,0.417,399500.0,153500.0,305900,24,personal,0,1,1,1,0,1
CUST102884,25,male,self_employed,4.8,49400,667,2,19,3,0,1,6000.0,0.345,0.21,322800.0,169800.0,156900,36,personal,1,1,1,1,1,0
CUST102885,40,male,salaried,1.9,86600,680,1,11,0,0,1,32300.0,0.255,0.539,204000.0,47700.0,518500,36,personal,1,1,0,1,1,1
CUST102886,24,male,salaried,2.2,96500,710,2,23,1,0,1,30600.0,0.181,0.374,296300.0,107900.0,332300,60,business,1,1,1,1,1,1
CUST102887,41,male,salaried,12.6,94700,677,5,113,7,0,0,28200.0,0.265,0.423,177400.0,102000.0,426200,36,personal,1,1,0,1,0,1
CUST102888,61,female,business,3.8,101100,732,2,19,1,0,4,17700.0,0.5,0.288,358100.0,280300.0,548900,48,consumer,1,1,1,1,1,1
CUST102889,21,male,self_employed,2.8,64500,678,0,0,0,0,2,24300.0,0.536,0.62,111700.0,99100.0,376800,24,personal,1,1,1,1,0,0
CUST102890,50,female,contract,11.8,90000,678,2,21,3,0,0,28900.0,0.253,0.394,305600.0,197500.0,157300,24,consumer,1,1,1,1,0,1
CUST102891,45,female,salaried,5.2,56800,671,1,22,1,0,2,14500.0,0.239,0.323,198500.0,104800.0,185800,48,consumer,1,1,1,1,1,0
CUST102892,49,female,salaried,21.0,72000,724,4,48,4,0,0,18600.0,0.166,0.372,230100.0,155900.0,295500,36,vehicle,1,1,1,1,1,1
CUST102893,26,female,salaried,4.1,120300,671,2,42,6,0,1,17100.0,0.202,0.2,465600.0,345100.0,252100,36,business,1,1,1,1,1,1
CUST102894,65,male,salaried,6.8,44300,697,5,85,5,0,3,5100.0,0.465,0.674,185500.0,72300.0,297100,12,home_improvement,1,1,1,1,0,0
CUST102895,53,male,salaried,2.3,82100,776,0,0,0,0,1,13800.0,0.204,0.242,420900.0,188400.0,293000,48,home,1,1,1,1,1,1
CUST102896,46,male,salaried,10.5,48200,778,2,26,0,0,0,0.0,0.249,0.028,217300.0,145300.0,80700,60,consumer,1,1,1,1,1,1
CUST102897,28,female,salaried,,183500,774,3,63,0,0,1,50600.0,0.504,0.524,758100.0,603200.0,820000,18,personal,1,1,1,1,1,1
CUST102898,62,female,salaried,3.5,43900,795,1,23,0,0,0,6900.0,0.066,0.508,96100.0,62800.0,369300,24,personal,1,1,1,1,1,1
CUST102899,31,male,salaried,3.9,43900,698,2,26,0,0,1,11800.0,0.518,0.293,89100.0,71500.0,64200,60,vehicle,1,1,1,1,1,0
CUST102900,50,male,salaried,2.7,70900,667,4,80,8,0,1,2700.0,0.334,0.358,132500.0,36800.0,408900,18,vehicle,1,1,1,1,0,0
CUST102901,29,male,self_employed,12.0,17300,792,3,42,0,0,2,6800.0,0.186,0.642,31200.0,17900.0,103200,24,personal,1,0,1,1,1,0
CUST102902,41,female,business,10.3,79200,649,1,23,0,0,2,10400.0,0.474,0.604,239800.0,212800.0,449500,12,personal,1,1,1,1,0,0
CUST102903,22,female,salaried,8.9,35600,599,4,54,6,0,2,5600.0,0.145,0.301,161500.0,91700.0,183700,36,vehicle,1,1,1,1,1,0
CUST102904,52,female,salaried,6.2,82700,689,2,28,0,0,0,15800.0,0.039,0.988,147400.0,46600.0,395200,6,education,1,1,1,1,1,0
CUST102905,58,male,contract,7.0,76100,664,3,57,9,0,2,25400.0,0.086,0.484,225900.0,49500.0,273900,24,consumer,1,1,1,1,1,0
CUST102906,40,male,business,1.5,46800,696,2,39,1,0,3,10900.0,0.389,0.381,62700.0,44500.0,249800,36,home,1,1,1,1,1,0
CUST102907,57,male,contract,5.0,45100,721,4,68,4,0,1,11700.0,0.213,0.411,184600.0,108500.0,164600,24,education,1,0,1,1,0,0
CUST102908,29,female,contract,8.3,80300,718,5,96,9,0,2,24800.0,0.409,0.444,86200.0,69400.0,522600,48,home,1,1,1,1,1,1
CUST102909,23,male,salaried,6.9,69800,735,0,0,0,0,2,3100.0,0.23,0.228,274600.0,122400.0,230300,18,medical,1,1,1,1,0,0
CUST102910,23,male,contract,18.3,75700,674,8,160,8,0,2,17500.0,0.249,0.319,32300.0,9800.0,239100,36,education,1,1,1,1,0,1
CUST102911,22,female,salaried,3.3,44700,757,5,79,1,0,2,11300.0,0.141,1.242,151900.0,84500.0,265200,6,personal,1,1,1,1,1,0
CUST102912,62,male,self_employed,21.6,36500,742,2,47,1,0,0,5700.0,0.339,0.689,138700.0,106800.0,233500,12,vehicle,1,1,1,1,1,1
CUST102913,45,female,salaried,3.8,42200,784,2,29,1,0,2,5600.0,0.49,0.146,30000.0,10500.0,27000,48,education,1,1,1,1,1,1
CUST102914,37,female,salaried,7.8,92700,707,4,57,3,0,2,33800.0,0.391,0.499,68600.0,25800.0,447500,36,medical,1,1,1,1,1,1
CUST102915,32,male,salaried,13.1,68200,733,4,44,0,0,0,28600.0,0.492,0.842,122700.0,28000.0,346100,12,home,1,1,1,1,1,1
CUST102916,58,male,self_employed,5.9,86300,669,0,0,0,0,0,18000.0,0.269,0.317,432500.0,258900.0,561800,60,business,1,1,1,1,0,0
CUST102917,41,male,salaried,6.9,79400,699,4,50,2,0,0,19400.0,0.105,0.296,402100.0,349600.0,247900,60,vehicle,1,1,1,1,0,1
CUST102918,40,male,salaried,6.1,49200,640,5,61,4,0,2,5400.0,0.496,0.159,48500.0,37100.0,86500,36,vehicle,1,1,1,1,1,0
CUST102919,33,male,contract,15.0,66600,753,1,23,0,0,0,12900.0,0.194,0.326,232000.0,143400.0,316300,36,personal,1,1,1,1,0,1
CUST102920,24,female,business,16.0,63600,725,2,26,0,0,0,14700.0,0.238,0.324,242700.0,72500.0,141100,24,home,1,1,1,1,0,1
CUST102921,47,female,salaried,10.0,78600,735,2,46,2,0,4,6800.0,0.572,0.576,453200.0,330700.0,461800,12,education,1,1,1,1,1,0
CUST102922,46,female,contract,9.1,43500,728,5,96,4,0,2,14600.0,0.249,0.484,72600.0,31900.0,155200,24,personal,1,1,1,1,1,1
CUST102923,57,female,salaried,8.5,101800,729,2,32,2,0,2,26200.0,0.321,0.319,322800.0,79400.0,450700,72,consumer,1,1,1,1,1,1
CUST102924,24,female,salaried,1.5,60000,594,2,37,3,0,0,19600.0,0.491,0.646,205000.0,170400.0,345000,18,business,1,1,1,1,1,0
CUST102925,60,male,business,8.3,112900,697,3,36,6,0,4,6500.0,0.594,0.177,759000.0,357300.0,484500,36,home_improvement,1,1,1,1,1,0
CUST102926,53,male,salaried,0.3,81100,712,3,44,4,0,2,5000.0,0.335,0.243,172400.0,42400.0,528600,36,education,1,1,1,1,1,0
CUST102927,53,male,contract,11.9,63900,714,2,37,3,0,3,7800.0,0.247,0.271,234200.0,200100.0,458000,48,personal,1,1,1,1,1,1
CUST102928,38,female,self_employed,4.5,84900,682,6,112,8,0,1,7900.0,0.34,0.177,477800.0,376300.0,426300,60,business,1,1,1,1,1,1
CUST102929,41,male,salaried,9.5,270200,785,2,46,0,0,0,80200.0,0.312,0.412,1125600.0,920000.0,1500000,48,business,1,1,1,1,0,1
CUST102930,56,male,business,6.7,150500,657,2,34,4,0,1,30800.0,0.431,0.534,951100.0,516400.0,297300,6,education,1,1,1,1,1,0
CUST102931,37,female,contract,7.6,85700,713,4,37,3,0,3,25400.0,0.456,0.361,210100.0,126600.0,200800,36,medical,1,1,0,1,1,1
CUST102932,25,male,salaried,6.6,50700,632,1,18,2,0,1,11500.0,0.071,0.568,46700.0,10500.0,207600,12,home_improvement,1,1,1,1,1,0
CUST102933,35,male,self_employed,11.0,56700,635,2,43,3,0,1,6600.0,0.087,0.283,204700.0,110600.0,339900,36,business,1,1,0,1,1,0
CUST102934,22,male,salaried,13.7,57800,701,2,21,1,0,2,13000.0,0.569,1.3,210200.0,182200.0,372900,6,education,1,1,1,1,0,0
CUST102935,28,female,salaried,6.9,70900,600,3,36,6,0,1,11500.0,0.558,0.356,279400.0,158700.0,495800,36,education,1,1,1,1,0,0
CUST102936,26,male,salaried,12.7,28300,659,5,62,8,0,2,700.0,0.507,0.109,66300.0,34400.0,113900,48,vehicle,1,1,1,1,0,0
CUST102937,55,female,self_employed,13.0,63800,685,3,51,3,0,2,13700.0,0.505,0.275,200100.0,129200.0,138500,36,personal,1,1,1,1,0,1
CUST102938,63,female,salaried,9.6,76200,653,2,17,3,0,1,14500.0,0.212,0.305,50200.0,42000.0,314100,36,vehicle,1,1,1,1,1,0
CUST102939,36,female,salaried,7.5,53600,649,2,38,8,0,1,24000.0,0.474,0.614,224200.0,72600.0,428300,48,business,1,1,1,1,1,0
CUST102940,33,female,salaried,5.2,105900,656,1,23,1,0,0,30000.0,0.027,0.388,199600.0,63900.0,668500,60,personal,1,1,1,1,1,1
CUST102941,55,male,salaried,16.2,38800,735,1,12,0,0,0,16900.0,0.19,0.559,60100.0,25600.0,115300,24,personal,1,1,1,1,1,1
CUST102942,47,female,salaried,13.8,25600,656,1,21,0,0,1,7100.0,0.334,0.424,97000.0,22600.0,135400,36,personal,1,1,1,1,0,0
CUST102943,37,female,salaried,7.0,72200,708,2,20,0,0,2,20000.0,0.167,0.355,231500.0,205900.0,407300,72,consumer,1,1,1,1,0,1
CUST102944,38,female,salaried,2.5,42700,718,0,0,0,0,1,900.0,0.286,0.226,134600.0,38700.0,105000,12,consumer,1,1,0,1,1,0
CUST102945,64,male,salaried,1.9,179800,754,4,46,2,0,1,26500.0,0.484,0.313,1089600.0,851300.0,1072100,36,vehicle,1,1,1,1,1,1
CUST102946,30,male,contract,9.3,64700,668,2,29,1,0,4,13400.0,0.47,0.238,112000.0,58600.0,36000,18,home,1,1,1,1,0,0
CUST102947,43,female,salaried,7.9,47600,684,5,81,4,0,2,11600.0,0.356,0.81,67100.0,37000.0,323700,12,personal,1,1,1,1,0,0
CUST102948,28,male,self_employed,8.4,112300,717,2,30,2,0,0,17900.0,0.228,0.191,99700.0,73000.0,210900,60,home_improvement,1,1,1,1,0,1
CUST102949,50,male,salaried,3.4,56400,658,4,63,5,0,0,5400.0,0.511,0.227,237400.0,163100.0,356100,48,personal,1,1,1,1,0,0
CUST102950,47,male,salaried,8.3,64500,607,2,41,3,0,2,7000.0,0.369,0.301,83700.0,67700.0,445800,36,medical,1,1,1,1,0,0
CUST102951,31,male,salaried,12.6,38100,782,3,60,0,0,2,8300.0,0.57,0.412,142000.0,120000.0,177100,24,vehicle,1,1,1,1,1,1
CUST102952,41,male,self_employed,2.4,35400,662,1,17,1,0,2,6300.0,0.296,0.334,244500.0,207800.0,264800,48,education,1,1,1,1,1,0
CUST102953,24,male,salaried,15.6,58100,710,3,54,3,0,2,3200.0,0.582,0.14,111700.0,33300.0,118000,24,personal,1,1,1,0,1,1
CUST102954,64,female,salaried,7.3,74200,763,2,34,0,0,2,13300.0,0.579,0.352,183100.0,79000.0,307700,24,home,1,1,1,1,1,1
CUST102955,58,male,salaried,11.6,65900,727,2,48,0,0,2,16800.0,0.634,0.438,186200.0,105700.0,289700,24,home_improvement,1,1,1,1,0,1
CUST102956,58,male,contract,7.0,61500,714,2,40,2,0,2,11900.0,0.662,0.429,216900.0,105000.0,260300,18,personal,1,1,1,1,0,1
CUST102957,35,female,salaried,7.3,77400,778,2,36,0,0,0,14400.0,0.443,0.266,190500.0,47900.0,221400,36,consumer,1,1,1,1,0,1
CUST102958,57,male,contract,5.9,55800,613,5,52,8,0,2,10100.0,0.685,0.254,413400.0,262400.0,146400,36,vehicle,1,1,1,1,0,0
CUST102959,33,male,salaried,7.9,66800,739,5,74,1,0,0,17000.0,0.461,0.324,66900.0,32900.0,280100,60,vehicle,1,1,1,1,1,1
CUST102960,23,male,salaried,7.2,51500,716,1,13,0,0,2,7600.0,0.824,0.237,129400.0,37200.0,277100,60,consumer,1,1,1,1,1,1
CUST102961,28,female,salaried,4.8,97700,754,4,45,3,0,2,32200.0,0.397,0.431,327000.0,217700.0,594800,60,home,1,1,1,1,1,1
CUST102962,41,male,salaried,13.0,105500,718,5,101,4,0,0,17000.0,0.235,0.271,264600.0,217200.0,417900,36,consumer,1,1,1,1,1,1
CUST102963,44,female,salaried,10.4,50900,686,2,30,2,0,0,9600.0,0.183,0.508,38500.0,22800.0,293000,18,personal,1,1,1,0,1,1
CUST102964,21,male,self_employed,5.3,65200,690,1,20,2,0,2,22100.0,0.691,0.498,448100.0,275700.0,124300,12,vehicle,1,0,1,1,1,0
CUST102965,62,male,self_employed,19.9,35300,776,5,64,1,0,1,15300.0,0.834,0.47,123500.0,51400.0,62700,48,personal,1,1,1,1,1,1
CUST102966,59,female,salaried,11.7,45900,737,3,63,3,0,1,4000.0,0.573,0.339,236400.0,141700.0,277800,24,education,1,1,1,1,0,1
CUST102967,39,male,salaried,9.2,48200,656,2,40,2,0,2,5600.0,0.737,0.499,133100.0,55800.0,221200,12,business,1,1,1,1,0,0
CUST102968,32,male,salaried,0.9,84000,756,3,39,0,0,1,18600.0,0.831,0.31,406700.0,151600.0,178500,24,consumer,1,1,1,1,1,1
CUST102969,48,female,contract,9.2,37400,695,2,21,3,0,0,8000.0,0.242,0.318,48700.0,37700.0,139500,36,home,1,1,1,1,1,1
CUST102970,40,male,salaried,4.2,232000,763,6,83,1,0,0,68900.0,0.179,0.411,730100.0,218000.0,632800,24,consumer,1,1,1,1,1,1
CUST102971,49,male,contract,6.5,56700,788,4,72,0,0,4,10200.0,0.633,0.324,90200.0,47000.0,146900,18,consumer,1,1,1,1,0,1
CUST102972,31,female,salaried,3.5,46200,684,5,70,5,0,1,9700.0,0.233,0.25,222400.0,91200.0,111300,60,vehicle,1,1,1,1,1,0
CUST102973,32,male,business,6.0,57800,706,0,0,0,0,1,12700.0,0.246,0.31,370000.0,153100.0,314000,60,education,1,1,1,1,1,0
CUST102974,24,male,salaried,8.0,56200,744,4,85,3,0,0,10500.0,0.213,0.252,214700.0,54700.0,218200,60,business,1,1,1,1,1,1
CUST102975,48,male,self_employed,2.3,46300,694,2,45,1,0,1,14500.0,0.18,0.431,123200.0,78500.0,131200,24,consumer,1,1,1,1,1,1
CUST102976,64,male,self_employed,10.2,47100,752,2,31,1,0,2,13000.0,0.373,0.33,306300.0,190800.0,121800,48,business,1,1,1,1,0,1
CUST102977,61,female,business,6.3,49000,698,1,10,0,0,3,11400.0,0.686,0.395,201900.0,45200.0,286200,36,home,1,1,0,1,1,0
CUST102978,46,male,salaried,1.9,105700,711,0,0,0,0,4,8000.0,0.459,0.212,578100.0,415000.0,346300,24,business,1,1,1,1,0,0
CUST102979,27,male,salaried,11.7,87600,662,1,18,1,0,1,32500.0,0.511,0.422,540800.0,309300.0,161900,36,vehicle,1,1,1,1,0,0
CUST102980,41,male,self_employed,2.5,90200,714,1,13,0,0,1,38500.0,0.219,0.529,316400.0,223400.0,331000,36,personal,1,1,1,1,1,1
CUST102981,40,male,salaried,14.9,35600,782,3,55,5,0,2,7000.0,0.611,0.364,229900.0,125500.0,214700,36,business,0,1,1,1,0,1
CUST102982,55,male,salaried,2.8,101500,682,3,44,1,0,2,21100.0,0.265,0.576,393500.0,310300.0,448300,12,personal,1,1,1,1,0,0
CUST102983,33,female,salaried,9.6,44700,724,5,59,1,0,0,15500.0,0.161,0.533,179100.0,158800.0,300300,36,education,1,1,1,1,0,1
CUST102984,43,female,self_employed,3.5,27300,671,2,36,4,0,1,5400.0,0.239,0.239,178100.0,60900.0,40600,36,business,1,1,1,1,1,0
CUST102985,43,female,salaried,13.9,56500,653,3,32,1,0,1,3800.0,0.234,0.24,236200.0,136400.0,351900,36,personal,1,1,0,1,0,1
CUST102986,59,female,contract,7.1,112400,673,2,37,1,0,2,25400.0,0.707,0.524,692200.0,408500.0,603200,18,personal,1,1,1,1,1,0
CUST102987,63,male,contract,7.7,63000,693,2,32,2,0,0,20900.0,0.11,0.434,45800.0,36100.0,232300,36,consumer,1,1,1,1,1,1
CUST102988,57,female,salaried,5.8,45900,696,2,22,2,0,0,6400.0,0.17,0.18,165500.0,59700.0,90300,48,consumer,1,1,1,1,1,1
CUST102989,34,male,business,5.4,80800,664,4,90,6,0,0,10700.0,0.335,0.147,115500.0,77500.0,41900,36,personal,1,1,1,1,0,1
CUST102990,22,female,business,5.1,67300,712,4,51,1,0,2,6000.0,0.105,0.231,369100.0,298200.0,228600,24,personal,1,1,1,1,1,1
CUST102991,48,male,salaried,7.0,73500,727,4,89,7,0,0,8300.0,0.181,0.207,358600.0,146100.0,330600,48,medical,1,1,1,1,0,1
CUST102992,43,female,salaried,16.9,102600,736,5,92,3,0,2,24000.0,0.485,0.303,484300.0,252800.0,507000,72,vehicle,1,1,1,1,1,1
CUST102993,63,male,business,10.1,38400,709,3,64,2,0,3,7300.0,0.154,0.221,218200.0,170100.0,42900,36,consumer,1,1,1,1,0,1
CUST102994,22,female,self_employed,13.5,53300,659,3,41,1,0,0,17200.0,0.611,0.465,394800.0,236000.0,272100,36,business,1,1,1,1,1,0
CUST102995,49,female,salaried,5.6,140100,786,6,88,2,1,2,10700.0,0.354,0.117,383200.0,244600.0,414200,72,business,1,1,1,1,0,1
CUST102996,38,male,salaried,13.8,94300,760,4,95,1,0,1,35200.0,0.319,0.449,342700.0,168600.0,255800,36,education,1,1,1,1,0,1
CUST102997,44,female,self_employed,6.4,63000,635,1,14,3,0,1,19000.0,0.081,0.42,202800.0,156900.0,447200,60,personal,1,1,1,1,1,0
CUST102998,37,male,self_employed,7.3,29400,756,5,103,2,0,0,6800.0,0.099,0.428,190000.0,169800.0,208400,36,business,1,1,1,1,1,1
CUST102999,24,male,contract,6.4,99400,710,5,98,7,0,1,14400.0,0.371,0.315,339600.0,126700.0,405900,24,home_improvement,1,1,1,1,0,1
CUST103000,56,male,business,3.8,73600,581,1,18,3,0,0,13400.0,0.189,0.356,355700.0,171100.0,461000,36,personal,1,1,1,1,1,0
CUST103001,21,female,salaried,16.7,25100,717,2,36,2,0,1,4100.0,0.401,0.194,158700.0,136900.0,54700,72,personal,1,1,1,1,1,1
CUST103002,31,female,business,9.9,96300,673,5,45,5,0,1,15300.0,0.25,0.214,435100.0,301300.0,256400,48,consumer,1,1,1,1,0,1
CUST103003,52,male,self_employed,1.5,34400,662,3,41,1,0,0,8400.0,0.226,1.255,244100.0,89700.0,208700,6,business,1,1,1,1,1,0
CUST103004,47,male,salaried,3.4,48700,676,3,65,4,0,1,7800.0,0.808,0.794,58500.0,24500.0,370200,12,education,1,1,1,1,0,0
CUST103005,46,male,salaried,10.0,117000,722,2,28,0,0,1,16800.0,0.288,0.195,752000.0,609500.0,217800,36,vehicle,1,1,1,1,1,1
CUST103006,41,female,self_employed,8.7,54200,755,5,119,1,0,2,1000.0,0.138,0.03,97900.0,83600.0,36600,60,vehicle,1,1,1,1,1,1
CUST103007,38,male,self_employed,10.5,62000,716,2,41,1,0,1,11800.0,0.266,0.227,320400.0,267800.0,108700,48,personal,1,1,1,1,0,1
CUST103008,58,female,salaried,4.1,66000,637,2,44,4,0,4,18400.0,0.274,0.363,274100.0,87600.0,267600,48,consumer,1,1,1,1,0,0
CUST103009,47,male,self_employed,3.4,99500,785,3,45,0,0,0,20000.0,0.245,0.288,447700.0,322200.0,415000,48,home,1,1,1,1,0,1
CUST103010,57,female,business,11.0,72300,725,3,41,1,0,3,25000.0,0.64,0.519,281100.0,142000.0,450600,36,vehicle,1,1,1,1,1,1
CUST103011,41,female,salaried,10.8,88500,739,3,57,0,0,1,30900.0,0.159,0.471,198800.0,164700.0,259000,24,home,1,1,1,1,0,1
CUST103012,23,male,business,11.9,154600,708,0,0,0,0,2,37700.0,0.77,0.523,869700.0,476600.0,518000,12,consumer,1,1,1,1,1,0
CUST103013,47,male,salaried,5.9,63000,682,3,61,5,0,1,12400.0,0.329,0.434,80300.0,29700.0,358000,24,personal,1,1,1,1,0,0
CUST103014,56,male,business,16.6,110000,765,7,69,1,0,1,29600.0,0.172,0.421,372400.0,144300.0,804500,48,medical,1,1,1,1,1,1
CUST103015,51,female,business,7.1,47700,716,2,27,1,0,2,10200.0,0.426,0.415,204300.0,135900.0,230100,24,home_improvement,1,1,1,0,1,1
CUST103016,27,male,self_employed,19.4,54200,738,2,28,0,0,1,6500.0,0.413,0.255,246600.0,91900.0,175700,24,home,1,1,0,1,1,1
CUST103017,51,male,contract,6.0,57000,611,3,36,6,0,2,11900.0,0.314,0.349,332500.0,137800.0,287600,36,personal,1,0,1,1,1,0
CUST103018,50,male,business,14.3,28100,672,2,27,1,0,1,3100.0,0.062,0.223,89600.0,42500.0,113500,36,vehicle,1,1,1,1,0,1
CUST103019,23,female,salaried,5.5,162000,716,3,52,5,0,1,8800.0,0.269,0.118,177200.0,72900.0,371300,36,personal,1,1,1,1,1,1
CUST103020,23,male,salaried,14.7,54300,698,3,50,1,0,3,12500.0,0.299,0.311,23700.0,10400.0,263500,60,consumer,1,1,1,1,1,1
CUST103021,50,male,business,5.8,48000,762,6,137,1,0,1,2900.0,0.152,0.216,293700.0,106400.0,268100,36,home,1,1,1,1,1,1
CUST103022,24,male,self_employed,7.9,79900,724,4,56,0,0,2,25100.0,0.221,0.375,535900.0,134600.0,350300,72,business,1,1,1,1,1,1
CUST103023,63,female,salaried,5.2,90400,695,3,62,4,0,1,13300.0,0.269,0.306,477000.0,210800.0,518300,36,education,1,1,1,0,0,0
CUST103024,63,female,salaried,9.1,55400,657,2,33,1,0,2,9100.0,0.388,0.337,248200.0,79400.0,230200,24,vehicle,1,1,1,0,1,0
CUST103025,33,male,business,4.7,54100,720,3,41,1,0,0,7000.0,0.365,0.209,255200.0,109600.0,155700,36,vehicle,1,1,1,1,1,1
CUST103026,59,male,salaried,30.0,66300,774,3,72,0,0,2,21200.0,0.382,0.351,289900.0,235500.0,74200,36,business,1,1,1,1,0,1
CUST103027,30,male,self_employed,1.9,92300,727,1,12,1,0,1,16800.0,0.344,0.234,80300.0,53700.0,231800,48,medical,1,1,1,1,1,1
CUST103028,41,male,business,3.7,36500,679,5,79,11,0,1,4900.0,0.387,0.961,4400.0,1100.0,181100,6,home,1,1,1,1,1,0
CUST103029,25,female,salaried,7.6,47200,709,2,38,2,0,0,7600.0,0.552,0.339,237000.0,130600.0,202100,24,home_improvement,1,1,1,1,0,0
CUST103030,30,male,salaried,0.5,30100,601,5,94,16,4,1,2300.0,0.117,0.168,174100.0,110600.0,132000,48,home,1,1,1,1,0,0
CUST103031,53,male,self_employed,7.4,86800,637,1,11,3,0,1,11900.0,0.352,0.328,181500.0,108000.0,595100,36,home_improvement,1,1,1,1,1,0
CUST103032,31,male,salaried,14.1,63000,681,2,28,4,0,1,700.0,0.218,0.188,106500.0,54500.0,200700,18,vehicle,1,1,1,1,1,1
CUST103033,30,male,contract,10.1,58100,732,4,68,0,0,3,21100.0,0.423,0.545,276100.0,112300.0,381100,36,education,1,1,1,1,0,0
CUST103034,34,male,salaried,9.9,72100,715,5,96,9,0,2,15200.0,0.703,0.276,205300.0,52300.0,281400,60,vehicle,1,1,1,1,0,1
CUST103035,31,male,salaried,19.3,27500,692,0,0,0,0,0,8200.0,0.582,0.872,92200.0,64100.0,189500,12,personal,1,1,1,1,0,0
CUST103036,36,female,self_employed,2.9,58200,643,3,25,5,0,1,19500.0,0.349,0.362,146100.0,62400.0,37900,24,education,1,1,1,1,1,0
CUST103037,40,female,salaried,4.0,37100,560,1,21,3,1,2,8700.0,0.507,0.362,53800.0,15800.0,170100,36,education,1,1,1,1,1,0
CUST103038,24,female,salaried,3.8,112800,671,5,54,6,0,2,40600.0,0.31,0.884,723300.0,470600.0,354800,6,consumer,1,1,1,1,0,0
CUST103039,62,female,self_employed,4.2,227500,641,3,27,3,0,2,32600.0,0.618,0.204,1384000.0,1053400.0,661400,48,business,1,1,1,1,0,0
CUST103040,35,male,contract,13.5,44300,656,2,42,2,0,4,1900.0,0.223,0.406,202100.0,124900.0,193100,12,consumer,1,1,1,1,0,0
CUST103041,40,male,business,3.6,104300,699,5,105,5,0,1,10800.0,0.251,0.124,395200.0,316100.0,127900,60,consumer,1,1,1,1,0,1
CUST103042,23,male,self_employed,7.6,42200,698,2,35,3,0,2,8300.0,0.232,0.322,133500.0,94900.0,191000,36,vehicle,1,1,1,1,0,1
CUST103043,42,male,contract,2.3,131500,743,3,67,2,0,1,27700.0,0.438,0.334,779800.0,253100.0,390800,24,personal,1,1,1,1,0,1
CUST103044,23,female,salaried,15.4,129400,783,2,42,0,0,1,13200.0,0.208,0.185,924600.0,664300.0,386700,36,business,1,1,1,1,0,1
CUST103045,34,female,salaried,8.9,42700,693,1,19,1,0,2,12000.0,0.214,0.386,50300.0,11500.0,161800,36,education,1,1,1,1,0,0
CUST103046,60,male,salaried,9.1,103700,742,3,59,1,0,1,34700.0,0.147,0.711,560100.0,274400.0,703400,18,business,1,1,1,1,1,1
CUST103047,26,female,salaried,5.8,29500,699,7,67,3,0,0,4800.0,0.253,0.304,30500.0,8100.0,200400,48,home,1,1,1,1,0,0
CUST103048,51,female,self_employed,9.1,42900,704,3,62,4,0,3,11100.0,0.268,0.342,176800.0,84400.0,171700,48,home,1,1,1,1,0,0
CUST103049,54,male,salaried,4.8,44000,725,3,65,1,0,1,8800.0,0.28,0.323,169900.0,46600.0,194500,36,home_improvement,1,1,1,1,1,0
CUST103050,55,male,contract,7.0,114800,737,1,17,0,0,2,4900.0,0.155,0.381,194700.0,162200.0,232700,6,home,1,1,1,1,1,1
CUST103051,25,male,salaried,10.3,92500,659,0,0,0,0,0,11300.0,0.059,0.234,473900.0,390100.0,185700,18,consumer,1,1,1,1,1,1
CUST103052,51,female,salaried,6.0,56500,692,3,58,2,0,0,3100.0,0.27,0.096,33500.0,20800.0,84300,36,home,1,1,1,1,1,1
CUST103053,64,male,business,4.5,34100,726,5,97,3,0,1,7100.0,0.455,0.372,35000.0,15000.0,267700,48,home,1,1,1,1,0,0
CUST103054,35,male,salaried,4.8,69300,723,1,22,1,0,2,14100.0,0.145,0.333,411400.0,303800.0,431400,48,home_improvement,1,1,1,1,0,1
CUST103055,57,male,contract,6.0,43500,642,2,29,1,0,1,6300.0,0.151,0.244,135200.0,57400.0,155300,36,consumer,1,1,1,1,0,0
CUST103056,50,male,salaried,7.2,71300,735,4,40,0,0,1,16700.0,0.437,0.357,480000.0,326400.0,314000,36,personal,1,1,1,1,1,1
CUST103057,60,male,salaried,2.5,56100,653,4,58,6,0,2,12300.0,0.703,0.317,383000.0,146500.0,261900,48,education,1,1,0,1,0,0
CUST103058,60,male,business,2.1,51500,621,5,80,10,0,0,13100.0,0.034,0.368,201600.0,159000.0,139900,24,business,1,0,1,1,0,0
CUST103059,30,male,salaried,11.6,51200,760,2,35,1,0,0,14300.0,0.37,0.483,26200.0,8600.0,375100,36,personal,1,1,1,1,1,1
CUST103060,62,female,salaried,5.1,53200,629,1,18,3,0,1,8200.0,0.229,0.201,123100.0,82500.0,45200,18,personal,0,1,1,1,1,0
CUST103061,42,female,business,2.8,26400,678,2,35,1,0,2,9900.0,0.655,0.417,26500.0,6800.0,66200,60,medical,1,1,1,1,0,0
CUST103062,39,male,self_employed,5.6,81200,602,2,32,2,0,2,25600.0,0.697,0.399,51300.0,35700.0,163700,24,consumer,1,1,1,1,0,0
CUST103063,21,male,business,12.1,72300,714,4,43,1,0,1,14300.0,0.3,0.279,357800.0,190200.0,212400,36,home,1,1,1,1,0,1
CUST103064,60,male,salaried,1.9,140600,711,5,53,2,0,0,20400.0,0.259,0.298,352700.0,236800.0,775600,36,vehicle,1,1,1,1,1,1
CUST103065,22,female,salaried,17.0,47200,751,2,24,0,0,2,12100.0,0.614,0.407,272200.0,78100.0,255300,36,education,1,1,1,1,0,1
CUST103066,54,male,salaried,9.2,71000,748,3,33,0,0,1,16300.0,0.18,0.304,288200.0,178900.0,190800,36,home,1,1,1,1,1,1
CUST103067,63,male,self_employed,7.7,49300,673,3,38,1,0,1,14600.0,0.216,0.464,302700.0,222100.0,297800,36,home_improvement,1,1,1,1,0,0
CUST103068,30,male,salaried,8.2,39000,720,5,80,5,0,0,6500.0,0.265,0.355,207000.0,68300.0,263800,36,personal,1,1,1,1,1,1
CUST103069,21,male,self_employed,16.2,89100,699,3,30,0,0,3,24200.0,0.319,0.39,396200.0,327700.0,634900,60,personal,1,1,1,1,0,1
CUST103070,46,female,salaried,20.9,39400,715,3,45,0,0,2,4400.0,0.33,0.146,30700.0,17300.0,65500,48,business,1,1,1,1,0,1
CUST103071,61,male,self_employed,5.2,183400,697,2,21,1,0,1,18500.0,0.639,0.198,259600.0,221200.0,858100,48,vehicle,1,1,1,1,1,1
CUST103072,33,female,salaried,4.8,48900,677,3,31,2,0,1,9800.0,0.295,0.284,317800.0,99300.0,197000,48,medical,1,1,1,0,1,1
CUST103073,51,male,contract,5.8,47200,659,4,83,5,1,1,2100.0,0.244,0.122,135400.0,52300.0,176500,48,consumer,1,1,0,1,1,0
CUST103074,30,male,contract,8.1,65900,599,1,14,2,0,2,25800.0,0.266,0.475,144600.0,102200.0,331000,60,personal,1,1,1,1,1,0
CUST103075,36,female,salaried,7.7,62100,678,3,39,3,0,3,8000.0,0.224,0.188,294100.0,133800.0,220900,60,business,1,1,1,1,0,0
CUST103076,43,female,contract,5.4,193200,660,1,13,0,0,4,24000.0,0.288,0.166,518700.0,293400.0,291500,36,personal,1,1,1,1,0,1
CUST103077,42,female,self_employed,4.5,28500,652,3,45,0,0,1,5300.0,0.076,0.401,81000.0,19000.0,110500,18,consumer,1,1,1,1,1,0
CUST103078,49,male,salaried,10.3,70300,705,5,52,3,0,1,14600.0,0.611,0.378,311300.0,72000.0,215700,18,personal,1,1,1,1,1,1
CUST103079,25,female,salaried,4.0,34800,685,2,34,4,0,1,6500.0,0.341,0.334,75000.0,49200.0,307900,60,business,1,1,1,1,1,0
CUST103080,22,female,self_employed,2.6,30000,648,2,30,6,0,2,6300.0,0.218,0.267,229200.0,198500.0,122300,72,consumer,1,0,1,1,1,0
CUST103081,33,female,contract,3.4,218800,784,1,12,0,0,1,76200.0,0.322,0.449,1453600.0,1244000.0,795000,36,medical,1,1,1,1,1,1
CUST103082,34,female,salaried,7.2,66300,711,4,91,5,0,2,6000.0,0.688,0.413,289600.0,115700.0,385400,18,vehicle,1,1,0,1,0,0
CUST103083,54,male,self_employed,2.0,110900,626,2,29,5,0,0,27700.0,0.262,0.711,499400.0,435600.0,613500,12,education,1,1,1,1,0,0
CUST103084,38,female,salaried,8.6,170300,780,3,46,2,0,1,17500.0,0.749,0.168,1094200.0,349600.0,398400,36,vehicle,1,1,1,1,1,1
CUST103085,56,male,self_employed,20.1,36500,755,5,104,1,0,2,9600.0,0.287,0.317,48200.0,14300.0,71200,36,personal,1,1,1,1,1,1
CUST103086,31,male,contract,11.7,53300,726,3,65,1,0,3,1600.0,0.245,0.24,212700.0,52300.0,402300,36,consumer,1,1,1,0,1,1
CUST103087,21,male,salaried,4.5,113800,727,5,111,4,0,1,26500.0,0.278,0.311,713500.0,620700.0,318400,36,personal,1,1,1,1,0,1
CUST103088,53,male,business,16.5,41200,714,4,49,3,0,1,5500.0,0.775,0.209,41700.0,26600.0,112100,36,home_improvement,1,1,1,0,1,1
CUST103089,43,female,salaried,6.5,73900,796,2,29,1,0,2,13100.0,0.13,0.21,261300.0,148700.0,88000,36,personal,1,1,1,1,1,1
CUST103090,31,male,contract,3.5,52300,681,2,23,1,0,1,9500.0,0.245,0.247,23200.0,16200.0,122800,36,business,1,1,1,1,1,0
CUST103091,50,male,salaried,5.7,16300,668,3,62,7,0,3,5000.0,0.554,0.358,119900.0,37100.0,20000,24,personal,1,1,1,1,1,0
CUST103092,47,male,salaried,12.1,158100,718,2,22,0,0,1,51300.0,0.238,0.361,296000.0,127500.0,348100,60,consumer,1,1,1,1,1,1
CUST103093,39,female,business,3.3,63500,676,6,114,6,0,1,21500.0,0.392,0.385,460600.0,173600.0,106700,36,vehicle,1,1,1,1,1,1
CUST103094,58,male,salaried,1.4,56200,668,1,19,3,0,1,3100.0,0.163,0.48,374200.0,95500.0,286800,12,business,1,1,1,1,0,0
CUST103095,61,female,contract,6.8,89300,666,3,27,3,0,2,22100.0,0.537,0.399,71800.0,40000.0,325200,24,home_improvement,1,1,1,1,0,0
CUST103096,62,male,contract,7.8,77400,743,6,131,7,0,2,4600.0,0.344,0.137,247100.0,166000.0,359500,60,personal,1,1,1,1,1,1
CUST103097,35,male,salaried,11.9,61100,748,2,40,0,0,0,8600.0,0.423,0.184,68200.0,50900.0,94500,36,consumer,1,1,1,1,0,1
CUST103098,28,male,salaried,4.8,116300,650,3,43,5,0,1,15700.0,0.559,0.295,203700.0,112200.0,222800,12,personal,1,1,1,1,0,0
CUST103099,39,male,self_employed,30.0,190000,800,2,46,0,0,1,34000.0,0.199,0.252,1179700.0,963300.0,333600,24,personal,1,1,1,1,0,1
CUST103100,31,female,salaried,12.9,49200,673,2,36,4,0,2,17500.0,0.156,0.477,229300.0,159500.0,358100,60,vehicle,1,1,1,1,0,0
CUST103101,42,male,salaried,7.0,34100,786,2,32,0,0,1,6300.0,0.146,0.322,50500.0,28600.0,168300,36,personal,1,1,1,1,0,1
CUST103102,33,male,salaried,11.6,83900,741,3,48,3,0,1,28100.0,0.398,0.515,71600.0,41100.0,363300,24,personal,1,0,1,1,1,1
CUST103103,63,male,salaried,13.3,28700,695,3,35,1,0,0,5500.0,0.415,0.282,162800.0,60400.0,93600,36,education,1,1,0,1,0,0
CUST103104,36,female,salaried,1.5,68300,593,5,55,5,0,1,21100.0,0.19,0.395,85300.0,30500.0,281300,48,medical,1,1,0,1,1,0
CUST103105,43,male,business,10.5,54600,734,3,45,0,0,1,9700.0,0.349,0.231,337400.0,258500.0,139100,48,vehicle,1,1,1,1,0,1
CUST103106,33,female,business,30.0,48500,820,0,0,0,0,2,18100.0,0.615,0.495,265000.0,164000.0,284300,48,education,1,1,1,1,0,1
CUST103107,31,male,salaried,5.0,57100,714,4,63,1,0,2,20000.0,0.175,0.682,177300.0,111400.0,113600,6,consumer,1,1,1,1,1,0
CUST103108,52,female,salaried,1.6,31800,647,4,80,8,0,3,6000.0,0.429,0.466,85200.0,64500.0,211300,24,personal,1,1,1,1,1,0
CUST103109,37,male,salaried,5.3,23000,669,1,18,0,0,1,1900.0,0.336,0.211,82800.0,47000.0,106600,36,medical,1,1,1,1,1,0
CUST103110,42,male,salaried,3.2,80700,729,2,42,2,0,3,23300.0,0.344,0.371,242400.0,147700.0,318100,48,home,1,1,1,1,0,1
CUST103111,60,female,contract,8.4,43400,696,4,53,3,0,1,8800.0,0.309,0.272,141200.0,121200.0,144200,48,home,1,1,1,1,0,0
CUST103112,23,male,self_employed,5.9,78800,671,6,114,6,0,0,30100.0,0.282,0.451,223800.0,95300.0,196000,36,medical,1,1,1,1,1,1
CUST103113,28,male,salaried,6.7,116300,700,1,21,1,0,0,35600.0,0.381,0.388,613800.0,464900.0,458100,48,home,1,1,1,1,0,1
CUST103114,30,female,business,13.3,134600,727,1,23,0,0,3,41800.0,0.319,0.391,658000.0,192200.0,651500,60,business,1,1,1,1,1,1
CUST103115,28,male,salaried,1.7,177400,772,6,95,1,0,1,16800.0,0.418,0.213,944600.0,777300.0,757500,36,education,0,1,1,1,1,1
CUST103116,32,female,contract,7.0,57400,626,2,32,2,0,0,13300.0,0.289,0.4,393000.0,185700.0,116200,12,consumer,1,1,1,1,0,0
CUST103117,22,male,business,5.2,53400,656,1,13,1,0,1,10900.0,0.388,0.281,224400.0,157300.0,147700,36,consumer,1,1,1,1,1,0
CUST103118,55,female,salaried,5.3,58200,693,3,63,6,0,2,12300.0,0.235,0.287,139800.0,54400.0,105700,24,vehicle,1,1,1,1,0,0
CUST103119,50,male,self_employed,5.2,28400,687,0,0,0,0,1,7300.0,0.3,0.372,50300.0,24500.0,157300,48,business,1,1,1,1,0,0
CUST103120,26,female,salaried,3.6,49400,642,1,20,3,0,0,8900.0,0.144,0.678,190700.0,77500.0,147500,6,personal,1,1,1,1,1,0
CUST103121,56,female,salaried,8.2,62500,780,1,11,0,0,2,21700.0,0.469,0.473,345700.0,278600.0,282700,36,home,1,1,1,1,0,1
CUST103122,25,male,salaried,6.1,78400,715,3,39,3,0,3,8300.0,0.391,0.184,212200.0,162200.0,219200,36,consumer,1,1,1,1,0,0
CUST103123,29,male,self_employed,14.1,46700,789,4,64,0,0,3,16900.0,0.278,0.673,26500.0,23000.0,261400,18,education,1,1,1,1,0,1
CUST103124,49,male,self_employed,10.0,28100,681,0,0,0,0,0,9700.0,0.167,0.435,177800.0,102200.0,151800,60,home,1,1,1,1,0,0
CUST103125,57,male,self_employed,1.7,45100,682,5,49,1,0,1,8500.0,0.484,0.413,110000.0,24000.0,182200,18,vehicle,1,1,1,1,1,0
CUST103126,24,male,business,10.6,51500,653,1,10,0,0,2,15300.0,0.533,0.402,69300.0,59400.0,259800,48,personal,1,1,1,1,1,0
CUST103127,21,female,self_employed,0.3,27000,650,4,41,3,0,3,9200.0,0.385,0.436,120300.0,89600.0,123600,48,business,1,1,1,1,1,0
CUST103128,52,female,self_employed,14.6,67200,783,0,0,0,0,3,6100.0,0.464,0.458,106200.0,67600.0,443800,18,business,1,1,1,1,0,1
CUST103129,58,male,salaried,3.6,42700,717,3,65,1,0,1,4100.0,0.358,0.166,63600.0,31800.0,179000,60,business,1,1,1,1,1,1
CUST103130,29,male,salaried,4.1,88300,726,1,15,2,0,2,24200.0,0.456,0.341,279900.0,101600.0,283300,48,consumer,1,1,1,1,1,1
CUST103131,50,male,salaried,4.2,51200,693,3,55,2,0,1,5500.0,0.5,0.319,318800.0,269500.0,260000,24,personal,1,1,1,1,0,0
CUST103132,49,female,salaried,8.7,35900,677,3,34,2,0,2,14900.0,0.336,0.5,111800.0,34300.0,109800,36,personal,1,1,1,1,1,0
CUST103133,22,male,salaried,1.9,69200,679,5,95,5,0,0,27900.0,0.541,0.464,256100.0,123000.0,76300,18,education,1,0,1,1,1,0
CUST103134,36,male,salaried,2.4,25500,670,4,46,6,0,2,6500.0,0.768,0.527,131000.0,39800.0,83400,12,consumer,1,1,1,1,0,0
CUST103135,21,male,salaried,20.0,44200,765,3,61,2,0,3,11600.0,0.285,0.369,111000.0,53500.0,281300,60,personal,1,1,1,1,0,1
CUST103136,24,female,contract,5.1,72200,601,1,10,2,0,1,27400.0,0.375,0.592,82900.0,55600.0,368100,24,vehicle,1,1,1,1,1,0
CUST103137,31,male,contract,2.3,37300,629,3,52,2,0,3,10500.0,0.361,0.459,167200.0,145800.0,119300,18,personal,1,1,1,1,1,0
CUST103138,52,male,self_employed,8.7,120700,711,6,58,2,0,1,8600.0,0.383,0.232,781600.0,533800.0,929000,48,consumer,1,1,1,1,1,1
CUST103139,47,male,self_employed,7.6,31300,664,3,29,1,0,1,12200.0,0.595,0.498,189300.0,,202400,60,home,1,1,1,1,1,0
CUST103140,21,male,salaried,5.5,74200,681,3,58,2,0,0,24800.0,0.276,0.455,449700.0,316700.0,214200,24,personal,1,1,1,1,0,0
CUST103141,65,female,business,6.6,119800,726,1,14,1,0,1,17400.0,0.725,0.181,730100.0,498400.0,254700,60,home,1,1,1,1,1,1
CUST103142,54,female,salaried,8.3,80800,623,2,27,5,0,1,13000.0,0.391,0.464,377000.0,151200.0,294100,12,home,1,1,1,1,1,0
CUST103143,21,female,salaried,5.9,69200,688,8,142,10,0,1,28500.0,0.114,0.476,351700.0,260300.0,159000,36,personal,1,1,1,1,1,1
CUST103144,61,male,salaried,4.0,42100,683,2,47,1,0,1,2500.0,0.562,0.483,159900.0,70200.0,107000,6,vehicle,1,1,1,1,1,0
CUST103145,65,female,business,12.7,28100,765,2,18,4,0,0,10200.0,0.159,0.524,122300.0,83900.0,162800,36,personal,1,1,1,1,1,1
CUST103146,30,male,salaried,12.5,39700,716,2,18,2,0,1,7500.0,0.713,0.249,106300.0,51300.0,143500,60,business,1,1,1,1,1,1
CUST103147,40,male,salaried,2.6,48500,596,3,67,5,1,3,14100.0,0.34,0.35,140300.0,32800.0,103200,36,consumer,1,1,1,1,0,0
CUST103148,42,male,salaried,14.3,64800,724,2,42,2,0,3,9100.0,0.561,0.222,212700.0,185200.0,318100,60,consumer,1,1,1,1,1,1
CUST103149,49,male,self_employed,3.9,19900,699,2,35,1,0,2,4500.0,0.573,0.31,87600.0,65400.0,79700,48,vehicle,1,0,1,1,1,0
CUST103150,53,female,salaried,6.2,48200,598,3,44,7,0,0,10200.0,0.415,0.354,236400.0,112600.0,246500,36,personal,1,1,1,1,1,0
CUST103151,52,female,salaried,8.3,67000,692,3,58,2,0,1,23200.0,0.516,0.434,341600.0,126900.0,421100,72,personal,1,1,1,1,1,1
CUST103152,34,male,salaried,11.2,211700,760,0,0,0,0,1,21200.0,0.337,0.209,523000.0,154200.0,832000,36,personal,1,1,1,1,0,1
CUST103153,34,male,self_employed,10.0,121400,628,3,48,9,0,3,43700.0,0.425,0.413,262900.0,222400.0,307700,48,home_improvement,1,1,1,1,1,0
CUST103154,47,female,salaried,3.4,56500,668,3,46,2,0,1,11200.0,0.293,0.291,118300.0,40400.0,62700,12,business,1,1,1,1,0,0
CUST103155,31,male,salaried,3.4,34000,650,5,51,4,0,1,3900.0,0.309,1.126,65700.0,29300.0,206300,6,home,1,1,1,0,1,0
CUST103156,22,male,salaried,9.7,81500,701,1,17,0,0,0,27200.0,0.51,0.368,325900.0,277000.0,167000,60,vehicle,1,1,1,1,1,1
CUST103157,40,female,business,7.6,101100,629,3,61,8,0,1,8400.0,0.454,0.135,463200.0,300800.0,251000,48,home,1,1,1,1,0,0
CUST103158,35,male,salaried,5.9,58000,706,2,30,2,0,1,7300.0,0.18,0.283,187600.0,116300.0,328300,36,education,1,1,1,1,1,1
CUST103159,55,male,business,5.1,115700,752,1,10,0,0,1,22800.0,0.343,0.219,270500.0,75900.0,149300,60,education,1,1,1,1,1,1
CUST103160,34,male,salaried,8.4,46700,671,3,68,4,0,2,7400.0,0.795,0.203,263900.0,145000.0,25100,12,personal,1,1,1,1,1,0
CUST103161,65,male,salaried,,18700,713,7,74,3,0,0,2300.0,0.074,0.212,53200.0,10700.0,20000,12,home,1,1,1,1,0,1
CUST103162,51,female,self_employed,12.3,72000,686,6,73,11,0,1,8400.0,0.272,0.158,216600.0,153000.0,143600,48,personal,1,1,1,1,1,1
CUST103163,55,male,contract,9.4,35300,630,5,88,7,0,1,700.0,0.078,0.144,142600.0,106300.0,210400,48,home,1,1,1,1,1,0
CUST103164,49,male,salaried,7.1,133500,748,3,32,1,0,1,16000.0,0.418,0.138,721600.0,501000.0,177400,72,personal,1,1,1,1,1,1
CUST103165,62,female,contract,7.8,52500,637,5,81,9,1,0,13000.0,0.381,0.281,281500.0,103400.0,62300,36,education,1,1,1,1,0,0
CUST103166,51,female,salaried,8.7,57000,757,0,0,0,0,1,11600.0,0.646,0.294,169400.0,121700.0,123800,24,consumer,1,1,1,1,0,1
CUST103167,62,male,salaried,4.1,76000,714,1,18,3,0,1,21700.0,0.409,0.422,84300.0,38500.0,372800,36,personal,1,1,1,1,1,0
CUST103168,60,female,self_employed,13.6,72500,689,2,26,2,0,2,9000.0,0.741,0.183,39700.0,16200.0,256200,60,education,1,1,0,1,1,0
CUST103169,53,male,salaried,9.8,72500,721,0,0,0,0,0,10400.0,0.271,0.282,298900.0,138400.0,241600,24,business,1,1,1,1,1,1
CUST103170,63,male,salaried,2.9,17900,635,3,45,3,0,2,0.0,0.222,0.138,152700.0,32700.0,89200,36,vehicle,1,1,0,1,1,0
CUST103171,22,female,salaried,5.4,76400,695,3,39,0,0,4,22800.0,0.312,0.409,67200.0,60300.0,303400,36,personal,1,1,1,1,1,0
CUST103172,25,female,salaried,8.6,81400,692,1,17,2,1,2,17400.0,0.71,1.261,40800.0,22200.0,511400,6,home,1,1,1,1,0,0
CUST103173,53,female,salaried,7.5,47900,824,2,24,0,0,1,13200.0,0.133,0.325,102900.0,82100.0,56400,24,personal,1,1,1,1,1,1
CUST103174,49,female,contract,13.6,53600,755,3,48,0,0,0,2000.0,0.435,0.127,301200.0,222700.0,287800,60,business,1,1,1,1,1,1
CUST103175,25,male,self_employed,8.1,39700,617,1,15,6,0,1,2300.0,0.373,0.238,203600.0,128800.0,256800,36,home,1,1,1,1,0,0
CUST103176,36,male,salaried,10.0,40600,773,2,48,0,0,3,17400.0,0.626,0.472,81600.0,50000.0,63600,36,medical,1,1,1,1,1,1
CUST103177,49,female,salaried,7.0,45100,676,4,76,4,0,2,10400.0,0.346,0.454,72300.0,64300.0,241900,24,consumer,1,1,1,1,1,0
CUST103178,35,male,self_employed,9.2,40100,697,2,20,0,0,2,6600.0,0.182,1.158,16600.0,6900.0,238900,6,business,1,1,1,1,1,0
CUST103179,61,female,contract,6.0,41500,596,3,33,6,0,1,5100.0,0.047,0.303,259000.0,151000.0,134800,18,vehicle,1,1,1,1,0,0
CUST103180,58,male,salaried,7.5,140300,752,3,67,2,0,1,16200.0,0.175,0.236,902900.0,621100.0,404300,24,personal,1,1,1,1,1,1
CUST103181,31,female,contract,5.3,91100,699,6,102,6,0,1,11600.0,0.795,0.214,180300.0,51800.0,565200,72,vehicle,1,1,1,1,1,1
CUST103182,44,female,salaried,2.3,69000,638,6,106,14,0,3,20100.0,0.412,0.385,442700.0,334700.0,115900,18,vehicle,1,1,1,1,1,0
CUST103183,42,female,salaried,21.0,48700,787,6,119,1,0,3,12300.0,0.389,0.406,67000.0,60100.0,179200,24,consumer,1,1,1,1,0,1
CUST103184,40,male,salaried,9.8,62200,760,2,20,0,0,0,2300.0,0.469,0.277,132600.0,83500.0,358600,24,personal,1,1,1,1,0,1
CUST103185,50,female,salaried,2.6,65000,638,2,37,3,0,1,11000.0,0.431,0.203,208900.0,89800.0,26700,12,education,1,1,1,1,0,0
CUST103186,29,female,business,4.6,143800,736,2,30,2,0,2,24600.0,0.743,0.255,701900.0,192700.0,724900,60,education,1,0,1,1,0,1
CUST103187,39,male,self_employed,10.8,62400,651,3,33,3,0,0,4800.0,0.095,0.13,380900.0,307700.0,239800,72,vehicle,1,1,0,1,1,1
CUST103188,54,male,self_employed,6.7,42900,683,2,27,3,0,4,11400.0,0.723,0.359,28300.0,8900.0,192500,48,personal,1,1,1,1,0,0
CUST103189,32,female,contract,5.9,66400,756,6,117,3,0,1,7800.0,0.665,0.263,464400.0,353100.0,462400,48,home_improvement,1,1,1,1,1,1
CUST103190,60,female,salaried,3.9,89400,660,1,16,1,0,0,25200.0,0.205,0.354,568800.0,252400.0,154000,24,home,1,1,1,1,1,0
CUST103191,23,male,salaried,17.5,46200,724,2,21,1,0,2,13500.0,0.204,0.343,66200.0,51800.0,28100,12,personal,1,1,1,1,0,1
CUST103192,51,female,salaried,7.4,94500,718,2,26,2,0,1,28100.0,0.156,0.455,164200.0,38000.0,535200,36,vehicle,1,1,1,1,0,1
CUST103193,51,male,salaried,2.0,112500,745,1,10,2,0,1,7500.0,0.305,0.154,203100.0,160100.0,471800,48,business,1,1,1,1,1,1
CUST103194,53,female,salaried,13.9,35000,629,4,68,8,0,0,10700.0,0.114,0.338,132100.0,45500.0,80100,72,home,1,1,1,1,1,0
CUST103195,49,male,self_employed,17.4,46300,690,3,42,3,0,1,6900.0,0.698,0.268,45300.0,27100.0,198800,36,personal,1,1,1,1,1,1
CUST103196,25,female,salaried,6.3,59700,692,4,55,5,0,2,18500.0,0.452,0.411,295200.0,94200.0,361300,60,consumer,1,1,0,1,1,0
CUST103197,35,male,salaried,12.0,34200,708,3,46,2,0,0,11200.0,0.423,0.544,75300.0,39800.0,177700,24,home,1,1,1,1,0,0
CUST103198,35,female,contract,3.7,56800,708,1,16,1,0,0,17400.0,0.361,0.51,262900.0,76300.0,416700,36,personal,1,1,0,1,1,1
CUST103199,32,female,self_employed,14.6,33500,666,6,83,7,0,0,15800.0,0.27,0.674,252200.0,187200.0,244500,36,education,1,1,1,1,0,0
CUST103200,42,male,self_employed,2.8,51200,684,3,57,6,0,1,10000.0,0.263,0.223,364800.0,143400.0,100400,72,vehicle,1,1,1,1,1,0
CUST103201,37,female,salaried,14.7,52100,730,2,30,2,0,2,7800.0,0.356,0.167,48300.0,40300.0,31600,36,vehicle,1,1,1,1,0,1
CUST103202,56,female,contract,4.7,34700,645,2,35,3,0,1,6800.0,0.279,0.311,81000.0,34700.0,71600,18,vehicle,1,1,1,1,0,0
CUST103203,29,male,business,6.4,74900,627,5,110,5,0,3,6600.0,0.435,0.233,467200.0,386400.0,390900,36,personal,1,1,1,1,0,0
CUST103204,25,female,salaried,6.5,47200,700,2,26,2,0,2,9700.0,0.181,0.396,144000.0,106700.0,215800,24,home,1,1,1,1,0,0
CUST103205,39,female,business,14.5,67900,695,3,66,3,0,1,9800.0,0.302,0.264,477000.0,193900.0,195500,24,education,1,1,1,1,1,1
CUST103206,30,male,salaried,15.6,34300,660,4,64,8,0,0,7900.0,0.685,0.329,170900.0,41700.0,81200,24,vehicle,1,1,1,1,0,0
CUST103207,65,female,salaried,10.1,27000,766,2,25,1,0,0,0.0,0.104,0.094,61100.0,38000.0,91500,36,education,1,1,1,1,1,1
CUST103208,63,female,salaried,3.9,85500,757,3,60,0,0,1,30600.0,0.274,0.438,434700.0,175300.0,245400,36,vehicle,1,1,1,1,0,1
CUST103209,46,male,salaried,10.3,80300,746,6,76,2,0,1,23600.0,0.565,0.43,255900.0,229400.0,524900,48,medical,1,1,1,1,1,1
CUST103210,27,female,salaried,5.2,38100,583,0,0,0,0,2,13200.0,0.33,0.381,15500.0,5400.0,80100,60,personal,1,1,1,1,1,0
CUST103211,57,male,self_employed,6.1,47100,678,4,74,6,0,2,11700.0,0.238,0.343,201600.0,114900.0,106400,24,home,1,1,1,1,1,0
CUST103212,53,female,self_employed,7.6,59300,671,3,57,3,0,0,23600.0,0.219,0.755,133500.0,42700.0,254200,12,personal,1,1,1,1,0,0
CUST103213,48,female,salaried,12.1,84900,739,2,30,0,0,1,29600.0,0.424,0.52,452400.0,367900.0,522300,36,personal,1,1,1,1,1,1
CUST103214,39,male,salaried,6.1,160400,764,4,76,0,0,0,38300.0,0.394,0.298,1103900.0,597100.0,342700,36,consumer,1,1,1,1,1,1
CUST103215,52,male,salaried,7.8,63700,678,2,20,2,0,1,24000.0,0.347,0.65,63100.0,21500.0,313100,18,personal,1,1,1,1,0,0
CUST103216,60,male,salaried,9.7,66600,620,6,66,6,0,0,9400.0,0.31,0.416,318300.0,279500.0,329600,18,vehicle,1,1,1,1,0,0
CUST103217,29,female,self_employed,3.0,69600,668,4,50,2,0,0,17200.0,0.214,0.557,8700.0,3600.0,258600,12,business,1,1,1,1,0,0
CUST103218,24,male,contract,1.3,52400,720,3,60,3,0,2,17400.0,0.399,0.358,52300.0,42000.0,66100,48,personal,1,1,1,1,0,1
CUST103219,38,female,business,12.4,69500,678,3,35,4,0,1,1000.0,0.566,0.068,142400.0,48600.0,221600,60,home,1,1,1,1,1,1
CUST103220,54,female,self_employed,5.7,16600,693,1,13,1,0,1,900.0,0.275,0.157,22100.0,13400.0,61200,36,home_improvement,1,1,1,1,1,0
CUST103221,42,female,self_employed,3.6,31700,645,2,36,4,0,2,3300.0,0.24,0.218,176400.0,95500.0,86600,24,home,1,1,1,1,0,0
CUST103222,63,female,salaried,7.5,27300,694,1,19,3,0,2,3300.0,0.526,0.189,96200.0,74500.0,111600,60,business,1,1,1,1,0,0
CUST103223,39,female,salaried,11.8,147800,646,0,0,0,0,2,47400.0,0.173,0.441,120200.0,61300.0,428300,24,medical,1,1,1,1,0,0
CUST103224,52,male,business,6.3,52400,755,3,71,1,0,1,11100.0,0.301,0.266,209500.0,60700.0,101600,36,consumer,1,1,1,1,1,1
CUST103225,51,female,salaried,21.1,106100,727,0,0,0,0,2,40200.0,0.423,0.446,158800.0,99600.0,344100,48,education,0,1,0,1,0,1
CUST103226,37,female,salaried,5.5,43300,549,6,67,5,1,1,10700.0,0.451,0.308,133800.0,107200.0,126700,48,medical,1,1,1,1,0,0
CUST103227,53,female,self_employed,7.3,29200,705,2,27,1,0,2,9500.0,0.143,0.447,121000.0,100500.0,170100,48,education,1,1,1,1,1,0
CUST103228,64,male,salaried,11.1,74900,750,3,56,1,0,1,16800.0,0.319,0.253,410700.0,108000.0,77300,36,personal,1,1,1,1,0,1
CUST103229,58,female,salaried,3.5,41500,701,4,87,5,0,2,6000.0,0.134,0.198,122200.0,62000.0,132500,60,home_improvement,1,1,1,1,0,0
CUST103230,57,male,business,9.7,61500,647,1,17,1,0,3,14600.0,0.276,0.265,432500.0,246900.0,121000,72,business,1,0,1,1,0,0
CUST103231,47,male,business,7.6,36100,675,1,20,2,0,2,6700.0,0.513,0.198,37000.0,18300.0,32700,72,personal,1,1,1,1,1,0
CUST103232,51,female,business,6.6,56500,687,3,54,3,0,0,12800.0,0.31,0.314,194800.0,93400.0,177900,36,consumer,1,1,1,1,1,1
CUST103233,52,male,salaried,8.6,61000,667,2,35,5,0,3,17100.0,0.533,0.296,33500.0,26400.0,34200,36,vehicle,1,1,1,1,0,0
CUST103234,33,male,contract,5.2,59800,633,3,31,5,0,0,18700.0,0.364,0.362,212700.0,120600.0,105600,36,vehicle,1,1,1,0,0,0
CUST103235,61,female,business,13.5,49200,624,0,0,0,0,0,4700.0,0.329,0.25,89800.0,67100.0,365700,48,consumer,1,1,1,1,1,0
CUST103236,54,male,self_employed,6.6,136300,710,1,12,0,0,0,26700.0,0.458,0.222,869900.0,319500.0,259600,72,home,1,1,1,1,1,1
CUST103237,42,male,contract,10.9,49000,652,2,21,1,0,1,15300.0,0.294,0.547,138200.0,76400.0,276600,24,medical,1,1,1,1,0,0
CUST103238,61,male,salaried,24.8,65600,768,3,45,0,0,2,8700.0,0.438,0.427,375100.0,114700.0,463100,24,home_improvement,1,1,1,1,1,1
CUST103239,46,male,contract,8.9,36100,667,3,55,2,0,1,10900.0,0.23,0.419,64000.0,21900.0,152700,36,education,1,1,1,1,1,0
CUST103240,49,female,self_employed,8.2,69800,674,4,62,6,0,0,8900.0,0.105,0.235,434800.0,357600.0,361000,48,business,1,1,1,1,0,1
CUST103241,34,male,business,2.5,69500,696,2,26,2,0,0,23500.0,0.174,0.406,102500.0,36100.0,225000,48,home,1,1,1,1,0,0
CUST103242,38,male,self_employed,4.1,70300,664,2,23,3,0,2,13500.0,0.176,0.303,406000.0,200200.0,374600,48,consumer,1,1,1,0,0,0
CUST103243,62,male,salaried,8.7,61200,704,2,23,1,0,0,24900.0,0.49,0.906,422900.0,274100.0,366300,12,personal,1,1,1,1,1,0
CUST103244,65,female,self_employed,3.6,106600,752,2,34,0,0,3,31200.0,0.429,0.319,510800.0,147700.0,165600,60,vehicle,1,1,1,1,0,1
CUST103245,39,female,salaried,5.4,87900,714,1,9,1,0,2,34500.0,0.25,0.508,54800.0,43700.0,182900,18,personal,1,1,1,1,1,1
CUST103246,23,female,contract,5.4,244600,760,1,20,0,0,2,54100.0,0.536,0.477,620300.0,220600.0,1500000,24,consumer,1,1,1,1,1,1
CUST103247,32,male,business,1.6,29500,644,3,58,5,0,1,5600.0,0.139,0.252,66600.0,41300.0,65900,36,personal,1,1,1,1,0,0
CUST103248,35,female,salaried,2.8,74800,680,4,40,4,0,0,17100.0,0.226,0.273,187600.0,74400.0,240100,72,consumer,1,1,1,1,0,0
CUST103249,50,male,self_employed,9.0,64700,759,2,22,0,0,1,8300.0,0.451,0.2,440700.0,235400.0,110600,24,home,1,1,1,1,1,1
CUST103250,64,female,self_employed,11.3,36600,738,1,21,1,0,0,4900.0,0.227,0.207,16300.0,12700.0,32000,12,vehicle,1,1,1,1,0,1
CUST103251,27,male,salaried,6.6,101400,727,0,0,0,0,0,24800.0,0.111,0.313,104200.0,38700.0,248500,36,education,1,1,1,1,1,1
CUST103252,48,male,self_employed,2.5,43500,684,1,15,3,0,1,14200.0,0.422,0.498,289600.0,96000.0,179100,24,business,1,1,1,1,1,0
CUST103253,44,male,salaried,3.4,88300,726,4,54,2,0,2,24900.0,0.142,0.433,114800.0,28500.0,640500,48,home,1,0,1,1,0,1
CUST103254,25,male,contract,3.6,49400,692,4,86,6,0,0,19000.0,0.566,0.443,117700.0,33800.0,34900,12,business,1,1,1,1,1,0
CUST103255,60,female,business,3.7,41500,680,4,54,2,0,2,5800.0,0.239,0.23,216100.0,122200.0,134400,36,personal,1,1,1,1,0,0
CUST103256,46,female,business,15.9,69800,651,0,0,0,0,0,20700.0,0.267,0.438,93900.0,52000.0,356400,36,medical,1,1,1,0,1,0
CUST103257,32,male,salaried,10.9,124800,701,2,44,0,0,1,25400.0,0.32,0.252,698900.0,259800.0,363200,60,vehicle,1,1,1,1,1,1
CUST103258,65,female,salaried,12.2,24800,654,0,0,0,0,2,1900.0,0.381,0.099,34000.0,24000.0,20000,36,education,1,1,1,1,1,0
CUST103259,21,female,business,5.0,50500,657,2,34,6,0,0,13800.0,0.065,0.352,314600.0,221500.0,95700,24,personal,1,1,1,1,1,1
CUST103260,62,female,salaried,5.0,105900,778,2,32,2,0,1,37400.0,0.251,0.455,146100.0,76600.0,645200,60,personal,1,1,1,1,1,1
CUST103261,28,male,business,5.6,39800,752,3,61,5,0,0,8800.0,0.299,0.432,216500.0,67300.0,201200,24,medical,1,1,1,1,1,1
CUST103262,34,male,self_employed,1.4,94900,721,4,79,1,0,2,10100.0,0.413,0.342,559000.0,195100.0,537100,24,personal,1,1,1,1,0,1
CUST103263,41,male,self_employed,7.8,32200,700,2,23,1,0,0,5800.0,0.476,0.433,218300.0,176800.0,146600,18,education,1,1,1,1,1,0
CUST103264,32,female,salaried,15.1,15800,674,3,56,4,0,2,3000.0,0.2,0.243,92100.0,23500.0,20000,24,business,1,1,1,1,0,0
CUST103265,34,male,salaried,9.3,39600,770,0,0,0,0,1,8600.0,0.08,0.372,170900.0,53400.0,220100,36,business,1,1,1,1,1,1
CUST103266,33,male,salaried,6.1,66900,644,4,69,7,0,0,19900.0,0.301,0.581,162800.0,119200.0,455000,24,personal,1,0,1,1,0,0
CUST103267,27,male,salaried,7.6,51600,665,1,24,0,0,2,2900.0,0.226,0.075,36200.0,28600.0,47500,48,business,1,1,1,1,1,1
CUST103268,30,male,self_employed,10.4,52500,708,3,38,1,0,2,15500.0,0.499,0.362,152800.0,122500.0,167700,48,home,1,1,1,1,1,0
CUST103269,26,female,salaried,3.0,45400,703,4,77,3,0,2,14500.0,0.396,0.447,17400.0,5300.0,208800,36,business,1,1,1,1,0,0
CUST103270,29,male,contract,3.1,137300,683,4,64,4,0,2,45100.0,0.345,0.587,632800.0,239000.0,639900,18,vehicle,1,1,1,1,1,0
CUST103271,34,female,salaried,5.4,109700,753,2,36,2,0,0,15100.0,0.494,0.27,100000.0,85600.0,523500,36,personal,1,1,1,1,0,1
CUST103272,34,male,business,5.2,49400,745,4,84,4,0,0,10900.0,0.426,0.259,22100.0,10500.0,90000,48,education,1,1,1,1,1,1
CUST103273,64,female,salaried,11.6,80200,712,1,23,1,0,0,18600.0,0.207,0.569,339700.0,181300.0,486700,18,home,1,1,1,1,1,1
CUST103274,56,female,salaried,13.0,63600,708,6,80,4,0,2,21900.0,0.132,0.441,288600.0,208100.0,367200,60,home,1,1,1,1,0,1
CUST103275,51,female,business,18.0,49600,671,1,11,0,0,1,4200.0,0.515,0.536,319800.0,176600.0,268800,12,vehicle,1,1,1,1,1,1
CUST103276,44,male,salaried,4.3,35500,672,2,28,2,0,1,8700.0,0.526,0.295,188800.0,56800.0,106700,60,personal,1,1,1,1,1,0
CUST103277,48,male,self_employed,12.7,38200,744,1,13,0,0,3,7800.0,0.373,0.254,121400.0,87400.0,114100,60,personal,1,1,1,1,1,1
CUST103278,31,female,business,3.1,41000,712,6,135,9,0,1,11600.0,0.153,0.59,284900.0,104600.0,151300,12,education,1,1,1,1,0,0
CUST103279,53,male,salaried,10.1,62700,646,0,0,0,0,2,3500.0,0.349,0.106,274900.0,107600.0,149700,48,home,1,1,1,1,0,0
CUST103280,58,male,salaried,7.4,221200,760,1,10,0,0,0,55000.0,0.162,0.495,519600.0,337700.0,1305600,24,vehicle,1,1,1,1,0,1
CUST103281,46,female,contract,4.6,50000,687,5,72,8,0,1,16300.0,0.48,0.471,64100.0,24200.0,261500,36,business,1,1,1,1,1,0
CUST103282,40,male,business,3.0,74300,598,3,41,4,0,0,15300.0,0.352,0.347,332400.0,259200.0,377200,36,business,1,1,1,1,1,0
CUST103283,62,male,salaried,8.2,31500,624,1,12,1,0,1,7000.0,0.539,0.314,142800.0,43900.0,172800,60,personal,1,1,1,1,0,0
CUST103284,27,male,self_employed,1.8,59500,671,3,60,6,0,1,8300.0,0.511,0.162,84300.0,61300.0,48600,36,personal,1,1,1,1,0,0
CUST103285,49,male,contract,7.9,47200,727,2,26,0,0,2,4200.0,0.15,0.22,106300.0,92600.0,295700,48,vehicle,1,1,1,0,0,1
CUST103286,49,male,salaried,7.9,62400,725,4,80,0,0,1,24500.0,0.218,0.477,231300.0,136400.0,252300,48,home,1,1,1,1,0,1
CUST103287,42,female,salaried,7.3,66700,701,1,13,2,0,1,14400.0,0.179,0.298,52700.0,15400.0,392500,72,personal,1,1,1,1,0,0
CUST103288,23,female,salaried,3.8,82200,684,0,0,0,0,0,11000.0,0.073,0.224,349000.0,288300.0,535400,72,medical,1,1,1,1,0,0
CUST103289,25,male,business,6.5,39400,707,1,16,0,0,1,3400.0,0.145,0.536,78600.0,35500.0,212700,12,vehicle,1,1,1,1,0,1
CUST103290,22,female,salaried,5.0,35400,637,2,25,3,0,1,13200.0,0.702,0.409,108200.0,59500.0,61100,48,personal,1,1,0,1,1,0
CUST103291,43,female,salaried,1.2,105800,742,0,0,0,0,0,30200.0,0.3,0.33,669800.0,555700.0,228300,48,personal,1,1,1,1,1,1
CUST103292,56,male,salaried,2.9,30600,650,1,16,0,0,0,12100.0,0.021,0.523,130700.0,102400.0,140200,36,personal,1,1,1,1,1,0
CUST103293,47,male,self_employed,9.6,51400,644,6,131,13,0,1,4700.0,0.095,0.199,51000.0,16900.0,198200,36,vehicle,1,1,1,1,1,0
CUST103294,34,male,salaried,6.4,15500,608,1,10,2,0,1,0.0,0.269,0.13,102000.0,34200.0,48500,24,personal,1,1,1,1,0,0
CUST103295,50,male,self_employed,6.7,102900,762,4,47,1,0,4,37600.0,0.198,0.443,549000.0,282300.0,287700,36,home,1,1,1,1,0,1
CUST103296,48,female,salaried,3.4,101400,712,4,54,2,0,3,13400.0,0.273,0.184,246600.0,102100.0,314800,60,consumer,1,1,1,1,0,1
CUST103297,44,male,contract,8.7,72000,720,3,44,1,0,3,7900.0,0.584,0.138,246100.0,113200.0,98500,48,home_improvement,1,1,1,1,1,1
CUST103298,41,male,salaried,4.1,41200,700,3,25,5,0,2,13500.0,0.511,0.398,97600.0,20900.0,174300,60,home,1,1,1,1,1,0
CUST103299,51,female,salaried,6.7,127800,782,6,84,0,0,3,39300.0,0.364,0.414,567400.0,260400.0,488400,36,business,0,1,1,1,1,1
CUST103300,65,male,salaried,14.0,49600,790,1,10,0,0,2,800.0,0.184,0.127,193600.0,56300.0,197300,36,vehicle,1,1,1,1,1,1
CUST103301,35,male,salaried,9.1,86600,741,3,57,0,0,1,21800.0,0.283,0.291,190400.0,72800.0,161600,48,consumer,1,1,1,1,1,1
CUST103302,24,female,salaried,11.6,95700,669,2,19,3,0,1,15800.0,0.437,0.227,227700.0,192800.0,427900,72,personal,1,1,1,1,1,1
CUST103303,61,female,business,5.8,54400,706,1,15,0,0,1,17700.0,0.366,0.348,110000.0,80700.0,44700,36,business,1,1,1,1,1,1
CUST103304,65,male,contract,12.5,152500,672,2,31,3,0,2,17500.0,0.657,0.245,827400.0,547600.0,477800,24,medical,1,1,1,1,1,1
CUST103305,62,female,salaried,1.6,51300,699,1,12,2,0,1,8100.0,0.2,0.406,242200.0,174700.0,305600,24,business,1,1,1,1,1,1
CUST103306,52,female,salaried,5.2,89800,772,5,93,2,0,1,15100.0,0.178,0.245,323200.0,142300.0,416200,60,personal,1,1,1,1,0,1
CUST103307,45,female,salaried,4.9,46300,648,1,14,1,0,2,2200.0,0.527,0.191,319800.0,168700.0,159900,24,business,1,0,1,0,1,0
CUST103308,65,female,salaried,10.0,80700,703,2,29,1,0,0,28500.0,0.298,0.382,531600.0,259300.0,83500,36,consumer,1,1,1,1,1,1
CUST103309,44,male,self_employed,2.1,37800,605,2,28,10,0,1,7500.0,0.584,0.344,17100.0,13800.0,99000,18,consumer,1,1,1,0,0,0
CUST103310,29,female,business,3.6,85300,746,3,59,1,0,0,6400.0,0.598,0.141,354600.0,166200.0,339900,60,business,1,1,0,1,1,1
CUST103311,42,male,salaried,9.0,80200,680,1,21,1,0,3,31200.0,0.207,0.565,436300.0,371500.0,506700,36,personal,1,1,1,1,1,0
CUST103312,34,male,contract,11.2,85100,678,4,47,5,0,3,18200.0,0.46,0.459,259900.0,222200.0,500000,24,business,1,1,1,1,0,0
CUST103313,25,male,salaried,6.3,29900,568,1,17,1,0,2,7600.0,0.658,0.391,116400.0,80200.0,147600,36,consumer,1,1,1,1,1,0
CUST103314,26,male,salaried,11.6,46400,703,4,72,4,0,3,9000.0,0.272,0.56,88300.0,68100.0,305800,18,education,1,1,1,1,1,1
CUST103315,25,male,business,11.7,117200,741,3,27,3,0,4,27700.0,0.586,0.361,176000.0,97000.0,87900,6,personal,1,1,1,1,1,1
CUST103316,65,female,business,2.1,67000,638,2,25,3,0,1,20800.0,0.177,0.365,229500.0,66900.0,174100,48,business,1,1,1,1,1,0
CUST103317,59,male,salaried,7.5,62400,627,2,21,1,0,2,15200.0,0.311,0.323,116300.0,54500.0,178800,36,vehicle,1,1,1,1,1,0
CUST103318,34,female,salaried,0.2,55200,663,5,46,4,0,4,15200.0,0.286,0.362,316900.0,87200.0,342500,72,personal,1,1,1,1,1,0
CUST103319,32,male,business,16.2,110300,763,2,44,2,0,2,18700.0,0.457,0.203,638100.0,362600.0,176900,48,personal,1,1,1,1,1,1
CUST103320,32,male,salaried,26.7,42300,708,2,28,0,0,0,5300.0,0.304,0.309,167600.0,36500.0,186700,24,business,1,1,1,0,0,1
CUST103321,33,male,salaried,12.0,40200,716,3,39,0,0,3,13300.0,0.435,0.38,152500.0,86600.0,70700,36,vehicle,1,1,1,1,1,1
CUST103322,45,female,salaried,3.1,114000,734,4,39,1,0,1,3500.0,0.263,0.05,718800.0,422400.0,103800,48,vehicle,1,1,1,1,1,1
CUST103323,48,female,self_employed,4.3,76900,728,3,62,1,0,0,24400.0,0.227,1.094,218800.0,134500.0,358300,6,personal,1,1,1,1,0,0
CUST103324,60,male,salaried,6.1,33300,734,1,10,1,0,1,4300.0,0.226,0.215,58700.0,13400.0,172200,60,personal,1,1,1,1,1,1
CUST103325,59,male,salaried,8.1,38100,599,1,13,3,0,2,6200.0,0.467,0.228,141500.0,71200.0,148200,60,vehicle,1,1,1,1,1,0
CUST103326,45,female,salaried,10.4,59900,665,4,77,11,0,4,24000.0,0.696,0.639,186700.0,73100.0,343200,24,consumer,1,1,1,1,1,0
CUST103327,32,female,contract,10.3,35500,670,0,0,0,0,1,12200.0,0.299,0.438,95000.0,50200.0,80700,24,vehicle,1,1,1,1,1,0
CUST103328,21,male,business,6.2,38100,725,1,13,0,0,1,8300.0,0.277,0.293,149900.0,43600.0,103500,36,consumer,1,1,0,1,0,0
CUST103329,31,male,salaried,4.3,36100,710,4,36,4,0,0,2500.0,0.144,0.241,141500.0,32800.0,148400,24,home_improvement,1,1,1,1,1,1
CUST103330,35,male,salaried,18.7,19200,698,2,39,1,0,2,5700.0,0.267,0.38,140700.0,50300.0,76800,48,personal,1,0,1,1,0,0
CUST103331,32,male,business,5.9,75800,746,4,60,0,0,6,20400.0,0.394,0.347,414300.0,155500.0,213800,36,personal,1,0,1,1,1,1
CUST103332,49,male,business,10.8,129200,766,0,0,0,0,0,30000.0,0.41,0.312,251800.0,174900.0,369200,36,education,1,1,1,1,1,1
CUST103333,48,female,self_employed,2.7,55000,690,3,48,0,0,1,6900.0,0.242,0.23,337100.0,241700.0,276100,48,vehicle,1,1,1,1,1,1
CUST103334,42,female,self_employed,7.2,186100,744,3,58,2,0,2,45000.0,0.867,0.299,265100.0,157200.0,512800,48,personal,1,1,1,1,1,1
CUST103335,47,male,salaried,8.7,38000,706,3,54,3,0,1,9000.0,0.177,0.316,255500.0,74900.0,144700,48,personal,1,1,1,1,1,1
CUST103336,30,male,salaried,24.7,113400,697,2,28,0,0,0,42500.0,0.398,0.558,422800.0,175600.0,497800,24,vehicle,1,1,1,1,0,1
CUST103337,34,male,salaried,11.9,45800,617,4,73,7,0,1,15700.0,0.578,0.421,314300.0,252500.0,171600,48,business,1,1,1,1,0,0
CUST103338,36,male,salaried,6.2,33700,738,4,76,0,0,2,13400.0,0.373,0.588,181100.0,145400.0,230900,36,business,1,1,1,1,1,0
CUST103339,39,male,salaried,3.1,57100,704,3,52,2,0,1,21600.0,0.357,0.896,81500.0,66000.0,354700,12,personal,1,1,1,1,1,0
CUST103340,40,female,salaried,19.8,139400,798,2,42,0,0,0,8500.0,0.403,0.264,884400.0,589300.0,1016500,36,personal,1,1,1,1,0,1
CUST103341,65,female,salaried,9.4,44200,791,0,0,0,0,0,4100.0,0.506,0.105,294100.0,159200.0,20000,36,business,1,1,1,1,0,1
CUST103342,21,male,salaried,6.4,31400,661,2,30,2,0,3,3300.0,0.379,0.142,10100.0,5400.0,82600,72,personal,1,1,1,0,1,0
CUST103343,41,female,self_employed,2.5,29200,676,6,106,8,0,0,4300.0,0.377,0.238,78400.0,49800.0,95500,36,personal,1,1,1,1,0,0
CUST103344,49,male,business,2.9,202900,681,1,16,0,0,0,49100.0,0.462,1.078,1225800.0,763800.0,1018200,6,business,1,1,1,1,1,0
CUST103345,21,male,salaried,2.9,72700,707,0,0,0,0,2,23400.0,0.431,0.386,73800.0,57400.0,167600,36,personal,1,1,1,1,1,0
CUST103346,59,male,business,17.9,44100,712,4,46,2,0,1,3400.0,0.478,0.414,238900.0,201900.0,267300,18,home,1,1,1,1,1,1
CUST103347,40,male,salaried,20.8,108200,727,6,128,4,0,1,42800.0,0.473,0.575,40600.0,31900.0,349500,18,home_improvement,1,1,1,1,0,1
CUST103348,28,male,salaried,8.6,86900,649,5,74,6,0,1,9600.0,0.18,0.134,366500.0,310600.0,149500,72,personal,1,1,1,1,0,1
CUST103349,61,female,business,11.2,49900,659,5,75,10,0,1,4700.0,0.074,0.127,179500.0,63400.0,58600,36,home,1,1,1,1,0,1
CUST103350,56,male,salaried,11.9,29100,688,2,41,5,0,2,2400.0,0.255,0.163,0.0,0.0,141300,60,home_improvement,1,1,1,1,0,0
CUST103351,36,male,salaried,3.5,95500,658,5,87,3,0,0,19500.0,0.01,1.08,284700.0,237100.0,501600,6,medical,1,1,1,1,0,0
CUST103352,38,male,salaried,2.0,99900,661,2,24,0,0,1,28600.0,0.411,0.548,453000.0,298700.0,626900,24,home,1,0,1,1,1,0
CUST103353,23,male,self_employed,5.9,29300,726,2,28,0,0,0,10500.0,0.3,0.401,65000.0,14800.0,59900,48,home,1,1,1,1,0,1
CUST103354,32,male,salaried,4.7,61500,737,4,56,0,0,3,17500.0,0.192,0.317,224600.0,160100.0,119100,60,personal,1,0,1,1,1,1
CUST103355,22,female,salaried,6.8,169700,740,1,20,1,0,2,45800.0,0.244,0.627,404200.0,110600.0,1089600,18,consumer,1,1,1,1,1,1
CUST103356,46,male,salaried,27.9,72000,739,4,52,0,0,0,5800.0,0.078,0.189,290800.0,137400.0,469800,60,personal,1,0,1,1,0,1
CUST103357,32,male,salaried,9.3,133500,695,3,51,0,0,4,40400.0,0.581,0.336,654400.0,540800.0,158600,36,personal,1,1,1,1,1,1
CUST103358,29,male,salaried,6.4,68200,758,6,71,1,0,0,19800.0,0.108,0.368,393500.0,108900.0,317900,60,personal,1,1,1,1,1,1
CUST103359,36,male,salaried,3.2,111700,749,2,33,1,0,3,12900.0,0.291,0.213,513000.0,107000.0,520600,48,vehicle,1,1,1,1,1,1
CUST103360,34,male,self_employed,3.8,51000,691,6,112,8,0,1,8800.0,0.593,0.587,229200.0,188700.0,253600,12,personal,1,1,1,1,0,0
CUST103361,59,male,self_employed,10.2,88700,740,2,47,1,0,2,22800.0,0.321,0.344,614000.0,329400.0,185900,24,education,1,1,1,1,1,1
CUST103362,57,male,salaried,2.2,32200,751,2,28,0,0,0,8200.0,0.28,0.346,49800.0,44200.0,141200,48,consumer,1,1,1,1,1,1
CUST103363,56,female,business,27.7,62200,750,6,124,2,0,1,19400.0,0.27,0.451,412700.0,283400.0,311600,36,business,1,1,1,1,1,1
CUST103364,40,female,salaried,6.9,95700,754,0,0,0,0,0,23100.0,0.439,0.307,341000.0,101300.0,150900,24,business,1,1,1,1,1,1
CUST103365,51,male,salaried,6.3,141200,688,6,136,8,0,1,19800.0,0.12,0.217,648700.0,556100.0,520000,48,personal,1,1,1,1,0,1
CUST103366,64,male,salaried,4.0,120500,771,0,0,0,0,0,18800.0,0.352,0.244,372400.0,185700.0,506400,48,home,1,1,1,1,0,1
CUST103367,37,male,self_employed,4.0,48700,657,4,44,4,0,2,9000.0,0.311,0.328,133900.0,72900.0,335600,48,personal,1,1,1,1,1,0
CUST103368,33,female,salaried,4.5,131300,741,1,15,0,0,2,48100.0,0.797,0.397,467600.0,268400.0,191500,48,personal,1,1,1,1,1,1
CUST103369,30,male,salaried,1.9,41100,616,3,54,6,0,2,7400.0,0.559,0.282,52900.0,25300.0,150800,36,home_improvement,1,1,1,1,0,0
CUST103370,31,male,salaried,3.7,63400,660,4,55,1,0,0,11200.0,0.727,0.4,133300.0,40000.0,340500,24,home_improvement,1,1,0,1,1,0
CUST103371,25,male,self_employed,2.7,68600,634,4,70,6,0,1,11500.0,0.314,0.295,451600.0,355800.0,314000,36,home,1,1,1,1,1,0
CUST103372,45,female,business,9.2,76300,782,2,22,0,0,2,24100.0,0.132,0.442,269300.0,122200.0,460800,48,home_improvement,1,1,1,1,0,1
CUST103373,32,male,salaried,3.2,47600,667,2,30,4,0,1,3100.0,0.657,0.232,39800.0,23500.0,190200,24,vehicle,1,1,1,1,0,0
CUST103374,57,male,business,4.4,83600,668,2,32,2,0,4,9500.0,0.292,0.287,403500.0,238200.0,522400,36,education,1,1,1,1,1,0
CUST103375,52,male,salaried,3.3,56900,712,1,15,1,0,0,10100.0,0.421,0.337,70100.0,59200.0,326700,36,business,1,1,0,1,0,0
CUST103376,56,male,salaried,4.9,46400,643,2,19,3,1,0,12500.0,0.127,0.404,210300.0,118200.0,224300,36,personal,1,1,1,1,0,0
CUST103377,35,female,salaried,15.7,55400,794,4,71,1,0,1,14800.0,0.158,0.332,144200.0,66600.0,260500,72,home_improvement,1,1,1,1,1,1
CUST103378,31,male,salaried,18.1,79700,788,1,23,1,0,1,20800.0,0.242,0.339,508600.0,123900.0,297800,48,vehicle,1,1,1,1,0,1
CUST103379,48,male,contract,3.7,51200,759,2,42,0,0,2,10400.0,0.784,0.347,204400.0,109500.0,176200,24,home_improvement,1,1,1,1,0,1
CUST103380,29,female,salaried,3.1,30900,571,1,8,5,0,2,9800.0,0.236,0.604,177300.0,119700.0,212600,24,education,1,1,1,0,1,0
CUST103381,26,male,self_employed,4.5,74600,679,2,20,2,0,3,19200.0,0.617,0.36,207700.0,97100.0,366000,48,education,1,1,1,1,1,0
CUST103382,35,female,self_employed,2.6,101800,663,4,80,4,0,1,34500.0,0.715,0.963,593500.0,224400.0,761900,12,home,1,0,1,1,0,0
CUST103383,39,female,contract,4.9,111000,676,3,38,4,0,2,16600.0,0.212,0.299,527500.0,170600.0,599200,36,personal,1,1,1,1,0,0
CUST103384,39,male,salaried,13.4,39900,661,6,87,9,0,1,8200.0,0.536,0.399,16900.0,10800.0,277900,36,education,1,1,1,1,1,0
CUST103385,65,male,salaried,19.7,54900,743,3,31,2,0,1,18300.0,0.095,0.563,87300.0,60300.0,302000,24,consumer,1,1,1,1,1,1
CUST103386,29,male,salaried,5.4,67600,710,5,52,3,0,2,15300.0,0.18,0.348,140700.0,87000.0,294900,36,education,1,1,1,1,1,1
CUST103387,65,male,salaried,4.1,172600,776,4,43,1,0,0,26100.0,0.523,0.802,728400.0,411400.0,674400,6,medical,0,1,1,1,1,1
CUST103388,28,male,salaried,5.6,24500,702,1,11,3,0,0,3900.0,0.227,0.258,42100.0,20600.0,87200,36,consumer,1,1,1,1,1,0
CUST103389,59,male,salaried,4.5,36600,729,3,70,2,0,1,12700.0,0.314,0.434,270100.0,224300.0,76300,24,business,1,1,1,1,0,1
CUST103390,54,male,self_employed,13.1,118400,766,3,50,1,0,1,8300.0,0.223,0.206,377100.0,299500.0,96300,6,education,1,1,1,1,1,1
CUST103391,60,female,salaried,16.9,57000,699,2,25,3,0,0,9800.0,0.396,0.385,377900.0,164700.0,291000,24,vehicle,1,1,1,1,0,1
CUST103392,34,female,business,2.9,112500,677,3,49,5,0,1,10300.0,0.688,0.337,441000.0,350600.0,663800,24,home_improvement,1,1,1,1,1,1
CUST103393,49,male,salaried,1.0,73400,745,3,59,4,0,1,19100.0,0.713,0.321,288600.0,107700.0,213900,48,business,1,1,1,1,0,1
CUST103394,62,female,salaried,11.4,75600,688,3,50,4,0,1,8400.0,0.67,0.189,334500.0,151100.0,355100,60,business,1,1,1,1,1,1
CUST103395,38,male,contract,9.5,27400,732,3,30,0,0,0,6700.0,0.389,0.282,38700.0,12400.0,36500,36,business,1,1,1,1,0,1
CUST103396,45,male,salaried,2.8,42100,731,3,69,0,0,1,10100.0,0.529,0.34,171300.0,70800.0,152400,36,vehicle,1,1,1,1,1,0
CUST103397,60,female,self_employed,4.6,104800,757,3,44,1,0,0,27700.0,0.181,0.342,325200.0,137200.0,194800,24,home,1,1,0,1,0,1
CUST103398,22,female,contract,12.8,53400,747,2,32,0,0,1,20400.0,0.709,0.523,271400.0,197900.0,362200,48,personal,1,1,1,1,1,1
CUST103399,48,male,self_employed,11.1,51400,712,2,37,1,0,2,13900.0,0.612,0.318,227400.0,139800.0,88400,36,personal,1,1,1,0,0,0
CUST103400,53,male,salaried,10.1,28800,762,3,35,1,0,1,9100.0,0.445,0.376,129200.0,74400.0,123800,72,vehicle,1,1,1,1,1,1
CUST103401,22,female,salaried,6.9,31500,604,3,62,10,0,0,9400.0,0.537,0.36,150700.0,59300.0,93500,48,education,1,1,1,1,0,0
CUST103402,29,female,salaried,20.5,49500,746,2,25,1,0,2,6900.0,0.694,0.299,216600.0,81800.0,142100,18,home,1,1,1,1,1,1
CUST103403,62,female,salaried,16.1,70200,703,2,42,4,0,0,14100.0,0.73,0.316,98700.0,75100.0,290600,36,vehicle,1,1,1,0,1,1
CUST103404,39,male,contract,2.9,35600,623,3,30,6,0,2,6000.0,0.228,0.288,176200.0,38900.0,254200,60,personal,1,1,1,1,1,0
CUST103405,42,female,contract,5.2,63700,756,0,0,0,0,0,19900.0,0.081,0.437,137700.0,50100.0,142700,18,business,1,1,1,1,0,1
CUST103406,40,male,self_employed,20.7,66100,704,0,0,0,0,1,10800.0,0.295,1.151,243500.0,92200.0,391700,6,home,1,1,1,1,1,1
CUST103407,32,male,salaried,1.7,90300,620,1,19,3,0,3,7700.0,0.153,0.235,361800.0,88800.0,487200,36,vehicle,1,1,1,1,0,0
CUST103408,22,female,contract,8.3,47200,696,2,31,3,0,1,300.0,0.399,0.053,315100.0,81700.0,105400,48,personal,1,1,1,1,1,1
CUST103409,36,female,salaried,14.4,53400,771,4,44,0,0,0,3500.0,0.334,1.057,74100.0,56700.0,317800,6,consumer,1,1,1,1,1,1
CUST103410,61,male,salaried,13.9,86300,730,3,53,1,0,4,16600.0,0.431,0.686,513800.0,303400.0,255500,6,consumer,1,1,1,1,1,1
CUST103411,55,male,salaried,2.1,89200,658,3,41,4,0,0,2100.0,0.286,0.108,563700.0,383900.0,269800,36,vehicle,1,1,1,1,0,1
CUST103412,33,female,salaried,2.0,142000,723,6,111,3,0,0,25100.0,0.137,0.2,853800.0,520100.0,200700,60,personal,1,1,1,1,0,1
CUST103413,24,male,salaried,4.0,128500,664,3,39,3,0,1,17700.0,0.336,0.193,72900.0,48500.0,171500,24,home_improvement,1,1,1,1,1,1
CUST103414,48,male,contract,10.0,50800,666,2,34,0,0,1,8500.0,0.371,0.574,342200.0,144500.0,247900,12,home,1,1,1,1,1,0
CUST103415,51,male,self_employed,6.1,88700,687,1,10,0,0,2,27200.0,0.277,0.412,187900.0,101600.0,168400,18,home_improvement,1,1,1,1,0,1
CUST103416,32,male,salaried,3.2,57600,716,3,47,1,0,2,18100.0,0.348,0.413,371900.0,173300.0,340100,60,personal,1,1,1,1,1,1
CUST103417,46,male,salaried,3.4,28800,628,4,71,13,1,3,5300.0,0.559,0.259,39800.0,32600.0,26000,12,home_improvement,1,0,1,1,1,0
CUST103418,47,male,salaried,7.2,48200,720,3,32,1,0,1,21300.0,0.382,0.511,170400.0,44800.0,80400,24,home,1,1,1,1,1,1
CUST103419,36,male,salaried,4.3,74900,657,5,84,6,0,1,22800.0,0.255,0.593,502600.0,447400.0,259400,12,personal,1,1,1,1,1,1
CUST103420,59,male,self_employed,6.7,47700,662,2,42,2,0,0,15900.0,0.392,0.605,73600.0,60400.0,155400,12,consumer,1,1,1,1,1,0
CUST103421,58,female,salaried,27.9,77800,702,1,20,3,0,0,10100.0,0.481,0.698,191100.0,71800.0,265000,6,consumer,1,1,1,1,1,1
CUST103422,29,male,self_employed,3.5,81000,640,7,145,16,0,1,18400.0,0.502,0.391,500000.0,329700.0,158900,12,vehicle,1,1,1,1,0,0
CUST103423,26,male,salaried,4.0,33600,660,1,11,0,0,3,0.0,0.387,0.084,101100.0,55300.0,169100,60,home,1,1,1,1,0,0
CUST103424,39,female,business,2.6,41800,603,3,40,5,0,0,8100.0,0.294,0.274,165100.0,111500.0,80700,24,personal,1,1,1,1,1,0
CUST103425,45,female,salaried,9.2,68600,720,3,44,4,0,2,17800.0,0.126,0.331,185000.0,128000.0,88700,18,personal,1,1,1,1,0,1
CUST103426,44,female,salaried,1.9,51600,684,3,40,2,0,2,15800.0,0.217,0.336,61300.0,31600.0,56200,36,personal,1,1,1,1,0,0
CUST103427,40,male,salaried,2.3,89200,698,3,29,1,0,1,33000.0,0.462,0.472,512900.0,354300.0,328100,36,personal,1,1,1,0,0,1
CUST103428,25,male,salaried,8.3,48000,694,5,75,5,0,1,13600.0,0.402,0.487,187800.0,70700.0,351800,36,personal,1,1,1,1,0,0
CUST103429,41,female,salaried,9.0,26100,656,3,49,5,0,3,8800.0,0.219,0.524,78600.0,61600.0,175400,36,education,1,1,1,1,1,0
CUST103430,47,female,self_employed,3.9,56300,608,5,99,6,0,0,8700.0,0.281,0.185,320500.0,231900.0,81100,48,personal,1,1,0,1,1,0
CUST103431,59,female,self_employed,8.6,49600,598,3,63,6,0,2,17900.0,0.311,0.409,154800.0,63800.0,144000,60,home_improvement,1,1,0,1,0,0
CUST103432,65,male,self_employed,4.1,53400,630,5,64,6,0,2,20500.0,0.509,0.446,211500.0,144000.0,238300,72,personal,1,1,1,1,1,0
CUST103433,35,female,business,3.3,64800,668,5,83,2,0,1,19000.0,0.511,0.536,387100.0,80900.0,283600,18,education,1,1,1,1,0,0
CUST103434,57,female,salaried,13.7,48700,675,1,17,0,0,0,12000.0,0.247,0.454,266000.0,234300.0,364800,36,personal,1,1,1,1,0,1
CUST103435,23,female,contract,11.8,75400,748,4,96,0,0,0,11900.0,0.6,0.219,76600.0,19900.0,165400,36,personal,1,1,1,1,0,1
CUST103436,44,male,self_employed,9.3,133800,768,3,45,0,0,2,26400.0,0.192,0.461,471800.0,278200.0,846700,24,consumer,1,1,1,1,0,1
CUST103437,38,male,salaried,4.5,38900,661,3,40,2,0,2,8200.0,0.144,0.304,71500.0,61000.0,87200,24,home_improvement,1,1,1,1,1,0
CUST103438,30,female,self_employed,7.6,82100,767,3,50,1,0,2,9500.0,0.272,0.184,98000.0,73200.0,134600,24,home,1,1,1,1,1,1
CUST103439,36,male,salaried,10.0,39400,702,2,45,3,0,1,12100.0,0.138,0.395,47000.0,29600.0,167000,48,business,1,1,1,1,1,1
CUST103440,25,male,salaried,7.2,70500,677,2,20,2,0,2,3500.0,0.227,0.15,103500.0,29200.0,254600,36,home_improvement,1,1,1,1,1,1
CUST103441,39,male,salaried,0.6,109100,691,4,75,5,0,0,32300.0,0.026,1.436,211700.0,146500.0,746000,6,consumer,1,1,1,1,1,0
CUST103442,60,male,salaried,1.2,93200,669,5,75,5,0,1,11400.0,0.395,0.217,352300.0,236500.0,158700,18,consumer,1,1,1,0,1,0
CUST103443,21,female,business,10.0,143900,757,2,46,2,0,2,31200.0,0.402,0.308,510800.0,420700.0,783100,60,personal,1,1,1,1,1,1
CUST103444,54,female,salaried,10.6,41500,631,3,51,3,0,1,0.0,0.463,0.063,114600.0,32100.0,157400,60,vehicle,1,1,1,1,0,0
CUST103445,43,male,self_employed,2.1,59300,608,4,73,7,0,1,18600.0,0.325,0.396,122000.0,35300.0,117300,24,business,1,1,1,1,1,0
CUST103446,55,male,self_employed,2.3,52200,681,5,83,2,0,1,6400.0,0.34,0.152,318100.0,276000.0,111800,72,personal,1,1,1,1,0,0
CUST103447,43,male,salaried,3.9,38800,738,2,40,0,0,1,10500.0,0.86,0.359,242200.0,149600.0,123100,36,personal,1,1,1,1,1,0
CUST103448,42,male,business,4.1,45800,677,1,10,1,0,1,4700.0,0.7,0.123,284300.0,147900.0,44800,48,business,1,1,1,1,0,0
CUST103449,33,male,salaried,3.2,68200,698,4,84,4,0,4,26100.0,0.56,0.566,206000.0,129100.0,150300,12,vehicle,1,1,1,1,0,0
CUST103450,23,male,self_employed,6.0,47600,685,5,107,3,0,0,9000.0,0.216,0.287,113000.0,79900.0,168100,36,vehicle,1,1,1,1,1,1
CUST103451,48,male,salaried,5.9,51200,669,4,75,5,0,1,18200.0,0.47,0.462,236000.0,164400.0,130800,24,vehicle,1,1,1,1,1,0
CUST103452,46,male,business,3.4,56600,743,4,73,3,0,0,18500.0,0.387,0.775,296200.0,204400.0,304500,12,consumer,1,1,0,1,1,0
CUST103453,42,female,salaried,9.0,173700,712,3,69,3,0,0,54700.0,0.346,0.361,423400.0,96000.0,286400,36,home,1,1,1,1,0,1
CUST103454,43,male,salaried,6.3,93400,630,2,41,5,0,2,38500.0,0.359,0.557,600000.0,359100.0,648600,48,home,1,1,1,1,1,0
CUST103455,24,male,self_employed,8.2,67200,727,3,54,0,0,1,14400.0,0.076,0.258,48600.0,20900.0,104800,36,medical,1,1,1,1,0,1
CUST103456,22,male,business,14.8,45000,756,3,59,1,0,1,2600.0,0.518,0.161,229600.0,77900.0,167100,36,personal,1,1,1,1,0,1
CUST103457,58,female,salaried,5.4,46900,684,2,30,4,0,1,13400.0,0.529,0.401,183900.0,42700.0,259500,48,education,1,1,1,1,1,1
CUST103458,38,male,contract,4.5,140400,718,2,47,1,0,1,54800.0,0.284,0.517,376000.0,91800.0,850600,48,medical,1,1,1,1,1,1
CUST103459,38,male,salaried,6.5,127800,644,2,23,1,0,1,19000.0,0.235,0.203,275500.0,88200.0,416200,60,home,1,1,1,1,0,1
CUST103460,50,male,salaried,9.6,98200,720,2,43,1,0,0,36800.0,0.466,0.484,470900.0,265200.0,641000,60,education,1,1,1,1,1,1
CUST103461,49,male,salaried,5.4,132900,679,3,35,4,0,1,13900.0,0.136,0.162,877600.0,310500.0,272400,36,business,1,0,1,1,1,1
CUST103462,27,female,salaried,6.5,60700,700,3,57,3,0,0,11400.0,0.165,0.304,260400.0,117100.0,253300,36,personal,1,1,1,1,0,1
CUST103463,43,female,contract,7.3,37000,734,4,65,3,0,2,10600.0,0.455,0.79,180100.0,37200.0,111800,6,personal,1,1,1,1,1,0
CUST103464,33,male,self_employed,9.3,26700,623,3,54,3,0,4,4900.0,0.403,0.24,130500.0,97400.0,72600,48,personal,1,1,1,1,1,0
CUST103465,43,female,business,4.9,106000,702,2,48,0,0,2,36600.0,0.506,0.617,666800.0,396100.0,692100,24,consumer,1,1,1,1,0,0
CUST103466,31,female,salaried,4.9,36300,654,3,29,4,0,2,4200.0,0.613,0.241,91000.0,43800.0,109200,24,business,1,1,1,1,1,0
CUST103467,51,male,salaried,6.7,58600,704,3,59,4,0,0,7200.0,0.36,0.271,297000.0,258500.0,312400,36,education,1,1,1,1,0,1
CUST103468,54,male,salaried,20.9,77800,740,1,11,1,0,1,16200.0,0.21,0.293,314100.0,250900.0,238600,36,medical,1,1,1,1,0,1
CUST103469,37,female,self_employed,17.3,71400,670,6,130,8,0,0,10000.0,0.106,0.165,141600.0,42100.0,87200,48,medical,1,1,1,1,0,1
CUST103470,38,male,self_employed,4.1,25500,647,1,9,1,0,0,1200.0,0.476,0.072,96700.0,31500.0,30000,48,home_improvement,1,1,1,1,1,0
CUST103471,39,female,salaried,5.6,31600,701,4,57,7,0,0,7700.0,0.411,0.363,99300.0,44500.0,135400,36,education,1,1,1,1,0,0
CUST103472,49,male,self_employed,7.9,73700,594,3,45,3,0,1,10000.0,0.428,0.55,284600.0,82400.0,366400,12,personal,1,1,1,1,1,0
CUST103473,31,male,salaried,6.5,107100,704,3,66,3,0,1,27400.0,0.316,0.345,704000.0,511700.0,575000,60,home,1,1,1,1,1,1
CUST103474,38,female,salaried,8.8,105000,673,3,58,5,0,4,33500.0,0.459,0.422,112300.0,58900.0,650400,60,home_improvement,1,1,1,1,1,0
CUST103475,51,male,salaried,19.2,30600,673,3,42,9,0,2,2200.0,0.383,0.294,45600.0,13200.0,163400,24,education,1,1,1,1,1,0
CUST103476,40,male,self_employed,1.2,45700,659,2,39,3,0,1,2100.0,0.41,0.129,10300.0,2800.0,137300,36,vehicle,1,1,1,1,0,0
CUST103477,45,male,self_employed,1.7,46500,590,4,63,9,1,1,8700.0,0.175,0.457,108700.0,73900.0,75300,6,personal,1,1,1,1,1,0
CUST103478,26,male,salaried,9.0,50700,734,2,23,1,0,0,6200.0,0.191,0.223,93100.0,77700.0,122000,24,vehicle,1,1,1,1,1,1
CUST103479,56,female,contract,19.2,41800,749,4,89,3,0,2,5000.0,0.376,0.183,47600.0,35800.0,127800,48,vehicle,1,1,1,1,0,1
CUST103480,40,male,salaried,1.6,39900,634,3,29,7,0,0,7700.0,0.114,0.277,261800.0,172000.0,120800,36,home_improvement,1,1,1,1,0,0
CUST103481,24,male,salaried,2.1,53700,695,3,36,0,0,0,10200.0,0.404,0.278,137700.0,83400.0,285200,60,vehicle,1,1,1,1,1,0
CUST103482,65,female,self_employed,12.6,47500,658,2,45,1,0,2,17500.0,0.741,0.693,323000.0,147400.0,369700,24,home_improvement,1,1,1,1,0,0
CUST103483,37,male,salaried,1.8,60900,765,4,67,1,0,1,19400.0,0.228,0.345,363900.0,267900.0,76800,48,business,1,1,1,1,1,1
CUST103484,54,female,salaried,27.8,21200,660,2,37,3,0,1,2400.0,0.232,0.48,114300.0,101000.0,140100,18,personal,1,1,1,1,1,1
CUST103485,47,male,business,5.3,43200,663,1,9,1,0,1,15200.0,0.579,0.409,254200.0,81200.0,44100,18,business,1,0,1,1,0,0
CUST103486,52,female,salaried,9.3,123100,756,2,26,0,0,2,21100.0,0.2,0.253,295700.0,77600.0,363800,36,home_improvement,1,1,1,1,1,1
CUST103487,37,female,self_employed,5.0,61100,786,1,14,0,0,1,25600.0,0.159,0.707,333400.0,73800.0,211500,12,personal,1,1,1,1,0,1
CUST103488,57,male,salaried,8.7,64700,721,3,35,1,0,6,18600.0,0.628,0.296,80200.0,40400.0,20000,36,personal,1,0,1,1,0,0
CUST103489,64,female,salaried,11.6,55900,691,3,66,3,0,1,22500.0,0.429,0.978,325900.0,106700.0,193000,6,consumer,1,1,1,1,0,0
CUST103490,23,male,self_employed,2.1,93200,602,2,37,5,0,3,31300.0,0.199,0.756,305200.0,182600.0,470400,12,business,0,1,1,1,1,0
CUST103491,63,male,self_employed,17.4,39600,742,3,45,0,0,1,10900.0,0.046,1.105,173400.0,152600.0,197100,6,consumer,1,1,1,1,1,0
CUST103492,56,male,business,5.2,125400,801,4,81,3,0,3,30800.0,0.292,0.264,122000.0,63500.0,55400,24,medical,1,1,1,1,1,1
CUST103493,26,male,business,15.8,74900,790,4,66,2,0,1,7400.0,0.489,0.276,228600.0,120900.0,477700,36,home_improvement,1,1,1,1,0,1
CUST103494,56,female,contract,6.7,70700,713,0,0,0,0,1,11000.0,0.342,0.254,106700.0,59300.0,167600,24,consumer,1,1,1,1,1,0
CUST103495,25,male,salaried,2.9,45300,667,3,44,7,0,0,7200.0,0.258,0.245,81600.0,47800.0,187500,48,personal,1,1,1,1,1,0
CUST103496,50,male,business,16.4,78100,723,1,18,0,0,0,10100.0,0.61,0.261,87100.0,28500.0,246700,24,personal,1,1,1,1,1,1
CUST103497,30,male,salaried,5.6,76300,638,5,82,8,0,1,16800.0,0.511,0.672,395100.0,340300.0,413600,12,vehicle,1,1,1,1,1,0
CUST103498,62,female,self_employed,10.6,24600,670,2,30,4,0,2,6400.0,0.443,0.283,84400.0,41700.0,20000,36,business,1,1,1,1,1,0
CUST103499,38,male,business,2.0,61500,656,1,15,1,0,0,19500.0,0.337,0.411,386700.0,213000.0,278100,48,business,1,1,1,1,1,0
CUST103500,23,male,self_employed,6.3,82000,682,2,22,0,0,0,9700.0,0.11,0.191,543100.0,457600.0,143200,24,vehicle,1,1,1,1,0,1
CUST103501,63,female,salaried,9.3,56000,707,6,89,7,0,0,20800.0,0.468,0.549,171700.0,117200.0,358900,36,business,1,1,1,1,0,0
CUST103502,25,male,salaried,5.5,37500,694,2,37,1,0,0,11600.0,0.344,0.585,109600.0,50600.0,124100,12,business,1,1,1,1,1,0
CUST103503,63,male,salaried,4.2,32700,698,3,72,0,0,1,4500.0,0.166,0.694,199500.0,163900.0,327700,18,personal,1,1,1,1,1,0
CUST103504,62,male,self_employed,12.8,108400,809,3,68,1,0,1,8300.0,0.298,0.222,286700.0,71900.0,377400,24,personal,1,1,1,1,0,1
CUST103505,26,male,salaried,6.0,51900,637,7,101,11,0,4,12300.0,0.317,0.281,169300.0,41000.0,138000,60,vehicle,1,1,1,0,1,0
CUST103506,39,male,salaried,5.4,89200,709,3,47,1,0,2,6600.0,0.187,0.178,517000.0,343000.0,445500,48,personal,1,1,1,1,1,1
CUST103507,28,female,salaried,5.4,21200,651,6,80,4,0,1,2600.0,0.34,0.204,46200.0,36900.0,82400,48,education,1,1,1,1,0,0
CUST103508,63,male,self_employed,6.6,33600,603,5,67,8,0,1,6900.0,0.356,0.54,183500.0,,135100,12,business,1,1,1,1,0,0
CUST103509,30,male,salaried,5.6,113800,734,4,67,1,0,1,37900.0,0.424,0.437,107500.0,50500.0,567300,48,education,1,1,1,1,0,1
CUST103510,42,female,salaried,15.0,21000,696,2,21,3,0,1,8300.0,0.513,0.417,52600.0,33700.0,27400,60,education,1,1,1,1,0,0
CUST103511,60,male,business,6.0,49100,627,1,12,4,0,0,14100.0,0.459,0.334,179400.0,72500.0,138500,60,home,1,1,1,0,0,0
CUST103512,40,male,salaried,4.3,95300,668,8,134,18,0,1,38100.0,0.109,0.578,81900.0,68800.0,612200,36,vehicle,1,1,1,1,0,0
CUST103513,58,female,business,9.2,49800,616,2,38,2,0,1,7800.0,0.443,0.176,189100.0,75600.0,68500,72,home,1,1,1,1,1,0
CUST103514,57,male,business,4.2,94000,709,2,20,2,0,1,30000.0,0.217,1.27,614200.0,285700.0,536500,6,vehicle,1,1,1,1,1,0
CUST103515,39,male,business,14.3,27800,696,6,130,8,0,1,11000.0,0.39,0.414,129300.0,75500.0,35900,72,business,1,1,1,1,1,1
CUST103516,41,female,salaried,3.2,43900,629,4,37,3,0,2,14100.0,0.29,0.42,219300.0,121000.0,104100,24,personal,1,1,1,1,1,0
CUST103517,38,male,salaried,2.3,42800,724,5,79,6,0,2,6700.0,0.214,0.591,164000.0,54700.0,111600,6,personal,1,1,1,1,0,0
CUST103518,29,female,salaried,7.1,73200,677,2,20,2,0,4,16600.0,0.459,0.408,487900.0,317800.0,317700,24,business,1,1,1,1,0,0
CUST103519,49,male,salaried,3.3,103400,733,5,113,7,0,3,29300.0,0.439,0.487,50000.0,32200.0,252900,12,education,1,1,1,1,1,1
CUST103520,40,male,salaried,2.9,99200,714,5,105,5,0,0,28600.0,0.109,0.383,433900.0,308200.0,337300,36,personal,1,1,1,1,1,1
CUST103521,53,male,salaried,16.6,117900,651,0,0,0,0,2,23200.0,0.352,0.498,287100.0,125100.0,639500,18,education,1,1,1,1,1,0
CUST103522,30,female,salaried,6.5,77900,704,0,0,0,0,1,25400.0,0.269,0.371,286000.0,124300.0,83600,24,home_improvement,0,1,1,1,1,1
CUST103523,39,female,business,7.8,72800,699,2,35,1,0,2,13700.0,0.324,0.399,447600.0,236100.0,368800,24,vehicle,1,1,1,1,1,0
CUST103524,61,female,self_employed,2.0,47900,699,0,0,0,0,0,16400.0,0.239,0.641,98400.0,83300.0,171600,12,personal,1,0,1,1,1,0
CUST103525,64,female,salaried,7.5,53300,673,2,44,4,0,1,11000.0,0.493,0.409,129100.0,82400.0,389000,36,consumer,1,1,1,1,0,0
CUST103526,59,male,salaried,4.2,21200,650,2,25,1,0,1,4300.0,0.222,0.302,34000.0,28200.0,126300,60,personal,1,1,1,1,1,0
CUST103527,49,male,self_employed,7.7,39200,657,1,13,2,0,2,6600.0,0.19,0.471,237100.0,123100.0,284300,24,personal,1,1,1,1,1,0
CUST103528,26,male,salaried,9.0,25200,693,1,15,0,0,0,6800.0,0.565,0.722,101700.0,66100.0,136700,12,business,1,1,1,1,1,0
CUST103529,43,male,self_employed,7.2,75800,622,3,67,2,0,2,10500.0,0.352,0.509,378900.0,269000.0,337300,12,consumer,1,1,1,1,1,0
CUST103530,36,male,self_employed,3.2,98600,662,6,93,9,0,3,31300.0,0.329,0.399,150200.0,107200.0,387100,48,personal,1,1,1,1,1,0
CUST103531,30,male,salaried,12.6,128600,740,4,83,1,0,2,17600.0,0.413,0.211,429000.0,131100.0,341600,36,education,1,1,1,1,0,1
CUST103532,57,male,self_employed,11.1,26300,667,1,13,0,0,3,10400.0,0.359,0.408,104700.0,54600.0,20000,60,personal,1,1,1,1,1,0
CUST103533,45,female,salaried,9.5,64000,664,0,0,0,0,1,10200.0,0.108,0.305,385300.0,340100.0,446200,48,home,1,1,1,1,1,0
CUST103534,22,male,contract,9.2,138600,755,1,22,0,0,3,20000.0,0.443,0.191,780900.0,409700.0,309300,48,business,1,1,1,1,1,1
CUST103535,23,male,contract,9.4,80300,693,5,59,1,0,0,14600.0,0.204,0.361,263300.0,71400.0,518800,36,home_improvement,0,1,1,1,1,1
CUST103536,21,male,salaried,8.8,23600,674,5,99,11,0,1,3700.0,0.35,0.276,34900.0,22300.0,168200,60,business,1,1,1,1,0,0
CUST103537,47,female,self_employed,4.7,24700,706,1,16,3,0,2,5800.0,0.611,0.279,119100.0,58900.0,52400,48,home_improvement,1,1,1,1,1,0
CUST103538,29,male,self_employed,8.7,150100,710,6,98,4,0,2,28300.0,0.338,0.227,817900.0,411200.0,278200,48,home_improvement,1,1,1,1,1,1
CUST103539,35,male,salaried,17.9,41800,688,1,17,1,0,2,4100.0,0.617,0.211,139000.0,36600.0,282500,60,business,1,0,1,1,0,0
CUST103540,62,female,contract,14.2,252300,818,9,169,2,0,3,10600.0,0.27,0.197,1343300.0,459300.0,936600,24,personal,1,1,1,1,0,1
CUST103541,30,female,salaried,7.3,33700,659,0,0,0,0,2,10900.0,0.431,0.461,197300.0,,167400,36,home,0,1,1,1,0,0
CUST103542,42,female,business,5.0,94400,698,2,25,3,0,2,34500.0,0.556,0.555,273900.0,107000.0,643900,36,vehicle,1,1,1,1,0,0
CUST103543,35,female,self_employed,17.8,25700,699,3,60,3,0,1,7300.0,0.242,0.365,40400.0,25500.0,74700,36,home,1,1,1,1,0,1
CUST103544,28,male,business,3.6,94200,706,0,0,0,0,0,23800.0,0.222,0.394,100100.0,21300.0,319000,24,business,0,1,1,1,1,1
CUST103545,54,male,self_employed,7.5,75700,746,2,30,0,0,3,22400.0,0.514,0.415,83700.0,72500.0,434000,48,home,1,1,1,1,1,1
CUST103546,30,female,business,8.5,169900,724,5,94,1,0,1,11700.0,0.675,0.281,401600.0,160000.0,432000,12,home_improvement,0,1,1,1,0,1
CUST103547,54,female,salaried,7.7,30000,574,4,58,14,1,3,4700.0,0.179,0.229,28300.0,6400.0,155300,72,vehicle,1,1,1,1,1,0
CUST103548,27,female,salaried,8.3,106100,756,1,17,0,0,4,29500.0,0.204,0.757,122400.0,69200.0,610100,12,personal,1,1,1,1,0,1
CUST103549,49,male,self_employed,3.1,39700,644,2,41,3,0,1,17400.0,0.202,0.68,115100.0,35400.0,230400,24,home,1,1,1,1,1,0
CUST103550,46,male,salaried,10.9,83400,729,2,26,0,0,1,6300.0,0.334,0.291,97900.0,79500.0,430400,24,personal,1,1,1,1,1,1
CUST103551,56,female,salaried,3.5,48200,718,4,76,4,0,1,14500.0,0.268,0.361,85800.0,54200.0,207500,72,personal,1,1,1,1,0,1
CUST103552,30,female,salaried,9.4,58700,697,5,70,5,0,1,3200.0,0.332,0.122,133700.0,77700.0,143200,36,personal,1,0,1,1,1,1
CUST103553,51,male,salaried,6.5,62200,652,1,14,5,0,0,24700.0,0.157,0.536,199700.0,70200.0,311300,36,vehicle,1,1,1,1,0,0
CUST103554,48,female,salaried,6.3,29100,709,1,17,0,0,1,11600.0,0.154,0.616,55900.0,33000.0,114100,18,education,1,0,1,1,0,0
CUST103555,56,male,salaried,2.2,131400,638,3,50,4,0,4,20300.0,0.721,0.303,374400.0,102200.0,704300,36,personal,1,1,1,1,1,0
CUST103556,64,male,contract,3.7,36000,682,0,0,0,0,0,10700.0,0.344,0.406,0.0,0.0,93800,24,medical,1,1,1,1,1,0
CUST103557,64,male,contract,9.5,106400,738,2,47,1,0,3,42300.0,0.334,0.64,326200.0,290400.0,309900,12,vehicle,1,1,1,1,0,1
CUST103558,48,male,salaried,2.3,55600,633,5,110,10,0,2,10100.0,0.39,0.829,113400.0,96100.0,432000,12,home_improvement,1,1,1,1,0,0
CUST103559,50,male,contract,7.0,49100,698,1,18,0,0,1,12700.0,0.533,0.27,207800.0,65400.0,20000,36,home,1,1,1,1,0,0
CUST103560,31,male,salaried,11.7,136100,734,3,61,2,0,0,12400.0,0.194,0.215,558300.0,123800.0,809900,48,business,1,1,1,1,0,1
CUST103561,22,male,self_employed,18.4,28800,717,3,41,1,0,1,5900.0,0.077,0.27,97500.0,70100.0,112100,60,personal,1,1,0,1,0,1
CUST103562,28,female,business,17.3,41900,646,3,40,5,0,0,3400.0,0.542,0.204,100900.0,31500.0,92300,18,business,1,1,1,1,1,1
CUST103563,58,male,self_employed,4.2,106000,738,5,77,3,0,1,6100.0,0.344,0.106,594100.0,,244000,48,personal,1,1,1,1,1,1
CUST103564,33,female,salaried,1.0,50700,656,3,27,3,0,2,3300.0,0.347,0.222,233900.0,156800.0,286400,36,business,1,1,1,1,1,0
CUST103565,21,male,contract,6.0,58500,652,1,18,0,0,2,18600.0,0.571,0.457,260000.0,88000.0,146400,18,home,1,1,1,1,0,0
CUST103566,42,female,contract,11.5,53700,726,1,22,1,0,3,17200.0,0.497,0.547,240500.0,201100.0,292700,24,personal,1,1,1,1,0,1
CUST103567,22,male,salaried,12.7,25000,668,6,83,7,0,0,0.0,0.301,0.111,65000.0,18900.0,100100,36,vehicle,1,1,1,1,1,1
CUST103568,30,female,salaried,3.5,74700,666,2,20,0,0,0,18200.0,0.492,0.424,71000.0,31100.0,322900,24,education,1,1,1,1,1,0
CUST103569,32,female,salaried,10.5,32800,680,2,29,3,0,2,3400.0,0.23,0.216,153800.0,114200.0,176400,48,vehicle,1,1,1,1,1,0
CUST103570,21,male,business,8.6,69800,634,3,65,1,0,1,14900.0,0.512,0.71,273600.0,227500.0,415600,12,vehicle,1,1,1,1,0,0
CUST103571,23,female,salaried,5.7,51600,685,3,38,4,0,2,7500.0,0.68,0.268,248900.0,173100.0,152500,24,vehicle,1,1,1,1,1,0
CUST103572,56,female,business,2.6,42900,709,4,56,0,0,2,4200.0,0.296,0.253,30000.0,21000.0,119900,18,education,1,1,1,1,0,0
CUST103573,48,male,self_employed,12.7,63300,677,2,25,3,0,0,14700.0,0.482,0.758,62000.0,45800.0,399600,12,education,1,1,1,1,0,1
CUST103574,46,female,salaried,11.4,68100,743,2,45,1,0,2,17300.0,0.481,0.908,63900.0,16000.0,267300,6,home_improvement,1,1,1,1,0,0
CUST103575,51,male,salaried,6.6,70000,656,2,27,3,0,2,0.0,0.308,0.182,430300.0,92300.0,458800,36,business,1,1,1,1,1,0
CUST103576,53,male,salaried,11.2,93100,709,6,139,5,0,3,38600.0,0.627,1.182,459600.0,413500.0,428700,6,business,1,1,1,0,0,0
CUST103577,65,male,self_employed,3.8,54000,707,6,89,7,0,3,18800.0,0.265,0.453,167600.0,43700.0,409600,72,personal,1,1,1,1,0,0
CUST103578,38,female,salaried,17.4,74400,756,3,42,0,0,0,11200.0,0.154,0.241,458500.0,170900.0,402800,60,education,1,1,1,1,0,1
CUST103579,61,female,salaried,12.7,42500,695,2,31,1,0,2,10400.0,0.353,0.442,226600.0,112100.0,302400,36,personal,1,1,1,1,1,1
CUST103580,31,male,business,8.6,26100,690,4,66,6,0,1,9700.0,0.153,0.485,40300.0,12800.0,142600,48,home_improvement,1,1,1,1,1,0
CUST103581,43,female,salaried,6.7,74400,741,1,11,0,0,1,28600.0,0.328,1.371,383500.0,345100.0,440500,6,vehicle,1,1,1,0,1,1
CUST103582,48,female,contract,5.3,36400,635,2,30,6,0,0,6400.0,0.225,0.305,221900.0,159100.0,56600,12,home,1,1,1,1,0,0
CUST103583,48,male,salaried,9.5,41100,691,4,68,4,0,1,15400.0,0.394,0.667,250100.0,139400.0,144200,12,personal,1,1,1,1,1,0
CUST103584,39,female,salaried,9.0,84700,735,1,15,1,0,3,3000.0,0.482,0.108,457000.0,342100.0,74000,12,home_improvement,1,1,1,1,1,1
CUST103585,43,female,salaried,3.5,49000,671,1,13,0,0,1,13000.0,0.469,0.429,186000.0,56400.0,289100,36,business,1,1,1,0,0,0
CUST103586,33,female,self_employed,4.5,98600,732,3,70,2,0,2,16900.0,0.392,0.755,413200.0,181300.0,691100,12,consumer,1,1,1,1,1,0
CUST103587,56,female,salaried,6.8,168500,691,0,0,0,0,3,49300.0,0.891,0.368,1120600.0,709800.0,608100,48,business,1,1,1,1,0,0
CUST103588,59,female,salaried,9.4,69400,711,2,27,1,0,1,23900.0,0.143,0.398,68700.0,18400.0,133700,36,business,1,1,1,1,1,1
CUST103589,46,female,salaried,3.1,74300,784,0,0,0,0,1,16300.0,0.278,0.234,518100.0,233900.0,37900,36,home,1,1,1,1,0,1
CUST103590,64,female,business,5.0,42800,645,4,69,3,0,1,7600.0,0.373,0.217,21900.0,12800.0,100700,60,personal,1,1,1,1,1,1
CUST103591,37,female,contract,16.4,151200,738,0,0,0,0,1,37800.0,0.065,0.534,184000.0,60600.0,1032100,24,personal,1,1,1,1,0,1
CUST103592,56,female,salaried,8.6,25500,637,3,39,3,0,0,9900.0,0.373,0.581,30800.0,16900.0,177100,36,business,1,1,1,1,1,0
CUST103593,40,male,business,6.9,82900,699,5,78,7,0,0,28800.0,0.358,0.535,407800.0,250000.0,279500,18,medical,1,1,1,1,1,1
CUST103594,61,female,business,1.1,34900,677,5,84,6,0,2,10000.0,0.183,0.677,2400.0,500.0,245600,18,personal,1,1,1,1,0,0
CUST103595,65,female,self_employed,11.9,51300,670,2,26,0,0,3,9500.0,0.652,0.452,149300.0,72300.0,328900,24,home_improvement,1,1,1,1,1,0
CUST103596,47,male,salaried,3.0,34600,631,2,35,1,0,4,7000.0,0.628,0.245,109100.0,41800.0,89100,60,personal,1,1,1,1,0,0
CUST103597,61,male,self_employed,13.1,79100,687,4,43,1,0,0,17000.0,0.143,0.337,505700.0,145800.0,580000,60,business,1,1,1,1,1,1
CUST103598,32,male,self_employed,17.5,71800,732,2,47,1,0,2,23100.0,0.502,0.416,101400.0,53800.0,243000,36,personal,1,1,0,1,0,1
CUST103599,37,male,business,7.1,53100,767,6,107,1,0,0,800.0,0.265,0.026,209100.0,85100.0,33400,60,education,1,1,1,1,0,1
CUST103600,59,male,salaried,5.7,39600,616,3,45,6,0,0,0.0,0.215,0.076,91900.0,62400.0,180400,60,vehicle,1,1,1,1,0,0
CUST103601,50,female,salaried,2.1,77300,667,3,66,6,0,2,9300.0,0.231,0.17,328100.0,213500.0,183800,48,personal,1,1,1,1,1,0
CUST103602,53,male,salaried,8.5,51100,713,2,35,1,0,1,18100.0,0.28,0.838,117100.0,49200.0,296400,12,business,1,1,1,1,1,1
CUST103603,53,male,self_employed,23.1,50800,696,2,37,3,0,1,5200.0,0.545,0.304,80100.0,32300.0,61400,6,education,1,1,1,0,1,1
CUST103604,27,male,contract,8.5,51200,640,9,204,12,0,3,21700.0,0.612,0.554,143700.0,50900.0,240300,36,business,1,1,0,1,0,0
CUST103605,31,male,self_employed,7.7,185700,764,3,39,0,0,2,29100.0,0.49,0.285,1124300.0,391300.0,570300,24,vehicle,1,1,1,1,1,1
CUST103606,65,male,salaried,9.3,35500,704,0,0,0,0,2,10500.0,0.315,0.588,223000.0,142500.0,249100,24,vehicle,1,1,1,1,0,0
CUST103607,45,male,salaried,12.4,66100,706,2,23,1,0,1,14600.0,0.313,0.34,319800.0,279300.0,282400,36,vehicle,1,0,1,1,0,1
CUST103608,63,male,salaried,4.2,33300,670,3,64,5,0,0,13600.0,0.245,0.668,74400.0,65900.0,207100,24,personal,1,0,1,1,0,0
CUST103609,22,male,salaried,5.0,166700,709,3,54,0,0,0,10000.0,0.201,0.082,758100.0,624900.0,219300,60,home_improvement,1,1,1,1,0,1
CUST103610,37,male,self_employed,6.8,74100,667,4,85,3,0,2,16200.0,0.503,0.274,132900.0,112300.0,296200,72,home,1,1,1,1,1,0
CUST103611,50,female,salaried,2.8,71200,750,2,37,1,0,1,11300.0,0.383,0.207,436700.0,139200.0,123900,36,business,1,1,1,1,1,1
CUST103612,41,female,contract,9.9,68800,627,1,21,2,0,1,12300.0,0.398,0.369,343600.0,137800.0,235800,18,medical,1,1,0,1,1,0
CUST103613,59,male,business,10.9,15700,701,0,0,0,0,4,1900.0,0.539,0.333,22700.0,8100.0,20000,6,vehicle,1,1,1,1,1,0
CUST103614,39,female,salaried,4.1,111900,718,3,64,2,0,2,42600.0,0.137,0.509,610900.0,253500.0,518800,36,personal,1,1,1,1,1,1
CUST103615,55,female,salaried,11.1,47400,759,3,47,1,0,0,16500.0,0.385,0.427,301800.0,148500.0,224800,60,vehicle,1,1,1,1,0,1
CUST103616,43,male,salaried,5.7,53300,582,3,27,6,0,2,21200.0,0.413,0.525,182700.0,99900.0,406600,60,vehicle,1,1,1,1,0,0
CUST103617,59,male,salaried,4.7,64300,721,4,90,2,0,1,16200.0,0.445,0.44,283400.0,241400.0,290500,24,home,1,1,1,1,1,1
CUST103618,33,female,salaried,21.6,128800,701,2,34,2,0,1,12000.0,0.247,0.138,235200.0,160000.0,207300,36,business,1,1,1,1,0,1
CUST103619,54,male,self_employed,12.8,105800,674,3,42,3,0,4,29000.0,0.648,0.45,387700.0,248800.0,334700,18,home,1,1,1,1,1,1
CUST103620,28,male,salaried,4.0,75400,725,4,71,1,0,0,6700.0,0.1,0.31,290500.0,95600.0,400700,24,consumer,1,1,1,1,1,1
CUST103621,37,male,salaried,3.6,97400,715,3,47,4,0,4,28900.0,0.426,0.456,299000.0,191900.0,559000,36,education,1,1,1,1,1,0
CUST103622,63,female,salaried,6.8,97600,672,1,12,1,0,2,28300.0,0.202,0.33,79900.0,67600.0,93300,24,vehicle,1,1,1,0,1,1
CUST103623,25,male,self_employed,17.9,39600,770,4,78,2,0,3,3800.0,0.609,0.556,81500.0,58600.0,218600,12,home,1,1,1,1,0,1
CUST103624,51,male,salaried,3.6,40700,670,4,43,5,0,0,9500.0,0.284,0.427,122900.0,84400.0,377300,48,personal,1,0,1,1,0,0
CUST103625,30,male,business,18.2,129800,701,5,47,3,0,0,13700.0,0.611,0.193,384600.0,219600.0,204300,18,personal,1,1,1,0,0,1
CUST103626,65,male,self_employed,19.8,49500,772,2,34,0,0,1,6100.0,0.233,0.287,295600.0,92500.0,194300,24,personal,1,1,1,1,1,1
CUST103627,39,female,business,3.8,98100,718,4,42,2,0,1,22300.0,0.288,0.351,212300.0,168200.0,437200,36,education,1,1,1,1,0,1
CUST103628,52,male,salaried,4.7,57400,650,2,41,1,0,0,9600.0,0.348,0.262,254400.0,192800.0,260300,48,personal,1,1,1,1,1,0
CUST103629,62,female,salaried,15.9,51500,662,0,0,0,0,3,16000.0,0.496,0.445,323800.0,110400.0,165600,24,consumer,1,0,1,1,0,0
CUST103630,35,male,self_employed,6.7,58500,655,5,100,10,0,1,10600.0,0.26,0.511,366900.0,171000.0,347600,18,education,1,1,1,1,0,0
CUST103631,49,male,salaried,5.0,40200,624,3,40,5,0,0,15100.0,0.325,0.477,65700.0,14700.0,98100,24,consumer,1,1,1,1,1,0
CUST103632,57,female,self_employed,3.0,144400,631,5,48,2,0,1,5200.0,0.176,0.119,821400.0,325100.0,217000,18,education,1,1,1,1,1,1
CUST103633,51,female,salaried,11.8,27500,667,3,39,3,0,2,9700.0,0.225,0.665,75100.0,28200.0,103100,12,medical,1,1,1,1,0,0
CUST103634,31,female,salaried,8.4,61100,766,2,30,0,0,2,12400.0,0.7,0.435,220200.0,82500.0,255400,18,medical,1,1,1,1,0,1
CUST103635,41,male,salaried,2.0,22800,742,2,34,0,0,0,3000.0,0.67,0.24,149400.0,50800.0,177400,72,consumer,1,1,1,1,1,1
CUST103636,65,female,salaried,7.3,58400,724,1,10,1,0,2,4200.0,0.091,0.598,48300.0,19600.0,368600,12,education,1,1,1,1,1,1
CUST103637,24,male,salaried,7.7,99600,764,3,39,3,0,1,8600.0,0.293,0.145,592800.0,129300.0,351900,60,education,1,1,1,1,0,1
CUST103638,38,male,salaried,5.9,26600,719,5,54,1,0,0,5600.0,0.461,0.252,23300.0,20200.0,79800,72,vehicle,1,1,1,1,1,0
CUST103639,34,male,self_employed,1.4,57300,696,2,33,3,1,0,8600.0,0.422,0.313,46400.0,12200.0,337000,36,consumer,1,1,1,1,0,0
CUST103640,39,female,salaried,8.0,133400,697,4,46,2,0,1,43600.0,0.486,0.355,546800.0,378100.0,226400,60,education,1,1,1,1,1,1
CUST103641,26,male,salaried,,55300,729,1,16,0,0,0,4200.0,0.4,0.191,151200.0,81900.0,305300,48,vehicle,1,1,1,1,1,1
CUST103642,52,male,salaried,8.4,31600,730,1,24,0,0,1,3100.0,0.534,0.258,196700.0,78900.0,182100,36,business,1,1,1,1,0,1
CUST103643,25,female,salaried,3.0,61600,714,6,68,4,0,1,20200.0,0.102,0.514,163500.0,102500.0,275000,24,home_improvement,1,1,1,1,1,1
CUST103644,34,male,salaried,10.2,98900,718,5,85,0,0,1,7600.0,0.065,0.173,322100.0,288400.0,227500,24,vehicle,1,1,1,1,0,1
CUST103645,43,male,self_employed,6.2,35600,765,4,68,0,0,0,12100.0,0.303,0.482,253200.0,121700.0,182200,36,consumer,1,1,1,0,0,1
CUST103646,41,male,business,7.6,69300,667,2,32,2,0,2,5200.0,0.474,0.125,281100.0,241300.0,166000,48,vehicle,1,1,1,1,0,0
CUST103647,28,female,self_employed,1.0,141600,753,3,51,0,0,1,38300.0,0.366,0.315,146500.0,127600.0,374200,60,home,1,1,0,1,1,1
CUST103648,36,male,salaried,4.6,43800,636,4,70,6,0,1,11600.0,0.306,0.424,175200.0,75400.0,167300,24,vehicle,1,1,1,1,0,0
CUST103649,51,female,salaried,14.4,81300,664,2,38,2,0,2,2300.0,0.27,0.127,391600.0,327200.0,191800,24,personal,1,1,1,1,1,1
CUST103650,22,male,salaried,7.3,38000,680,7,146,22,0,0,800.0,0.592,0.14,259800.0,187600.0,216600,48,home_improvement,1,1,1,0,1,0
CUST103651,59,male,salaried,11.8,83900,700,4,57,3,0,0,15100.0,0.039,0.316,515100.0,244400.0,409700,36,education,1,1,1,1,1,1
CUST103652,47,female,salaried,9.2,36000,745,5,50,0,0,1,16700.0,0.193,0.732,213600.0,162000.0,231700,24,vehicle,1,1,1,1,0,1
CUST103653,55,female,self_employed,10.2,31100,688,2,36,4,0,1,0.0,0.142,0.057,175300.0,112800.0,84400,48,medical,1,1,0,1,1,1
CUST103654,46,male,salaried,5.1,61700,657,3,59,1,0,0,8600.0,0.279,0.423,118300.0,67900.0,420100,24,home,1,1,1,1,0,1
CUST103655,65,female,business,15.5,59700,745,1,19,0,0,0,16300.0,0.346,0.438,229400.0,104800.0,354000,36,consumer,1,1,1,1,0,1
CUST103656,36,male,salaried,23.8,129200,764,1,24,0,0,2,10900.0,0.109,0.567,295500.0,231600.0,747700,12,medical,1,1,1,1,0,1
CUST103657,21,male,salaried,3.1,29200,658,0,0,0,0,1,13400.0,0.635,0.496,9300.0,4000.0,39000,36,business,1,1,1,1,1,0
CUST103658,37,male,salaried,8.6,55300,663,6,112,8,0,1,26300.0,0.104,0.505,188200.0,87300.0,59500,36,vehicle,1,1,1,1,1,0
CUST103659,55,male,salaried,4.2,76600,730,4,39,1,0,1,14600.0,0.571,0.216,351000.0,297300.0,46600,24,home,1,1,1,1,0,1
CUST103660,22,male,salaried,10.8,56900,702,4,87,1,0,1,2100.0,0.297,0.135,51100.0,28100.0,267300,48,business,1,1,1,1,1,1
CUST103661,46,female,salaried,1.7,105100,656,2,21,1,0,6,42900.0,0.334,0.45,68400.0,15800.0,264000,60,personal,1,1,1,0,1,0
CUST103662,34,female,salaried,11.2,53200,674,6,80,10,0,1,4700.0,0.508,0.145,237400.0,114100.0,144200,48,medical,1,1,1,1,0,0
CUST103663,54,female,salaried,7.1,41500,699,2,36,0,0,3,10900.0,0.187,0.374,260900.0,89000.0,221800,48,medical,1,1,1,1,1,1
CUST103664,54,male,self_employed,0.9,56900,599,0,0,0,0,3,10000.0,0.562,0.44,203300.0,85200.0,361300,24,education,1,0,1,0,0,0
CUST103665,26,female,self_employed,1.7,54400,693,2,25,1,0,0,7200.0,0.124,0.362,188500.0,43100.0,224600,18,personal,1,1,1,1,0,1
CUST103666,43,male,self_employed,3.2,39100,614,4,73,3,0,1,3500.0,0.247,0.22,82500.0,72400.0,122600,24,business,1,1,1,1,0,0
CUST103667,43,male,salaried,4.2,38700,581,1,21,2,0,1,11800.0,0.051,0.382,100200.0,85900.0,72000,24,vehicle,1,1,1,1,0,0
CUST103668,29,female,salaried,2.3,36500,690,4,61,7,0,0,4900.0,0.611,0.188,178300.0,37700.0,70500,36,education,1,1,1,1,1,0
CUST103669,22,female,salaried,6.4,138200,766,2,32,0,0,1,25600.0,0.48,0.212,169300.0,132200.0,131900,36,business,1,0,1,1,1,1
CUST103670,26,male,self_employed,7.0,76900,641,1,20,1,0,1,16600.0,0.482,0.368,504200.0,169500.0,279900,24,personal,1,1,1,1,1,0
CUST103671,30,female,salaried,12.4,32900,718,5,74,1,0,1,6400.0,0.246,0.408,197800.0,170200.0,253300,36,personal,1,1,1,1,0,1
CUST103672,42,male,salaried,3.9,56300,688,6,93,3,0,1,3000.0,0.06,0.246,125200.0,91400.0,390500,36,education,1,1,1,1,1,1
CUST103673,40,male,contract,5.4,59600,705,1,20,0,0,0,4300.0,0.018,0.202,172000.0,94200.0,278900,36,consumer,1,1,1,1,0,1
CUST103674,42,female,salaried,5.5,40600,697,1,19,0,0,1,3800.0,0.299,0.356,145100.0,107000.0,255500,24,business,1,1,1,1,0,1
CUST103675,60,male,business,6.7,45700,707,2,25,1,0,2,8600.0,0.295,0.226,87700.0,43100.0,31300,18,vehicle,1,1,1,1,1,1
CUST103676,41,male,salaried,8.7,48100,771,2,24,0,0,3,11800.0,0.606,0.438,304700.0,87600.0,166800,18,home_improvement,1,1,1,1,0,1
CUST103677,29,female,salaried,5.4,79800,664,2,36,2,0,3,26100.0,0.305,0.383,83400.0,31100.0,323500,72,home_improvement,1,0,1,1,0,0
CUST103678,47,female,salaried,1.2,51300,684,0,0,0,0,0,5700.0,0.197,0.175,161400.0,124400.0,156800,48,vehicle,1,1,1,1,1,0
CUST103679,64,male,self_employed,30.0,46900,743,1,17,0,0,2,11400.0,0.37,0.368,67600.0,51100.0,210800,36,personal,1,1,1,1,0,1
CUST103680,36,female,self_employed,3.4,48100,644,3,63,0,0,0,23200.0,0.28,0.687,337900.0,273400.0,354900,36,home_improvement,1,1,1,1,0,0
CUST103681,23,male,contract,6.3,59200,706,2,29,1,0,5,16900.0,0.575,0.365,99700.0,32500.0,170500,36,home_improvement,1,1,1,1,0,0
CUST103682,38,female,business,8.4,77000,744,3,55,2,0,0,16000.0,0.418,0.229,384500.0,148500.0,114900,72,home,1,1,1,1,0,1
CUST103683,49,male,salaried,5.0,69000,726,4,44,0,0,1,6900.0,0.102,0.202,426500.0,93800.0,422600,60,consumer,1,1,1,1,1,1
CUST103684,35,male,salaried,12.1,45700,669,1,13,2,0,0,11600.0,0.196,0.31,131800.0,91000.0,92400,36,vehicle,1,1,1,1,1,0
CUST103685,44,female,contract,10.1,41100,671,1,10,2,0,1,15000.0,0.349,0.458,177200.0,148800.0,91400,24,personal,1,1,1,1,0,0
CUST103686,49,female,contract,3.6,81500,710,1,21,1,0,2,18700.0,0.239,0.306,254300.0,71600.0,300700,48,home_improvement,1,1,1,1,0,1
CUST103687,23,female,self_employed,9.0,40200,762,3,45,0,0,2,4900.0,0.16,0.146,181900.0,124700.0,58100,60,home_improvement,1,1,1,1,0,1
CUST103688,22,female,business,11.5,47500,759,3,45,0,0,1,11900.0,0.373,0.305,294000.0,214900.0,124100,48,medical,1,1,1,1,0,1
CUST103689,51,female,salaried,11.9,28500,733,4,65,3,0,1,3000.0,0.309,0.158,89500.0,41700.0,90800,60,consumer,1,1,1,1,1,1
CUST103690,52,male,business,8.6,37700,772,3,42,0,0,1,5300.0,0.402,0.372,121600.0,47400.0,157300,18,home,1,1,1,1,0,1
CUST103691,34,female,salaried,5.8,43900,717,3,48,0,0,1,8100.0,0.081,0.291,48600.0,25300.0,167700,36,home,1,1,0,1,0,1
CUST103692,57,male,salaried,5.9,48900,655,3,56,7,0,1,3600.0,0.204,0.198,235700.0,112100.0,292600,48,vehicle,1,1,1,1,1,0
CUST103693,52,male,salaried,16.3,66900,698,6,73,5,0,1,8500.0,0.58,0.196,296700.0,104500.0,165500,36,personal,1,1,1,1,1,0
CUST103694,37,male,salaried,8.9,129300,700,4,60,8,0,1,36600.0,0.211,0.451,188300.0,55800.0,782500,36,vehicle,1,1,1,1,1,1
CUST103695,27,female,business,21.9,69400,734,3,53,4,1,1,17200.0,0.246,0.345,450000.0,186300.0,405900,60,business,1,1,1,1,1,0
CUST103696,22,male,salaried,9.4,44000,601,2,20,2,0,0,18300.0,0.195,0.564,120900.0,27700.0,156900,24,personal,1,1,1,1,1,0
CUST103697,32,male,self_employed,4.4,22300,630,1,10,4,0,0,900.0,0.488,0.341,49500.0,29200.0,120800,18,home,1,1,1,0,0,0
CUST103698,52,male,self_employed,5.8,115200,739,7,151,3,0,1,19000.0,0.243,0.262,711800.0,592700.0,537300,48,medical,1,1,1,1,1,1
CUST103699,49,male,contract,3.2,74600,703,1,12,0,0,1,23600.0,0.246,0.405,320000.0,279500.0,395500,60,personal,1,1,1,1,0,1
CUST103700,49,female,self_employed,11.5,68200,686,2,43,3,0,0,24100.0,0.011,0.478,67100.0,45500.0,409500,48,business,1,1,1,1,1,1
CUST103701,35,female,salaried,1.6,38500,692,7,84,7,0,0,9000.0,0.056,0.292,83800.0,30600.0,134700,60,vehicle,1,1,1,1,0,1
CUST103702,54,female,salaried,8.0,44800,654,3,48,3,0,1,11400.0,0.178,0.468,42800.0,13600.0,229200,24,personal,1,1,1,1,1,0
CUST103703,24,female,salaried,7.2,39400,724,6,71,7,0,0,13700.0,0.431,0.403,34100.0,7000.0,104500,48,business,1,1,1,1,1,0
CUST103704,27,male,self_employed,11.4,37800,666,3,47,4,0,2,1400.0,0.409,0.135,116800.0,80500.0,266300,72,business,1,1,1,1,0,0
CUST103705,43,female,salaried,8.5,16300,686,3,38,1,0,0,0.0,0.136,0.163,24000.0,15200.0,127400,48,medical,1,1,1,1,0,0
CUST103706,46,male,salaried,10.3,193900,722,2,28,2,0,4,37700.0,0.702,0.242,721900.0,648900.0,331200,36,vehicle,1,1,1,1,0,1
CUST103707,51,male,salaried,2.4,72500,699,2,32,0,0,0,11000.0,0.691,0.225,333900.0,262400.0,318500,60,vehicle,1,1,1,1,1,1
CUST103708,38,male,salaried,5.5,101800,677,0,0,0,0,2,37500.0,0.291,0.422,272700.0,195100.0,195100,36,consumer,1,1,1,1,1,0
CUST103709,26,male,salaried,6.7,49200,654,1,19,2,0,0,4900.0,0.214,0.176,217400.0,143300.0,226800,60,home,1,1,1,1,0,0
CUST103710,23,female,salaried,3.4,70700,618,4,76,8,1,2,18700.0,0.264,0.385,7300.0,5100.0,306400,36,personal,1,1,1,1,0,0
CUST103711,60,male,salaried,10.0,69200,728,2,26,4,0,0,22600.0,0.46,0.55,176900.0,57600.0,370900,24,home_improvement,1,1,0,1,0,1
CUST103712,49,male,salaried,4.7,48900,659,3,65,7,0,0,8100.0,0.431,0.23,166300.0,134200.0,112500,36,medical,1,1,1,1,0,0
CUST103713,31,female,self_employed,24.1,34700,785,4,78,2,0,1,8100.0,0.186,0.562,120400.0,35000.0,136700,12,business,1,1,1,1,1,1
CUST103714,43,female,contract,5.7,32500,607,6,72,12,2,2,0.0,0.373,0.069,143300.0,110900.0,81100,36,education,1,1,0,1,1,0
CUST103715,63,male,salaried,7.4,98600,727,2,28,0,0,1,8900.0,0.45,0.146,166800.0,112900.0,132100,24,personal,1,1,1,1,1,1
CUST103716,57,male,salaried,9.7,131200,731,4,62,6,0,0,27500.0,0.601,0.488,429900.0,281700.0,658600,18,home,1,1,1,1,1,1
CUST103717,48,male,contract,3.7,79700,669,2,19,3,0,2,23200.0,0.431,0.389,244000.0,217700.0,280500,36,education,1,1,1,1,0,0
CUST103718,36,male,salaried,9.3,36400,669,0,0,0,0,0,3000.0,0.271,0.222,189200.0,120500.0,122000,24,home,1,1,1,1,0,0
CUST103719,27,male,salaried,8.6,30100,743,2,25,1,0,2,8700.0,0.389,0.326,154700.0,63600.0,20000,18,consumer,1,1,1,1,1,1
CUST103720,39,female,salaried,12.4,32300,694,3,47,1,0,3,6700.0,0.251,0.395,88000.0,49400.0,217700,36,personal,1,1,1,1,1,0
CUST103721,33,female,salaried,5.5,130600,696,2,29,3,0,1,29200.0,0.18,0.335,245800.0,164000.0,875100,60,business,1,1,1,1,0,1
CUST103722,32,male,salaried,9.6,156500,776,2,37,1,0,0,52600.0,0.128,0.552,680800.0,542900.0,810000,24,personal,1,1,1,1,0,1
CUST103723,50,male,business,7.9,79300,718,2,25,1,0,0,23700.0,0.377,0.366,405500.0,275600.0,321200,60,home_improvement,1,1,1,1,1,1
CUST103724,42,male,salaried,4.5,105400,723,4,47,1,0,0,19100.0,0.304,0.211,418300.0,142200.0,152500,48,vehicle,1,1,1,1,1,1
CUST103725,43,male,self_employed,13.4,51400,762,3,65,1,0,1,6100.0,0.271,0.173,125700.0,31300.0,66400,24,personal,1,1,1,1,1,1
CUST103726,42,male,business,4.6,26400,667,1,17,1,0,1,600.0,0.312,0.086,95900.0,37400.0,20000,12,business,1,1,1,1,1,0
CUST103727,21,male,salaried,10.0,173700,780,2,32,0,0,2,21500.0,0.465,0.222,1126800.0,603900.0,615200,36,personal,1,1,1,1,1,1
CUST103728,24,female,salaried,6.6,37700,696,9,135,9,0,1,6400.0,0.324,0.314,239100.0,120200.0,260400,48,personal,1,1,1,1,0,0
CUST103729,36,male,self_employed,2.8,40800,655,6,65,13,0,5,7800.0,0.696,0.267,119500.0,63800.0,37200,12,personal,1,1,1,1,0,0
CUST103730,64,male,business,2.1,63800,735,3,41,1,0,2,10400.0,0.455,0.461,314600.0,117800.0,456700,24,home,1,1,1,1,0,0
CUST103731,59,female,salaried,5.9,93200,657,5,49,11,0,0,13600.0,0.229,0.245,547000.0,437600.0,333000,36,home,1,1,1,1,0,0
CUST103732,58,male,business,22.2,70000,643,5,113,7,0,1,8800.0,0.168,0.22,330300.0,226500.0,396300,60,home,1,1,1,1,1,1
CUST103733,63,male,self_employed,5.8,153200,705,3,68,1,0,2,47900.0,0.491,0.356,455100.0,395200.0,240300,36,home,1,1,1,1,0,1
CUST103734,59,male,salaried,15.1,65200,688,4,42,2,0,2,16600.0,0.721,0.356,78200.0,38100.0,119100,18,home,1,1,1,1,1,0
CUST103735,58,female,salaried,5.3,31600,688,3,39,0,0,1,4900.0,0.278,0.288,31200.0,20100.0,151500,36,personal,1,1,1,1,1,0
CUST103736,43,male,contract,13.5,118400,744,8,103,1,0,3,13000.0,0.664,0.247,262500.0,69500.0,777900,48,consumer,1,1,1,1,0,1
CUST103737,28,male,self_employed,9.7,35100,697,0,0,0,0,1,13300.0,0.27,0.464,97800.0,21100.0,142600,48,business,1,1,1,1,1,0
CUST103738,38,male,self_employed,2.2,37200,596,2,34,4,0,0,10700.0,0.19,0.423,19600.0,10600.0,120500,24,education,1,1,1,1,1,0
CUST103739,33,male,salaried,9.0,63100,695,3,59,1,0,2,7700.0,0.249,0.184,176700.0,69700.0,188400,48,personal,1,1,1,1,0,1
CUST103740,53,male,contract,10.4,80400,710,5,97,8,0,0,18000.0,0.096,0.236,335200.0,98900.0,23700,24,personal,1,1,1,1,0,1
CUST103741,44,male,salaried,15.7,32600,696,2,45,3,0,2,7000.0,0.568,0.453,31600.0,28000.0,93100,12,personal,1,1,1,1,0,0
CUST103742,65,female,business,9.3,48100,681,3,62,7,0,1,8500.0,0.576,0.212,149700.0,,30500,18,home,1,1,1,1,1,0
CUST103743,33,female,business,3.4,51800,721,5,98,2,0,2,4800.0,0.235,0.259,287700.0,162400.0,310400,36,home,1,1,1,1,1,1
CUST103744,54,male,salaried,3.3,108000,644,3,67,5,0,1,13500.0,0.233,0.186,679100.0,460100.0,397900,60,home,1,1,1,1,0,0
CUST103745,29,female,contract,1.8,44300,694,3,59,1,0,1,11600.0,0.187,0.389,103700.0,78900.0,270000,48,home,1,1,1,1,0,0
CUST103746,25,female,salaried,18.3,72800,748,7,95,3,0,2,17800.0,0.363,0.538,431500.0,213800.0,512300,24,vehicle,1,1,1,1,0,1
CUST103747,51,female,salaried,3.5,62900,702,4,52,0,0,1,20600.0,0.631,0.454,101000.0,83100.0,286700,36,vehicle,1,1,1,1,1,0
CUST103748,57,female,self_employed,5.6,38000,689,5,70,5,0,1,10100.0,0.61,0.281,50400.0,41800.0,27900,48,consumer,1,1,1,1,1,0
CUST103749,57,male,salaried,14.8,35400,707,0,0,0,0,1,5300.0,0.711,0.214,99000.0,84700.0,109400,48,home,1,1,1,1,1,0
CUST103750,41,male,salaried,5.9,47800,642,3,47,4,0,1,13700.0,0.26,0.305,191200.0,100700.0,51400,60,home,1,1,1,1,1,0
CUST103751,42,male,salaried,10.6,83500,686,2,20,0,0,1,8200.0,0.359,0.194,94300.0,24800.0,382100,48,personal,1,1,1,0,0,0
CUST103752,21,female,salaried,12.2,59900,754,1,24,0,0,3,3500.0,0.31,0.216,58700.0,18900.0,169700,18,business,1,1,1,1,0,1
CUST103753,25,male,self_employed,4.5,48300,733,1,19,2,0,0,7300.0,0.242,0.367,84800.0,69300.0,250600,24,business,1,1,1,1,1,1
CUST103754,32,female,self_employed,7.0,65500,686,5,74,1,0,0,13000.0,0.142,0.406,176700.0,49600.0,326000,24,personal,1,1,1,1,1,1
CUST103755,64,male,salaried,6.0,46000,690,4,86,6,0,0,13900.0,0.33,0.449,286800.0,123000.0,243800,36,education,1,1,1,1,1,1
CUST103756,61,male,salaried,6.9,39900,685,4,76,4,0,0,14400.0,0.342,0.399,224600.0,133900.0,73700,48,consumer,1,1,1,1,1,1
CUST103757,62,female,self_employed,10.0,45700,742,1,14,0,0,5,7000.0,0.574,0.287,275600.0,114800.0,293800,48,personal,1,1,1,1,1,0
CUST103758,42,female,salaried,14.1,76700,696,2,41,3,0,0,12600.0,0.096,0.376,94300.0,57700.0,390600,24,vehicle,1,1,1,1,1,1
CUST103759,46,male,salaried,7.2,54400,714,3,52,2,0,1,1600.0,0.185,0.091,91100.0,31100.0,160000,48,business,1,1,1,1,1,1
CUST103760,54,male,business,17.0,68500,782,4,94,2,0,1,14500.0,0.219,0.294,478200.0,377600.0,270200,48,vehicle,1,1,1,1,1,1
CUST103761,48,male,salaried,16.5,84600,732,6,140,4,0,0,21000.0,0.646,0.331,539500.0,138700.0,420300,60,consumer,1,1,1,1,0,1
CUST103762,40,female,business,6.1,120000,708,3,41,1,0,2,26700.0,0.309,0.394,174800.0,54400.0,741400,36,vehicle,1,1,1,1,1,1
CUST103763,38,male,business,9.5,61100,703,4,88,4,0,1,11400.0,0.152,0.283,366400.0,150400.0,354900,60,vehicle,1,1,1,1,1,1
CUST103764,21,female,salaried,5.7,85700,730,2,33,3,0,2,32300.0,0.323,0.465,559800.0,502600.0,540800,72,personal,1,1,1,1,0,1
CUST103765,32,female,salaried,3.0,113200,727,2,28,2,0,1,16000.0,0.218,0.23,97000.0,86000.0,180500,18,personal,1,1,1,1,1,1
CUST103766,48,male,salaried,7.9,56200,726,1,16,1,0,3,15300.0,0.387,0.459,427300.0,180100.0,252400,24,vehicle,1,0,1,1,1,0
CUST103767,28,female,self_employed,5.0,93000,737,1,15,1,0,1,6900.0,0.317,0.234,480700.0,371400.0,536500,36,home_improvement,1,1,0,1,0,1
CUST103768,33,male,self_employed,17.4,112100,757,5,98,2,0,1,40500.0,0.413,0.381,589100.0,270700.0,157400,72,education,1,1,1,1,1,1
CUST103769,56,female,business,13.9,124300,711,4,61,7,1,1,28800.0,0.262,0.501,330600.0,191100.0,603600,18,personal,1,1,1,1,1,1
CUST103770,27,male,salaried,4.5,22700,699,1,18,0,0,3,5900.0,0.33,0.423,114700.0,87600.0,88900,24,home,1,1,1,1,1,0
CUST103771,50,male,contract,2.4,30200,620,3,52,8,0,3,5900.0,0.396,0.356,121000.0,28600.0,116500,24,personal,1,1,1,1,0,0
CUST103772,51,female,salaried,7.5,26700,655,3,58,2,0,2,7100.0,0.511,0.315,155400.0,133400.0,63500,48,vehicle,1,1,1,1,1,0
CUST103773,51,male,self_employed,3.2,51600,702,1,20,2,0,1,9500.0,0.32,0.234,110000.0,42900.0,93000,36,personal,1,1,1,1,1,1
CUST103774,48,female,self_employed,6.7,60300,778,5,109,1,0,3,20100.0,0.645,0.361,201800.0,50600.0,61100,36,home,1,1,1,1,1,1
CUST103775,60,female,salaried,13.5,77600,732,2,25,3,0,3,5500.0,0.47,0.36,286300.0,130500.0,538900,24,personal,1,1,1,1,1,1
CUST103776,32,male,self_employed,5.6,109500,701,3,54,6,0,1,16800.0,0.441,0.22,402700.0,298600.0,350100,48,consumer,1,1,1,1,0,0
CUST103777,46,male,salaried,3.8,86900,681,3,54,12,0,2,7100.0,0.355,0.235,226100.0,136300.0,320200,24,vehicle,1,1,1,1,1,0
CUST103778,23,male,salaried,22.7,36300,707,5,77,3,0,2,3300.0,0.548,0.217,190500.0,160400.0,220200,48,medical,1,1,1,1,1,1
CUST103779,36,female,salaried,3.0,22100,732,2,32,0,0,2,3000.0,0.466,0.261,41400.0,23800.0,132800,48,personal,1,1,1,1,0,0
CUST103780,57,female,salaried,11.2,49300,733,1,22,0,0,2,12900.0,0.603,0.427,350500.0,222800.0,293000,36,home_improvement,1,1,1,1,0,0
CUST103781,60,male,salaried,7.5,41600,710,4,54,2,0,1,1700.0,0.276,0.145,220400.0,177500.0,52100,12,vehicle,1,0,1,1,1,1
CUST103782,52,male,self_employed,5.1,91400,682,2,38,2,0,0,29200.0,0.409,0.402,47200.0,31900.0,269900,36,home_improvement,1,1,1,1,0,1
CUST103783,64,male,business,13.5,88600,729,4,47,1,0,3,17300.0,0.409,0.217,420500.0,148000.0,135500,72,home_improvement,1,1,1,1,1,1
CUST103784,26,male,salaried,7.4,36200,734,2,20,0,0,5,7600.0,0.539,0.283,187600.0,66300.0,63800,24,business,1,1,1,1,0,0
CUST103785,29,male,salaried,1.3,79900,657,4,62,10,0,2,3300.0,0.308,0.154,568400.0,308900.0,539500,60,vehicle,1,1,1,1,1,0
CUST103786,56,female,salaried,7.0,62300,670,1,10,1,0,2,10900.0,0.648,0.214,156700.0,101800.0,116000,48,personal,1,1,1,1,1,0
CUST103787,51,male,salaried,4.9,63700,650,1,21,3,0,3,5100.0,0.472,0.085,75400.0,59100.0,21100,72,personal,1,1,1,1,1,0
CUST103788,38,male,self_employed,12.6,34000,673,1,21,0,0,3,0.0,0.323,0.125,157400.0,49900.0,102300,24,vehicle,1,1,0,1,0,0
CUST103789,40,male,salaried,6.3,44300,713,4,82,2,0,1,15700.0,0.465,0.499,48200.0,24400.0,77000,12,education,1,1,1,1,1,0
CUST103790,56,male,salaried,4.1,76900,656,3,48,6,0,3,5600.0,0.469,0.16,482400.0,335000.0,120000,18,business,1,1,1,1,0,0
CUST103791,55,female,self_employed,11.7,52200,777,3,34,2,0,0,0.0,0.225,0.081,88800.0,29800.0,305900,72,personal,1,1,1,1,0,1
CUST103792,59,male,salaried,7.8,115100,724,4,76,4,0,0,18800.0,0.765,0.271,725400.0,172400.0,298100,24,medical,1,1,1,0,1,1
CUST103793,23,male,salaried,6.8,238900,740,1,10,0,0,0,91800.0,0.257,0.827,289100.0,163000.0,1270200,12,consumer,1,1,1,0,1,1
CUST103794,28,female,salaried,8.7,63400,687,5,76,4,0,2,24500.0,0.41,0.454,269800.0,139100.0,206000,48,personal,1,1,1,1,1,0
CUST103795,36,male,salaried,14.0,112300,696,3,49,5,0,1,26700.0,0.285,0.322,114800.0,41100.0,340100,36,personal,1,1,1,1,1,1
CUST103796,42,male,self_employed,3.5,54500,655,4,67,9,0,1,13600.0,0.136,0.479,70800.0,41900.0,149900,12,business,1,1,1,1,0,0
CUST103797,26,male,business,10.2,79800,746,5,87,3,0,1,6000.0,0.26,0.176,81700.0,68500.0,384500,48,business,1,1,1,0,0,1
CUST103798,55,male,contract,10.4,34100,658,2,16,4,0,3,7700.0,0.585,0.413,220400.0,96200.0,153300,24,medical,1,1,1,1,1,0
CUST103799,41,male,salaried,4.7,49600,700,2,23,1,0,0,10000.0,0.332,0.466,317500.0,122500.0,235800,18,home,1,1,1,1,1,0
CUST103800,64,female,salaried,4.6,83900,645,1,10,1,0,1,11300.0,0.521,0.345,337900.0,277100.0,422600,24,personal,1,0,1,1,0,0
CUST103801,62,male,salaried,5.0,145500,756,6,64,2,0,0,20800.0,0.191,0.424,468400.0,180800.0,491100,12,personal,1,1,1,1,1,1
CUST103802,50,female,salaried,10.7,32700,712,3,61,2,0,0,9600.0,0.263,0.353,177600.0,151700.0,70100,36,home_improvement,1,1,1,1,1,1
CUST103803,58,male,salaried,17.0,58400,677,3,55,2,0,4,12000.0,0.663,0.299,210300.0,59100.0,263000,48,home,1,1,1,1,1,1
CUST103804,50,male,salaried,6.0,37500,697,1,16,0,0,3,13000.0,0.264,0.354,400.0,300.0,20000,72,home_improvement,1,1,1,1,1,0
CUST103805,25,female,salaried,13.0,35900,705,0,0,0,0,2,14000.0,0.089,0.511,144100.0,46000.0,156300,36,home_improvement,1,1,1,1,0,0
CUST103806,64,male,business,7.0,50200,763,4,51,1,0,3,12300.0,0.668,0.438,326200.0,98100.0,116100,12,consumer,1,1,0,1,0,1
CUST103807,51,male,salaried,5.7,68900,639,3,60,6,0,2,23500.0,0.118,0.351,368800.0,274600.0,41400,60,education,1,1,1,1,1,0
CUST103808,26,female,salaried,6.6,82300,714,2,28,2,0,1,24400.0,0.214,0.413,419200.0,116900.0,573800,60,education,1,1,1,1,1,1
CUST103809,46,male,business,9.1,58600,649,3,40,11,0,3,9000.0,0.569,0.211,175000.0,43100.0,80300,24,vehicle,1,1,1,1,1,0
CUST103810,48,male,salaried,2.8,82100,660,2,19,1,0,1,17900.0,0.771,0.394,389300.0,171200.0,518900,36,education,1,1,1,1,1,0
CUST103811,38,female,self_employed,8.9,49300,687,1,13,0,0,2,12400.0,0.387,0.333,232900.0,124000.0,144000,36,business,1,1,1,1,1,0
CUST103812,52,male,salaried,11.9,138500,769,3,51,0,0,2,21900.0,0.46,0.372,665000.0,268500.0,355100,12,personal,1,1,1,1,1,1
CUST103813,57,female,contract,20.1,72800,721,3,58,2,0,1,12200.0,0.259,0.201,188900.0,150000.0,117400,48,business,1,1,1,1,0,1
CUST103814,38,male,contract,1.3,53900,736,3,47,1,0,2,8700.0,0.211,0.376,222500.0,80600.0,277200,24,personal,1,0,1,1,0,0
CUST103815,42,female,salaried,13.6,102800,678,5,61,4,0,0,33100.0,0.347,0.422,351600.0,105500.0,369100,36,business,1,1,1,1,1,1
CUST103816,47,male,business,7.7,49100,682,5,71,4,0,2,9700.0,0.401,0.675,33000.0,23000.0,281400,12,personal,1,0,1,1,1,0
CUST103817,49,female,contract,8.5,28700,679,3,70,2,0,0,11100.0,0.103,0.507,151800.0,128200.0,61900,18,business,1,1,1,1,0,0
CUST103818,41,female,contract,13.0,35300,790,3,42,0,0,1,5300.0,0.268,0.274,73300.0,28800.0,210400,48,personal,1,1,1,1,1,1
CUST103819,45,male,salaried,12.6,27000,682,0,0,0,0,3,10800.0,0.274,0.496,57200.0,31100.0,124000,48,home,1,0,1,1,1,0
CUST103820,24,male,business,3.1,57900,717,1,19,1,0,2,10500.0,0.618,0.376,105800.0,64500.0,203300,18,consumer,1,1,1,1,0,0
CUST103821,40,male,salaried,9.6,72000,648,4,76,8,0,2,21500.0,0.238,0.349,273400.0,196700.0,131900,36,vehicle,0,1,1,0,0,0
CUST103822,38,male,self_employed,15.0,125600,700,4,70,2,0,0,31300.0,0.216,0.557,230300.0,186300.0,696700,18,personal,1,1,1,1,1,1
CUST103823,33,male,salaried,7.9,56100,734,2,45,1,0,0,18600.0,0.214,0.472,322800.0,92900.0,378200,48,consumer,1,1,1,1,1,1
CUST103824,21,male,self_employed,14.5,29200,743,4,57,3,0,2,4600.0,0.397,0.169,178500.0,132800.0,20000,60,medical,1,1,1,1,0,1
CUST103825,55,male,business,7.7,148600,655,2,20,0,0,2,3300.0,0.137,0.127,867800.0,591200.0,744600,48,medical,1,1,1,1,1,1
CUST103826,53,male,salaried,3.7,100500,631,6,120,6,0,0,7800.0,0.384,0.412,349600.0,269200.0,605100,18,personal,1,1,1,1,1,0
CUST103827,55,male,self_employed,9.1,49300,723,2,45,3,0,1,700.0,0.655,0.078,276800.0,117400.0,227700,72,personal,1,1,1,1,0,1
CUST103828,61,male,business,2.8,61400,696,5,51,4,0,1,20200.0,0.339,0.387,116000.0,66900.0,85900,24,education,1,1,1,1,0,1
CUST103829,61,female,contract,7.9,30100,671,4,36,4,0,2,7400.0,0.277,0.366,9200.0,3000.0,130700,36,vehicle,1,1,1,1,1,0
CUST103830,29,female,salaried,7.5,170100,786,2,32,0,0,2,38300.0,0.497,0.374,630300.0,248400.0,609100,24,home_improvement,1,1,1,1,1,1
CUST103831,53,male,self_employed,6.6,17800,712,3,49,2,0,1,8100.0,0.492,0.553,81700.0,23200.0,83600,48,home,1,1,1,1,0,0
CUST103832,61,female,contract,2.1,123400,683,1,14,1,0,0,34600.0,0.159,0.374,122500.0,58800.0,692800,60,vehicle,1,1,1,1,0,1
CUST103833,47,male,salaried,15.0,41500,729,0,0,0,0,0,9100.0,0.289,0.425,166400.0,68500.0,306900,36,education,1,1,1,1,0,1
CUST103834,32,male,business,10.5,48400,705,4,58,2,0,0,9100.0,0.225,0.289,304100.0,110300.0,58800,12,personal,1,1,1,1,0,1
CUST103835,38,male,salaried,8.8,20700,656,3,58,2,0,2,4400.0,0.335,0.27,111900.0,37000.0,43100,36,vehicle,1,1,1,1,1,0
CUST103836,22,male,contract,5.6,66900,675,4,73,3,0,1,9300.0,0.177,0.223,245300.0,127700.0,270500,48,home_improvement,1,1,1,1,1,1
CUST103837,58,male,salaried,3.2,133700,753,2,44,0,0,1,30400.0,0.337,0.268,148400.0,107500.0,260900,48,personal,1,1,1,1,1,1
CUST103838,35,male,self_employed,7.6,45300,725,1,11,1,0,1,7200.0,0.189,0.25,273700.0,167700.0,148500,36,consumer,1,1,1,1,0,1
CUST103839,24,male,self_employed,10.6,33300,748,4,48,0,0,1,7500.0,0.426,0.252,176500.0,72000.0,54000,60,vehicle,1,1,1,1,0,1
CUST103840,40,male,self_employed,3.1,62900,688,3,55,5,0,1,18400.0,0.322,0.451,351600.0,90300.0,358200,36,education,1,0,1,1,0,0
CUST103841,49,male,salaried,8.5,95900,697,4,65,3,0,0,34800.0,0.291,0.449,374800.0,242800.0,493100,60,personal,1,1,1,1,1,1
CUST103842,58,female,contract,8.1,84500,689,2,25,1,0,3,10900.0,0.732,0.169,325500.0,121700.0,242200,72,personal,1,1,1,1,0,0
CUST103843,27,female,salaried,0.9,28100,636,1,23,1,0,1,3900.0,0.493,0.694,180500.0,83100.0,187300,12,personal,1,1,1,1,1,0
CUST103844,46,male,salaried,4.8,84100,678,1,22,2,0,2,20100.0,0.574,0.328,420000.0,267000.0,358400,48,personal,1,1,1,1,1,0
CUST103845,41,female,self_employed,25.1,92300,691,4,88,8,0,2,26600.0,0.679,0.296,195300.0,165700.0,25800,36,vehicle,1,1,1,1,0,1
CUST103846,24,male,salaried,9.9,59400,697,3,67,5,0,1,7200.0,0.325,0.193,369200.0,291600.0,257600,60,home_improvement,1,1,1,1,1,1
CUST103847,52,female,business,12.9,94100,809,2,42,0,0,1,15300.0,0.406,0.416,543400.0,472500.0,571200,24,home,1,1,1,1,1,1
CUST103848,30,male,salaried,12.9,104200,759,0,0,0,0,1,13700.0,0.433,0.227,489600.0,357500.0,359600,36,home,1,1,0,1,1,1
CUST103849,33,female,salaried,11.5,42900,720,4,90,2,0,2,1700.0,0.773,0.102,82600.0,49600.0,96300,36,vehicle,1,1,1,1,1,1
CUST103850,53,female,salaried,11.2,36800,719,2,43,1,0,3,4400.0,0.52,0.243,189400.0,58500.0,163200,36,home,1,1,1,1,0,0
CUST103851,52,male,self_employed,7.9,97300,764,2,46,0,0,1,11400.0,0.419,0.257,186100.0,117800.0,490900,36,medical,1,1,1,1,1,1
CUST103852,43,female,self_employed,8.4,68900,766,6,103,5,0,0,8100.0,0.479,0.142,138800.0,60300.0,100000,60,home,1,1,1,1,1,1
CUST103853,48,female,salaried,5.2,45000,679,3,62,1,0,1,13600.0,0.289,0.367,300600.0,86800.0,175300,60,personal,1,1,1,1,1,0
CUST103854,48,female,self_employed,7.7,58400,702,2,42,4,0,2,12900.0,0.243,0.36,192600.0,104600.0,293400,36,education,1,1,1,1,0,0
CUST103855,61,male,salaried,19.0,48900,747,8,130,6,0,2,19200.0,0.526,1.5,214000.0,156900.0,325200,6,personal,1,1,1,1,0,1
CUST103856,27,male,salaried,2.3,40500,638,1,12,3,0,0,13100.0,0.246,0.488,90700.0,77200.0,239900,36,home_improvement,1,1,0,1,1,0
CUST103857,21,male,contract,3.6,40500,662,3,50,4,0,1,3500.0,0.182,1.227,210700.0,124600.0,277200,6,consumer,1,0,1,1,0,0
CUST103858,47,male,business,12.0,70300,716,3,58,2,0,5,19500.0,0.333,0.336,93700.0,22900.0,147900,36,personal,1,1,1,1,0,1
CUST103859,35,male,salaried,5.5,22800,705,4,64,4,0,3,0.0,0.395,1.079,28200.0,7900.0,147600,6,home,1,1,1,1,0,0
CUST103860,35,male,self_employed,3.9,65400,682,7,91,7,0,1,19200.0,0.711,0.481,123000.0,53500.0,220100,18,vehicle,1,1,1,1,1,0
CUST103861,52,male,salaried,1.6,43200,604,7,93,12,0,2,6200.0,0.453,0.413,260700.0,163300.0,209900,18,personal,1,1,1,1,1,0
CUST103862,23,male,salaried,7.3,48500,743,4,90,2,0,1,8900.0,0.264,0.26,43300.0,30100.0,265600,72,vehicle,1,1,1,1,0,1
CUST103863,43,male,salaried,8.1,31700,644,0,0,0,0,0,9500.0,0.127,0.454,60000.0,52200.0,234400,48,personal,1,1,1,1,1,0
CUST103864,37,male,salaried,6.9,33600,685,3,61,5,0,1,10100.0,0.26,0.882,192700.0,103100.0,234400,12,home,1,1,1,1,1,0
CUST103865,58,male,salaried,2.9,83600,706,1,13,2,0,0,10400.0,0.068,0.257,277500.0,88100.0,265900,24,personal,1,0,0,1,1,1
CUST103866,47,male,salaried,9.9,65600,682,5,71,4,0,2,16400.0,0.371,0.38,191800.0,138000.0,307100,36,personal,1,1,1,1,0,0
CUST103867,63,male,business,5.9,75800,727,1,13,0,0,3,7700.0,0.49,0.204,113100.0,29800.0,185600,24,personal,1,1,1,1,0,1
CUST103868,47,female,self_employed,7.9,33200,667,2,32,2,0,2,14400.0,0.596,0.528,150900.0,73200.0,75000,24,vehicle,1,1,1,1,0,0
CUST103869,21,female,self_employed,5.0,62100,722,1,10,0,0,5,9000.0,0.391,0.303,257200.0,98600.0,353000,36,business,1,1,1,1,0,0
CUST103870,34,female,self_employed,14.6,44700,761,1,16,0,0,1,12400.0,0.319,0.37,275200.0,,99600,24,business,1,1,1,1,1,1
CUST103871,43,male,salaried,7.8,95800,687,2,20,0,0,1,16300.0,0.082,0.316,240100.0,202700.0,504600,36,consumer,1,1,1,1,0,1
CUST103872,41,female,contract,10.3,62300,787,7,109,3,0,5,24500.0,0.35,0.45,94000.0,38300.0,168200,48,home,1,1,1,1,1,1
CUST103873,23,female,salaried,3.5,70300,646,0,0,0,0,3,8500.0,0.413,0.289,457300.0,227300.0,565700,48,home,1,1,1,1,1,0
CUST103874,35,female,business,1.1,36100,632,4,55,5,0,0,8500.0,0.545,0.324,69900.0,61500.0,231200,72,consumer,1,1,0,1,0,0
CUST103875,30,female,contract,12.9,22700,698,5,46,4,0,2,8300.0,0.643,0.459,14800.0,12700.0,153000,72,home_improvement,1,1,1,1,0,0
CUST103876,42,male,salaried,9.0,37200,694,3,48,3,0,0,900.0,0.429,0.115,144100.0,36800.0,122100,36,home,1,1,1,1,0,1
CUST103877,37,female,contract,15.2,37200,725,4,73,3,0,1,7500.0,0.334,0.334,178300.0,88700.0,59300,12,education,1,1,1,1,0,1
CUST103878,56,male,salaried,11.0,64200,692,5,107,8,0,0,18300.0,0.378,0.407,175800.0,151900.0,376800,48,personal,1,1,1,1,1,1
CUST103879,49,male,salaried,3.2,31900,641,4,55,5,0,1,6100.0,0.514,0.463,69400.0,41600.0,208300,24,home,1,1,0,1,1,0
CUST103880,49,female,business,11.8,46300,725,2,19,1,0,0,15300.0,0.514,0.437,180200.0,52000.0,177500,36,home_improvement,1,1,1,1,0,0
CUST103881,52,male,business,14.1,47000,679,2,21,1,0,2,5800.0,0.567,0.178,287100.0,177400.0,91700,36,home_improvement,1,1,1,1,1,1
CUST103882,41,female,self_employed,8.2,136100,716,2,29,1,0,2,14800.0,0.213,0.15,523000.0,409200.0,405200,72,education,1,1,1,1,0,1
CUST103883,36,female,self_employed,2.6,67400,705,5,102,8,0,2,6100.0,0.216,0.202,283500.0,214300.0,449100,60,business,1,1,1,1,0,1
CUST103884,29,male,contract,8.7,111300,722,1,12,1,0,0,28600.0,0.232,0.284,735600.0,205600.0,144300,48,education,1,1,1,1,1,1
CUST103885,37,male,salaried,4.1,76100,678,1,20,3,0,2,20400.0,0.22,0.426,377500.0,293000.0,431800,36,personal,1,1,1,1,0,0
CUST103886,31,male,salaried,6.5,62800,679,2,18,2,0,2,17400.0,0.452,0.445,215700.0,64500.0,252700,24,home_improvement,1,1,1,1,1,0
CUST103887,39,female,salaried,2.5,37600,683,2,36,2,0,1,6900.0,0.466,0.232,203200.0,130100.0,65400,36,home,1,1,1,1,1,0
CUST103888,55,male,self_employed,3.3,56700,628,4,72,8,0,0,11900.0,0.205,0.291,192300.0,65700.0,276900,60,vehicle,1,1,1,1,0,0
CUST103889,62,male,contract,12.3,54000,706,3,35,1,0,4,21000.0,0.726,0.525,39700.0,29200.0,352400,48,medical,1,1,1,1,1,0
CUST103890,33,male,business,2.4,63000,748,0,0,0,0,3,20600.0,0.317,0.462,277200.0,169100.0,307300,36,personal,1,1,1,1,0,0
CUST103891,36,male,salaried,8.0,35900,707,2,42,2,0,2,13000.0,0.217,0.557,20900.0,10300.0,251600,36,home,1,1,1,1,1,0
CUST103892,52,male,contract,6.4,25900,756,3,60,3,0,1,5200.0,0.439,0.291,174600.0,118600.0,28000,12,vehicle,1,1,1,1,0,1
CUST103893,61,male,contract,2.1,82400,612,3,59,7,0,1,10900.0,0.488,0.244,344800.0,119900.0,332000,36,home,1,1,1,1,1,0
CUST103894,27,female,contract,6.5,57400,716,4,43,1,0,1,5900.0,0.784,0.189,355100.0,107000.0,238500,48,home,1,1,0,1,0,0
CUST103895,42,female,salaried,5.6,30300,638,3,66,3,0,1,2200.0,0.473,0.326,82900.0,19800.0,92200,12,personal,1,1,1,1,0,0
CUST103896,27,female,salaried,1.2,44000,702,4,70,2,1,1,7400.0,0.474,0.214,50200.0,10900.0,72600,36,home_improvement,1,0,1,0,0,0
CUST103897,35,male,salaried,1.3,69300,649,2,41,7,0,0,19800.0,0.229,0.455,306900.0,240200.0,422800,36,vehicle,1,1,1,1,0,0
CUST103898,58,female,salaried,14.0,58700,750,3,55,2,0,1,11500.0,0.466,0.403,372900.0,170500.0,145600,12,vehicle,1,1,0,1,1,1
CUST103899,39,male,salaried,5.7,33300,663,3,54,6,0,0,2800.0,0.304,0.406,158200.0,34700.0,192800,18,personal,1,1,1,1,1,0
CUST103900,50,female,salaried,23.2,127100,737,3,35,1,0,3,6800.0,0.644,0.135,831900.0,353400.0,371300,36,medical,1,1,1,1,1,1
CUST103901,42,male,salaried,12.0,212700,777,0,0,0,0,2,54000.0,0.555,0.399,1479800.0,1084300.0,1476900,48,personal,1,0,1,1,1,1
CUST103902,27,female,self_employed,8.2,68200,708,3,54,3,0,0,11300.0,0.571,0.182,318800.0,209400.0,39400,36,medical,1,1,1,1,1,1
CUST103903,44,female,salaried,2.0,60300,662,2,28,2,0,0,9400.0,0.184,0.23,259100.0,65900.0,160700,36,personal,1,1,1,1,1,0
CUST103904,61,male,salaried,8.7,49700,698,3,62,10,0,1,17000.0,0.339,0.427,242500.0,162300.0,203600,48,business,1,1,0,1,0,0
CUST103905,59,male,salaried,4.0,65600,626,3,62,4,0,1,18100.0,0.473,0.338,388700.0,333300.0,146600,36,business,1,1,1,1,0,0
CUST103906,59,male,salaried,7.6,43900,736,2,23,1,0,0,8400.0,0.629,0.277,254800.0,149200.0,90500,24,personal,1,1,1,1,0,1
CUST103907,29,male,salaried,5.1,25600,629,2,34,6,0,1,1500.0,0.252,0.085,126400.0,39800.0,40900,60,personal,1,1,1,1,1,0
CUST103908,45,female,salaried,4.3,16900,634,0,0,0,0,0,4300.0,0.337,0.35,32300.0,8800.0,38900,24,business,1,1,1,1,0,0
CUST103909,21,male,business,1.9,22200,659,6,62,4,0,3,1300.0,0.543,0.203,8200.0,2100.0,153900,48,personal,1,1,1,1,1,0
CUST103910,37,female,contract,2.8,42600,640,2,20,0,0,2,8900.0,0.328,0.257,13400.0,3200.0,99200,48,home,1,1,1,1,1,0
CUST103911,46,male,salaried,7.2,57900,699,1,23,1,0,1,400.0,0.244,0.145,374500.0,230500.0,383400,48,personal,1,1,1,1,0,1
CUST103912,31,female,self_employed,9.5,62000,807,3,36,0,0,2,11400.0,0.257,0.322,334800.0,123600.0,308100,36,vehicle,1,1,1,1,1,1
CUST103913,65,male,business,7.3,82500,738,4,81,3,0,0,25000.0,0.207,0.468,519000.0,464600.0,490400,36,personal,1,0,1,1,1,1
CUST103914,36,male,self_employed,8.5,62200,685,6,125,7,0,1,16800.0,0.257,0.408,387200.0,327600.0,411600,48,home,1,1,1,0,1,0
CUST103915,49,male,self_employed,6.8,45200,735,4,73,3,0,3,11800.0,0.312,0.488,176900.0,146000.0,369700,36,vehicle,1,1,1,1,0,0
CUST103916,52,male,salaried,5.2,55100,711,3,40,5,0,0,6800.0,0.429,0.232,50700.0,32600.0,357500,60,business,1,1,1,1,1,1
CUST103917,34,female,contract,21.1,51000,687,2,32,6,0,0,4200.0,0.157,0.105,128900.0,75400.0,70800,60,business,1,1,1,1,1,1
CUST103918,30,female,contract,6.8,39700,634,4,61,3,0,1,4600.0,0.466,0.308,171100.0,142900.0,183000,24,personal,1,1,1,1,1,0
CUST103919,21,female,self_employed,2.2,51200,698,1,15,0,0,0,11400.0,0.103,0.254,277200.0,173200.0,114000,72,vehicle,1,1,1,1,0,1
CUST103920,54,female,salaried,11.6,36800,676,3,52,2,0,3,3300.0,0.465,0.313,155100.0,123700.0,197600,24,home_improvement,1,1,1,1,1,0
CUST103921,30,male,self_employed,5.1,72700,671,0,0,0,0,1,3900.0,0.266,0.26,438100.0,239800.0,359500,24,personal,1,1,1,1,1,0
CUST103922,64,male,business,13.6,43900,803,0,0,0,0,0,0.0,0.047,0.084,206700.0,87100.0,176300,48,personal,1,1,1,1,1,1
CUST103923,42,male,salaried,8.3,33300,609,0,0,0,0,1,7000.0,0.303,1.262,56900.0,23500.0,210100,6,education,1,1,1,1,1,0
CUST103924,53,female,contract,6.6,66500,700,2,38,4,0,1,5400.0,0.41,0.216,265700.0,110900.0,323800,36,medical,1,1,1,1,1,1
CUST103925,28,female,salaried,20.9,52200,709,1,17,3,0,2,0.0,0.172,0.352,180100.0,155200.0,330900,18,personal,1,1,1,1,0,1
CUST103926,24,female,self_employed,3.0,35800,678,1,19,0,0,1,3800.0,0.208,0.122,139000.0,84200.0,20000,36,education,1,1,1,1,0,0
CUST103927,64,male,salaried,3.0,101100,712,1,17,0,0,0,31500.0,0.227,0.449,299900.0,244800.0,501900,36,vehicle,1,1,1,1,0,1
CUST103928,32,female,business,1.7,39100,679,0,0,0,0,3,3600.0,0.362,0.178,79100.0,18800.0,202300,60,vehicle,1,1,1,1,0,0
CUST103929,22,male,salaried,5.5,59000,629,3,32,7,0,1,17500.0,0.619,0.391,131100.0,71400.0,334300,60,education,1,1,1,1,0,0
CUST103930,26,male,salaried,4.0,56400,613,5,97,8,0,5,8500.0,0.382,0.243,113200.0,51600.0,186700,36,vehicle,1,1,1,1,0,0
CUST103931,60,male,self_employed,5.1,96100,713,4,90,2,0,2,9100.0,0.487,0.18,635600.0,132300.0,391200,48,personal,0,1,0,1,0,0
CUST103932,47,male,salaried,3.9,32400,716,4,77,3,0,2,10400.0,0.192,0.401,183100.0,83200.0,125100,48,vehicle,1,1,1,1,0,0
CUST103933,49,male,salaried,3.6,59500,635,1,12,2,0,1,18100.0,0.685,0.435,165200.0,48800.0,280200,36,vehicle,1,1,1,1,0,0
CUST103934,32,male,salaried,5.7,71300,633,3,63,9,0,0,4500.0,0.631,0.08,157700.0,104700.0,57100,48,vehicle,1,1,1,1,1,0
CUST103935,59,male,salaried,6.9,73300,653,6,127,11,0,1,19100.0,0.316,0.414,377200.0,280000.0,405000,36,personal,1,1,1,1,0,1
CUST103936,34,male,business,5.0,21400,694,5,79,6,0,1,0.0,0.075,0.141,89100.0,78700.0,109000,36,home,1,1,1,1,1,1
CUST103937,22,female,contract,9.0,47800,664,2,23,1,0,3,12000.0,0.332,0.453,173200.0,80300.0,231600,24,home_improvement,1,1,1,1,0,0
CUST103938,22,female,salaried,2.5,68600,638,3,28,2,0,1,17700.0,0.289,0.413,389700.0,180300.0,383700,36,consumer,1,1,1,1,0,0
CUST103939,56,male,salaried,8.3,16000,682,4,55,1,0,2,0.0,0.296,0.115,11900.0,4900.0,88200,48,personal,1,1,1,1,1,0
CUST103940,49,female,self_employed,6.6,80300,738,6,98,4,0,2,28800.0,0.161,0.452,333200.0,193600.0,271000,36,vehicle,1,1,1,1,0,1
CUST103941,29,female,self_employed,3.1,43000,686,3,40,2,1,2,9600.0,0.253,0.254,63200.0,18100.0,96000,72,education,1,1,1,1,1,0
CUST103942,51,male,self_employed,4.6,30300,727,2,37,1,0,4,9000.0,0.7,0.502,80400.0,56600.0,148800,24,home_improvement,1,1,1,1,1,0
CUST103943,54,female,contract,7.1,222300,839,1,16,0,0,2,23700.0,0.896,0.176,337500.0,291900.0,1112600,72,home_improvement,1,1,1,1,1,1
CUST103944,46,male,business,0.7,89100,724,3,52,2,0,2,24300.0,0.329,0.535,535100.0,440100.0,561200,24,business,1,1,1,0,0,1
CUST103945,49,female,self_employed,4.0,110000,703,4,40,0,0,3,14000.0,0.259,0.367,104500.0,55100.0,316900,12,business,1,1,1,1,0,1
CUST103946,25,male,business,9.8,93000,803,4,50,2,0,1,31200.0,0.066,0.569,329600.0,249000.0,521200,24,consumer,1,1,1,1,1,1
CUST103947,57,male,contract,12.5,144400,752,2,29,1,0,1,26500.0,0.586,0.382,308400.0,72200.0,686200,24,vehicle,1,1,1,1,1,1
CUST103948,52,male,business,1.8,70800,740,6,64,2,0,1,19200.0,0.384,0.756,168800.0,116400.0,411800,12,vehicle,1,1,1,1,1,0
CUST103949,26,male,contract,5.6,30100,677,3,53,7,0,1,8200.0,0.175,0.559,110000.0,41000.0,206900,24,personal,1,1,1,1,1,0
CUST103950,62,male,business,4.3,93700,720,0,0,0,0,0,19000.0,0.097,0.295,56100.0,15600.0,622000,72,home_improvement,1,1,1,1,0,1
CUST103951,64,male,salaried,3.9,67600,654,2,34,2,0,1,19800.0,0.566,0.369,61400.0,22200.0,308800,60,business,1,1,1,1,0,0
CUST103952,61,male,salaried,3.6,33200,689,1,17,0,0,1,3100.0,0.612,0.293,160100.0,38700.0,238400,36,personal,1,1,1,1,0,0
CUST103953,38,female,salaried,8.6,31300,739,4,54,2,0,2,13900.0,0.287,0.506,27900.0,14000.0,92300,48,business,1,1,1,1,0,1
CUST103954,64,male,salaried,14.0,24900,672,3,51,3,1,1,3600.0,0.394,0.536,48200.0,17900.0,175500,18,home,1,1,1,1,1,0
CUST103955,47,male,salaried,5.7,104900,750,7,90,1,0,1,37000.0,0.506,0.503,358400.0,100500.0,566100,36,vehicle,1,1,1,1,1,1
CUST103956,60,male,contract,11.8,68800,756,1,12,1,0,2,3700.0,0.265,0.201,116400.0,100700.0,365200,36,medical,1,1,1,1,1,1
CUST103957,59,male,salaried,6.9,63000,727,0,0,0,0,1,23800.0,0.066,0.453,204900.0,78400.0,113100,24,consumer,1,1,1,1,1,1
CUST103958,52,male,contract,3.4,77200,635,3,65,7,1,2,25000.0,0.316,0.421,186100.0,39300.0,359900,48,medical,1,1,1,1,1,0
CUST103959,23,male,salaried,5.7,92200,631,0,0,0,0,3,25300.0,0.321,0.307,180200.0,63500.0,107900,36,vehicle,1,1,1,1,0,0
CUST103960,28,male,business,8.3,48400,710,2,25,1,0,2,13700.0,0.36,0.446,336700.0,170100.0,284200,36,business,1,1,0,0,1,0
CUST103961,53,male,self_employed,2.8,43900,681,3,59,4,0,3,7400.0,0.529,0.263,179200.0,134300.0,149300,36,business,1,1,1,1,0,0
CUST103962,65,female,salaried,4.7,86700,693,2,18,2,0,1,29900.0,0.261,0.373,156600.0,57600.0,116700,48,medical,1,1,1,1,0,1
CUST103963,25,male,salaried,12.7,45700,728,4,36,4,0,0,15900.0,0.386,0.381,249500.0,190500.0,55100,36,medical,1,1,1,1,1,1
CUST103964,30,female,self_employed,3.7,141800,666,2,40,4,0,1,41200.0,0.368,0.435,810500.0,639300.0,492700,24,education,1,1,1,1,0,1
CUST103965,26,male,self_employed,3.3,71700,684,1,16,1,0,1,9900.0,0.298,0.189,252200.0,182500.0,260800,72,home_improvement,1,0,1,1,1,0
CUST103966,38,male,self_employed,6.2,40200,718,3,69,3,0,1,12500.0,0.267,0.49,140200.0,98900.0,259600,36,business,1,1,1,1,1,1
CUST103967,52,male,salaried,5.9,89500,636,1,15,1,0,1,17800.0,0.101,0.262,558100.0,241300.0,341300,60,consumer,1,1,0,1,1,0
CUST103968,63,female,salaried,4.5,79600,727,4,71,1,0,1,20700.0,0.492,0.376,593200.0,282400.0,444000,48,personal,1,1,1,0,0,1
CUST103969,33,female,self_employed,7.0,68200,628,4,60,4,1,3,15400.0,0.357,0.839,205600.0,180000.0,502000,12,home,1,1,1,1,0,0
CUST103970,65,male,contract,10.0,37300,743,2,33,3,0,2,7100.0,0.384,0.5,131200.0,47200.0,277200,24,home,1,1,1,1,0,0
CUST103971,41,female,self_employed,4.6,21700,599,2,20,6,0,0,8800.0,0.41,0.482,127500.0,94700.0,79900,48,home,1,1,1,0,1,0
CUST103972,34,male,self_employed,6.6,41200,718,3,36,3,0,1,12700.0,0.366,0.388,267900.0,72400.0,118700,36,business,1,1,1,1,1,1
CUST103973,56,male,salaried,3.0,48700,660,0,0,0,0,3,4300.0,0.426,0.147,268800.0,158100.0,137400,48,home_improvement,1,1,1,1,0,0
CUST103974,63,male,salaried,6.7,20900,674,3,54,6,0,0,0.0,0.48,0.043,91600.0,56000.0,32700,36,personal,1,1,1,1,1,0
CUST103975,34,male,salaried,3.9,70000,671,2,44,0,0,0,700.0,0.254,0.368,287600.0,137600.0,300900,12,business,1,1,1,1,1,0
CUST103976,28,male,salaried,3.6,47800,714,3,58,5,1,3,15600.0,0.297,0.441,121600.0,41700.0,198100,36,personal,1,1,0,0,1,0
CUST103977,38,male,salaried,12.7,195800,699,1,10,1,0,0,7700.0,0.412,0.298,516100.0,255400.0,913000,18,business,1,1,1,1,1,1
CUST103978,31,female,self_employed,7.7,91600,686,6,67,5,0,1,14800.0,0.325,0.234,184300.0,90200.0,239300,36,business,1,1,1,1,0,0
CUST103979,30,male,salaried,3.5,36200,723,2,34,4,0,1,7800.0,0.536,0.227,48000.0,14500.0,25400,60,business,1,0,1,1,0,0
CUST103980,23,male,salaried,15.1,36700,691,3,45,3,0,1,9300.0,0.326,0.624,141700.0,104600.0,163100,12,home_improvement,1,1,1,1,1,1
CUST103981,33,female,salaried,3.5,99400,676,3,44,1,0,1,0.0,0.729,0.044,596800.0,154100.0,157200,36,personal,1,1,1,1,0,0
CUST103982,51,male,salaried,0.6,54300,723,3,42,0,0,0,16800.0,0.238,0.616,46300.0,11000.0,399400,24,personal,1,1,1,1,1,1
CUST103983,57,male,salaried,6.6,67000,655,4,44,4,0,4,0.0,0.385,0.113,271100.0,217300.0,136400,18,home,1,1,1,1,0,0
CUST103984,24,male,business,10.8,49000,715,3,66,3,0,0,11000.0,0.329,0.246,261400.0,112800.0,61900,60,home,1,1,1,1,1,1
CUST103985,25,male,salaried,6.5,87200,617,1,19,3,1,2,16700.0,0.752,0.216,444700.0,217600.0,129500,60,consumer,1,1,1,1,1,0
CUST103986,45,male,salaried,2.5,34800,751,3,40,2,0,0,8000.0,0.241,0.315,170900.0,121000.0,176700,60,personal,1,0,1,1,1,1
CUST103987,56,male,salaried,4.3,83400,723,1,23,1,0,1,30100.0,0.73,0.527,253700.0,196900.0,498800,36,education,1,1,1,1,0,0
CUST103988,40,female,salaried,1.5,96800,731,4,63,1,1,1,19100.0,0.221,0.319,116200.0,35900.0,566400,48,vehicle,1,1,1,1,1,1
CUST103989,52,male,salaried,7.2,75700,687,1,10,0,0,0,14600.0,0.12,0.95,329700.0,123800.0,343900,6,vehicle,1,1,1,1,1,1
CUST103990,34,male,self_employed,4.6,82300,652,1,17,2,0,0,17500.0,0.414,0.318,249800.0,87200.0,311300,36,home_improvement,1,0,1,1,1,0
CUST103991,26,male,self_employed,8.0,94400,754,2,34,0,0,1,9400.0,0.493,0.246,134300.0,69100.0,331400,24,personal,1,1,1,0,1,1
CUST103992,53,female,self_employed,2.6,88500,661,3,58,5,0,2,19000.0,0.247,0.38,24300.0,18800.0,352000,24,consumer,1,1,1,1,1,0
CUST103993,59,female,salaried,8.0,70600,640,4,82,6,0,1,20500.0,0.074,0.403,208600.0,125700.0,475400,60,business,1,1,1,1,0,0
CUST103994,49,female,salaried,4.5,45900,652,7,70,7,0,0,6200.0,0.15,0.155,208600.0,112400.0,33100,36,education,1,1,1,1,0,0
CUST103995,58,male,salaried,10.5,45200,706,6,117,3,0,1,4700.0,0.397,0.132,47800.0,24000.0,45500,36,home,1,1,1,1,0,1
CUST103996,36,male,salaried,3.0,115700,669,2,45,3,0,0,40300.0,0.224,0.386,428700.0,152400.0,158800,36,personal,1,1,1,1,0,0
CUST103997,48,male,salaried,6.1,44000,698,0,0,0,0,0,10300.0,0.314,0.389,94300.0,27200.0,245600,36,personal,1,1,1,1,0,0
CUST103998,30,male,salaried,5.7,61900,706,2,34,4,0,0,11200.0,0.349,0.235,361100.0,91800.0,202400,60,home_improvement,1,1,1,1,1,1
CUST103999,39,male,self_employed,12.6,64500,756,6,77,1,0,3,14900.0,0.484,0.355,148400.0,104900.0,480700,60,home_improvement,1,1,1,1,0,1
CUST104000,58,female,business,3.5,31200,688,3,53,4,0,0,3900.0,0.287,0.307,199300.0,85500.0,102200,18,personal,1,1,1,1,1,0
CUST104001,39,male,salaried,5.8,40900,630,2,18,4,0,0,6100.0,0.223,0.312,147400.0,70500.0,240400,36,vehicle,1,1,1,1,1,0
CUST104002,50,male,salaried,6.1,33400,643,4,34,6,0,1,9100.0,0.734,0.434,152400.0,118200.0,194300,36,home,1,1,1,1,1,0
CUST104003,62,male,business,5.9,53400,741,0,0,0,0,1,17200.0,0.62,0.376,304900.0,216100.0,69100,24,consumer,1,1,0,1,1,0
CUST104004,65,male,salaried,6.4,23100,677,2,25,1,0,1,0.0,0.588,0.047,159000.0,56200.0,38900,36,consumer,1,1,1,1,1,0
CUST104005,44,female,salaried,8.6,45900,642,4,39,1,0,2,13300.0,0.36,0.366,230000.0,116200.0,84400,24,business,1,1,1,1,1,0
CUST104006,29,female,salaried,9.7,48300,636,5,82,8,0,1,6900.0,0.47,0.181,322500.0,153800.0,109400,60,business,1,1,0,1,0,0
CUST104007,30,male,salaried,5.4,37700,655,3,41,7,1,3,100.0,0.52,0.122,198800.0,80100.0,216500,48,home,1,1,1,1,1,0
CUST104008,64,female,business,5.6,94100,709,7,139,8,0,0,27100.0,0.247,0.336,568400.0,510500.0,215000,48,personal,1,1,1,1,0,1
CUST104009,61,female,salaried,8.8,35600,654,4,42,2,0,1,12200.0,0.495,0.437,110900.0,42100.0,160900,48,home,1,1,1,1,1,0
CUST104010,63,female,salaried,10.6,93600,751,2,45,1,0,0,17200.0,0.306,0.365,229200.0,59200.0,610500,36,medical,1,1,1,1,1,1
CUST104011,28,male,salaried,4.0,65000,709,3,46,2,0,0,16800.0,0.207,0.421,146400.0,75200.0,381300,36,business,1,1,1,1,0,1
CUST104012,62,female,self_employed,5.0,66500,760,0,0,0,0,0,16000.0,0.525,0.565,76700.0,56900.0,388600,18,consumer,1,1,1,1,1,1
CUST104013,47,male,salaried,1.7,47300,725,2,35,1,0,2,6100.0,0.17,0.238,316600.0,148000.0,92800,18,home,1,1,1,1,0,1
CUST104014,40,female,salaried,7.2,59000,668,4,47,1,0,2,10600.0,0.763,0.818,355600.0,300500.0,451600,12,personal,1,1,1,1,0,0
CUST104015,46,male,self_employed,10.1,32800,773,4,39,1,0,0,8800.0,0.162,0.357,206300.0,66000.0,209900,72,medical,1,1,1,1,0,1
CUST104016,56,male,contract,9.9,44300,645,4,81,7,0,3,6900.0,0.386,0.373,205300.0,76500.0,115500,12,home_improvement,1,1,0,1,1,0
CUST104017,51,female,salaried,2.8,63900,706,3,42,3,0,1,18000.0,0.428,0.559,256000.0,58100.0,318900,18,personal,1,1,1,1,1,0
CUST104018,42,female,salaried,4.1,64200,689,2,24,4,0,2,16700.0,0.401,0.578,422900.0,308600.0,122600,6,business,1,1,1,1,0,0
CUST104019,27,female,salaried,4.3,43300,700,4,86,2,0,1,0.0,0.516,0.227,60100.0,27000.0,235900,24,education,1,1,1,1,1,0
CUST104020,57,female,salaried,13.6,56300,788,1,12,0,0,0,10600.0,0.124,0.289,361600.0,233500.0,273100,48,consumer,1,1,1,1,0,1
CUST104021,35,male,salaried,2.1,50700,723,3,33,3,0,0,11900.0,0.265,0.296,226000.0,165500.0,224800,72,vehicle,1,0,1,1,1,1
CUST104022,32,male,business,4.9,55600,765,1,11,0,0,1,6100.0,0.513,0.154,29600.0,23300.0,88200,36,personal,1,1,1,1,1,1
CUST104023,27,female,salaried,12.7,51700,765,3,39,0,0,2,3300.0,0.609,0.176,207800.0,56700.0,348600,60,vehicle,1,1,1,1,0,1
CUST104024,55,male,self_employed,6.3,30600,674,4,58,6,0,1,11000.0,0.488,0.543,176500.0,117300.0,202300,36,personal,1,1,0,1,1,0
CUST104025,50,male,salaried,5.4,78700,682,3,35,4,0,0,13400.0,0.322,0.294,77600.0,20500.0,350400,36,home,1,1,1,1,1,1
CUST104026,28,female,salaried,7.3,42700,729,1,15,0,0,0,5900.0,0.574,0.341,195100.0,96200.0,311100,36,home,1,1,1,1,0,1
CUST104027,55,female,contract,3.9,77400,623,4,57,3,0,1,15600.0,0.428,0.386,420800.0,89600.0,515200,36,personal,1,1,1,1,0,0
CUST104028,34,male,salaried,11.2,33700,734,6,64,2,0,3,11700.0,0.293,0.478,85200.0,19100.0,211700,48,home_improvement,1,1,1,1,1,0
CUST104029,52,female,contract,7.8,109800,744,2,36,2,0,1,43800.0,0.317,0.455,57800.0,35300.0,293800,48,business,1,1,1,1,0,1
CUST104030,40,male,salaried,10.5,38300,627,1,12,0,0,2,5600.0,0.162,0.203,203700.0,167800.0,130200,60,personal,1,1,1,1,1,0
CUST104031,47,female,contract,7.3,55500,651,1,13,1,0,0,11900.0,0.512,0.279,301800.0,171400.0,171700,48,home_improvement,1,0,1,1,1,0
CUST104032,27,male,salaried,6.2,51400,681,0,0,0,0,1,8600.0,0.375,0.305,40700.0,16800.0,339100,48,home,1,1,1,1,0,0
CUST104033,30,male,salaried,12.1,24900,629,2,42,2,0,0,6500.0,0.383,0.349,113400.0,67900.0,78700,36,education,1,1,1,1,0,0
CUST104034,33,female,salaried,8.2,144200,757,3,68,1,0,3,37500.0,0.574,0.601,868400.0,192900.0,590000,12,personal,0,0,1,1,1,1
CUST104035,41,male,self_employed,11.8,48100,666,3,61,5,0,0,16600.0,0.231,0.4,336300.0,125600.0,189100,72,personal,1,1,1,0,1,1
CUST104036,53,male,self_employed,5.4,180500,742,1,14,0,0,1,65500.0,0.171,0.42,617400.0,280900.0,373800,36,education,1,1,1,1,0,1
CUST104037,42,female,business,4.1,93700,731,3,50,1,0,4,13600.0,0.266,0.191,338900.0,294500.0,205000,48,consumer,1,1,1,1,0,1
CUST104038,53,female,contract,14.2,98000,706,3,47,4,0,1,21200.0,0.437,0.305,326000.0,82000.0,523600,60,consumer,1,1,1,1,1,1
CUST104039,43,female,salaried,5.3,17700,664,2,42,0,0,1,5800.0,0.133,0.621,68500.0,21100.0,62300,12,vehicle,1,1,1,1,1,0
CUST104040,58,male,salaried,13.1,88400,643,4,80,8,0,1,29900.0,0.228,0.402,581400.0,228700.0,134600,24,business,1,1,1,1,1,1
CUST104041,21,male,self_employed,5.6,25500,644,6,82,8,0,1,5900.0,0.247,1.149,5100.0,4500.0,140400,6,business,1,1,1,1,1,0
CUST104042,61,female,self_employed,5.0,66800,727,4,75,5,0,1,22200.0,0.412,0.366,408500.0,293800.0,136500,60,vehicle,1,1,1,1,1,1
CUST104043,28,male,salaried,11.3,48000,654,3,25,5,0,1,4100.0,0.553,0.208,166600.0,127500.0,211900,36,personal,1,1,1,1,0,0
CUST104044,32,female,salaried,2.4,48800,638,3,64,8,0,0,9100.0,0.465,0.451,194200.0,153700.0,309500,24,personal,1,1,1,1,1,0
CUST104045,55,male,contract,1.7,38100,702,3,51,3,1,0,9500.0,0.702,0.301,37200.0,18000.0,70900,36,business,1,1,1,1,0,0
CUST104046,54,female,salaried,5.2,61900,712,3,51,3,0,1,19700.0,0.52,0.457,160300.0,71100.0,411300,48,vehicle,1,1,1,1,0,0
CUST104047,49,male,business,2.4,39400,669,3,27,3,0,1,16600.0,0.277,0.71,95300.0,69900.0,204700,18,vehicle,1,1,1,1,1,0
CUST104048,28,female,salaried,24.8,43300,721,3,61,5,0,0,10200.0,0.173,0.37,105300.0,66700.0,209700,36,vehicle,1,1,1,1,1,1
CUST104049,27,male,contract,0.8,40300,667,3,52,5,0,2,8800.0,0.208,0.323,132300.0,92400.0,202200,48,consumer,1,1,1,1,1,0
CUST104050,51,female,self_employed,12.2,90000,733,5,72,3,0,0,4700.0,0.341,0.206,99800.0,82700.0,82800,6,medical,1,1,1,1,1,1
CUST104051,51,male,salaried,6.6,69800,606,1,19,1,0,0,17700.0,0.242,0.34,474000.0,280500.0,216900,36,home,1,1,1,1,0,0
CUST104052,21,female,self_employed,9.4,147500,786,5,84,1,0,4,32800.0,0.704,0.352,700900.0,482500.0,920900,48,home_improvement,1,1,1,1,1,1
CUST104053,36,male,contract,10.5,75500,787,3,71,1,0,0,6200.0,0.073,0.181,79000.0,20500.0,178600,24,home_improvement,1,1,1,1,0,1
CUST104054,22,female,salaried,13.2,43300,711,2,32,0,0,1,8900.0,0.49,0.274,47200.0,40800.0,142100,48,home,1,1,1,1,1,1
CUST104055,58,male,salaried,8.7,60900,746,3,29,1,0,3,2300.0,0.399,0.085,109800.0,95900.0,205000,72,medical,1,1,1,1,1,1
CUST104056,58,male,salaried,17.3,120000,796,2,28,0,0,1,9900.0,0.38,0.236,190000.0,53300.0,330500,18,personal,1,1,1,1,1,1
CUST104057,26,male,salaried,24.6,76200,782,2,46,0,0,1,17400.0,0.609,0.307,224900.0,119700.0,215100,36,personal,1,1,1,1,1,1
CUST104058,53,male,business,2.6,20300,604,3,42,3,1,0,2300.0,0.388,0.294,146800.0,37000.0,65900,18,home,1,1,1,1,1,0
CUST104059,24,female,salaried,12.7,43200,712,3,62,1,0,1,4800.0,0.37,0.315,223500.0,51700.0,211300,24,education,0,1,1,1,1,1
CUST104060,34,female,business,2.9,71000,669,4,85,7,0,0,10300.0,0.581,0.368,59000.0,19200.0,285000,18,medical,1,1,1,1,1,0
CUST104061,54,male,salaried,8.8,51800,704,2,29,3,0,2,900.0,0.217,0.158,86200.0,68000.0,130800,18,education,1,1,1,1,0,1
CUST104062,54,female,salaried,1.7,37000,598,1,21,1,0,1,6500.0,0.343,0.276,71900.0,61500.0,134000,36,home_improvement,1,1,1,1,1,0
CUST104063,61,female,salaried,6.8,35200,770,4,88,0,0,0,15500.0,0.39,0.568,186900.0,121000.0,161900,36,home_improvement,1,0,1,1,0,1
CUST104064,35,female,self_employed,5.8,59100,688,7,159,9,0,2,18800.0,0.325,0.816,372400.0,79100.0,352800,12,personal,1,1,1,1,1,0
CUST104065,45,female,salaried,15.3,44200,723,3,64,2,0,0,5600.0,0.438,0.222,235000.0,154600.0,202700,48,education,1,1,1,1,1,1
CUST104066,46,male,salaried,12.5,41200,753,2,20,0,0,0,0.0,0.177,0.114,55500.0,26000.0,169600,36,home,1,1,1,1,0,1
CUST104067,36,female,salaried,4.5,62600,661,1,22,2,0,1,5300.0,0.104,0.427,374900.0,201300.0,385300,18,home_improvement,1,1,1,1,1,0
CUST104068,55,male,salaried,2.1,67700,657,3,37,5,0,1,17100.0,0.443,0.405,354900.0,287500.0,371200,36,personal,1,1,1,1,1,0
CUST104069,43,male,salaried,12.6,113600,714,0,0,0,0,1,37300.0,0.157,0.577,101100.0,77900.0,676600,24,vehicle,1,1,1,1,1,1
CUST104070,29,male,salaried,8.0,64300,631,1,13,0,0,3,10200.0,0.61,0.713,144100.0,128200.0,427800,12,home,1,1,1,0,0,0
CUST104071,39,female,salaried,6.0,66800,755,2,45,1,0,2,9300.0,0.513,0.196,294300.0,175300.0,136000,36,business,1,1,1,1,1,1
CUST104072,37,female,salaried,1.4,61400,632,2,39,7,0,1,1600.0,0.168,0.208,214300.0,169800.0,267400,24,personal,1,1,1,1,1,0
CUST104073,60,female,business,16.5,52900,681,2,36,0,0,1,16800.0,0.556,0.879,184700.0,130100.0,178100,6,personal,0,1,1,1,0,0
CUST104074,36,male,salaried,10.3,60900,744,0,0,0,0,2,19100.0,0.6,0.486,56500.0,29600.0,377300,36,medical,1,1,1,1,1,0
CUST104075,62,female,self_employed,3.8,20500,607,3,38,7,0,0,2700.0,0.126,0.226,99400.0,80300.0,46400,24,consumer,1,1,1,1,1,0
CUST104076,51,female,salaried,9.3,124700,753,2,26,0,0,0,43700.0,0.406,0.379,846200.0,428500.0,171000,48,business,1,1,1,1,1,1
CUST104077,41,female,contract,6.3,175800,714,2,20,0,0,2,10600.0,0.495,0.138,148000.0,110000.0,489700,36,vehicle,1,1,1,1,1,1
CUST104078,30,male,self_employed,6.2,21900,662,1,22,2,0,1,3800.0,0.318,0.297,68800.0,44200.0,97000,36,home,1,1,1,1,0,0
CUST104079,63,female,salaried,8.6,81700,719,2,36,0,0,0,26000.0,0.128,0.36,448500.0,188900.0,163600,48,personal,1,1,1,1,0,1
CUST104080,48,female,salaried,8.4,34900,709,5,105,5,0,1,1200.0,0.284,0.236,69800.0,,169000,24,consumer,1,1,1,1,0,0
CUST104081,60,male,salaried,10.8,34500,657,3,49,5,0,1,11600.0,0.249,0.38,248200.0,140000.0,91000,60,vehicle,1,1,1,1,0,0
CUST104082,54,male,contract,2.5,46000,730,3,62,1,0,1,21600.0,0.212,0.993,248800.0,74900.0,289000,12,education,1,1,1,1,1,0
CUST104083,41,male,salaried,14.1,27200,660,2,27,5,0,1,2400.0,0.807,0.96,82600.0,43300.0,142300,6,home_improvement,1,1,1,1,0,0
CUST104084,31,male,salaried,4.3,67900,651,1,17,2,0,2,6800.0,0.629,0.159,325000.0,264000.0,239000,60,education,1,1,1,1,1,0
CUST104085,42,male,salaried,5.5,50300,684,3,34,2,0,1,7800.0,0.36,0.312,250400.0,203200.0,283800,36,vehicle,1,1,1,1,0,1
CUST104086,37,male,self_employed,1.7,51800,716,3,27,3,0,2,900.0,0.553,0.188,331800.0,201200.0,317800,36,education,1,1,1,1,1,0
CUST104087,37,male,self_employed,4.7,71500,691,4,43,1,0,0,10600.0,0.269,0.171,253100.0,91100.0,79400,48,consumer,1,1,1,1,1,1
CUST104088,22,female,business,1.5,38100,692,4,91,5,0,2,11200.0,0.291,0.48,231500.0,142700.0,127600,18,education,1,1,1,1,0,0
CUST104089,45,male,salaried,9.5,79200,614,3,36,3,0,2,16700.0,0.259,0.252,504600.0,201300.0,154800,48,personal,1,1,1,1,0,0
CUST104090,45,female,contract,2.7,52500,757,2,25,1,0,1,13300.0,0.187,0.331,122700.0,62600.0,194500,48,vehicle,1,1,1,1,0,1
CUST104091,23,female,salaried,12.8,92000,752,2,42,0,0,2,7300.0,0.322,0.199,401000.0,256900.0,530300,48,personal,1,1,1,1,1,1
CUST104092,43,male,salaried,6.6,36500,704,0,0,0,0,0,11600.0,0.403,0.411,237700.0,,203400,60,vehicle,1,1,1,1,0,0
CUST104093,39,female,salaried,6.0,47700,686,3,51,3,0,1,14000.0,0.637,0.35,330800.0,70800.0,97300,36,business,1,1,1,1,0,0
CUST104094,51,male,contract,9.5,193800,651,2,28,2,0,3,49000.0,0.414,0.29,1304500.0,1095400.0,343500,48,personal,1,1,1,1,1,0
CUST104095,62,male,business,3.7,60800,661,3,45,3,0,0,17100.0,0.73,0.386,55100.0,12100.0,229900,36,personal,1,1,1,1,1,0
CUST104096,45,female,salaried,2.6,80200,723,5,108,2,0,0,27000.0,0.106,0.845,359500.0,155000.0,489600,12,vehicle,1,1,1,1,1,1
CUST104097,61,male,salaried,3.9,146200,745,3,59,1,0,0,30200.0,0.042,0.29,76900.0,31900.0,441000,36,consumer,1,1,1,1,1,1
CUST104098,59,male,salaried,5.8,57800,685,3,50,1,0,0,3600.0,0.181,0.107,52500.0,23400.0,92300,36,personal,1,1,1,1,0,1
CUST104099,28,male,contract,15.4,59000,788,3,55,2,0,1,17000.0,0.362,0.418,318500.0,208000.0,184300,24,consumer,1,1,1,1,0,1
CUST104100,59,female,salaried,8.7,65200,762,2,28,0,0,0,3400.0,0.121,0.106,41100.0,29000.0,167300,48,education,1,0,1,1,0,1
CUST104101,28,female,salaried,3.3,60100,722,3,39,0,0,4,12500.0,0.475,0.303,65500.0,31200.0,103100,18,medical,1,1,1,1,1,0
CUST104102,26,female,salaried,8.0,53600,701,1,13,1,0,0,3400.0,0.402,0.455,188500.0,65300.0,377700,18,vehicle,1,1,1,1,0,1
CUST104103,29,female,business,1.0,69300,652,5,92,8,0,2,8000.0,0.618,0.283,455700.0,157200.0,417600,36,home_improvement,1,1,1,1,1,0
CUST104104,47,female,salaried,9.8,72400,770,4,71,1,0,0,6400.0,0.107,0.141,333200.0,182400.0,275200,72,personal,1,1,1,1,1,1
CUST104105,23,female,self_employed,9.0,136200,789,4,64,0,0,0,37700.0,0.196,0.437,681100.0,517600.0,393500,18,business,1,1,1,1,0,1
CUST104106,51,female,contract,8.6,19200,700,1,20,0,0,1,6400.0,0.228,0.575,15300.0,12700.0,166900,36,personal,1,1,1,1,0,0
CUST104107,49,male,salaried,6.8,83400,675,3,38,4,0,0,23300.0,0.796,0.291,80400.0,37600.0,48400,48,home,1,1,0,1,1,0
CUST104108,41,female,self_employed,1.3,44500,589,4,40,4,0,0,12500.0,0.052,0.502,223500.0,48700.0,236300,24,home,1,1,1,1,1,0
CUST104109,22,male,salaried,4.6,85600,734,3,35,1,0,1,19000.0,0.283,0.37,181900.0,113600.0,303700,24,consumer,1,1,1,1,0,1
CUST104110,33,female,contract,4.5,76500,705,3,36,0,0,1,14300.0,0.217,0.214,283100.0,183200.0,124700,60,vehicle,1,1,1,1,0,1
CUST104111,46,male,salaried,8.8,22700,731,2,30,0,0,0,4500.0,0.278,0.341,38700.0,22100.0,155400,48,home,1,1,1,1,1,1
CUST104112,27,male,business,1.2,45100,646,1,9,1,0,0,7100.0,0.374,0.41,66500.0,19600.0,136700,12,consumer,1,1,1,1,0,0
CUST104113,48,male,salaried,6.2,100300,609,2,44,2,0,2,6200.0,0.309,0.117,289700.0,232600.0,199400,36,personal,1,1,1,1,1,0
CUST104114,54,female,contract,22.9,38800,769,2,42,0,0,1,8600.0,0.313,0.739,158000.0,141200.0,240900,12,home_improvement,1,1,1,1,0,1
CUST104115,55,female,salaried,7.3,108200,689,0,0,0,0,0,32100.0,0.239,0.348,288600.0,102100.0,198500,36,business,1,1,1,1,1,1
CUST104116,21,female,salaried,12.4,51400,719,2,27,1,0,1,17400.0,0.178,0.404,70100.0,48200.0,202400,60,consumer,1,1,1,1,0,1
CUST104117,42,male,contract,1.7,27100,663,3,51,6,0,3,0.0,0.209,0.031,128200.0,61800.0,20000,24,consumer,1,1,1,1,1,0
CUST104118,44,male,self_employed,1.9,48900,692,3,60,3,0,2,12300.0,0.271,0.312,331600.0,257200.0,177500,60,vehicle,1,1,1,1,1,0
CUST104119,35,male,self_employed,6.5,26900,719,2,33,1,0,1,3000.0,0.169,0.198,158700.0,57800.0,83700,36,personal,1,1,1,1,1,0
CUST104120,65,male,salaried,7.5,119700,744,2,38,2,0,0,17400.0,0.073,0.29,799900.0,563600.0,831400,48,personal,1,1,1,1,1,1
CUST104121,37,male,business,7.9,66500,711,4,70,2,0,0,15600.0,0.339,0.357,316000.0,144100.0,293100,36,medical,1,1,1,1,1,1
CUST104122,53,female,self_employed,1.4,47200,699,1,22,0,0,1,13400.0,0.121,0.409,162300.0,54300.0,211800,36,consumer,1,1,1,1,0,0
CUST104123,50,male,salaried,0.8,76100,719,2,39,1,0,0,23200.0,0.105,0.405,158500.0,55000.0,458600,60,vehicle,1,1,1,1,1,1
CUST104124,28,male,salaried,12.3,64900,768,1,21,1,0,0,3200.0,0.502,0.127,370200.0,77600.0,303700,60,business,1,1,1,1,0,1
CUST104125,23,male,salaried,0.9,58800,652,3,38,1,0,1,5900.0,0.262,1.298,325900.0,129700.0,422500,6,vehicle,1,1,1,1,0,0
CUST104126,59,male,salaried,2.0,30700,686,5,47,3,0,2,6500.0,0.278,0.285,173200.0,154800.0,107700,48,vehicle,1,1,1,1,1,0
CUST104127,32,male,salaried,8.2,96800,775,5,119,1,0,2,33600.0,0.611,0.392,420200.0,160700.0,209100,48,vehicle,1,1,1,1,0,1
CUST104128,50,male,business,2.9,56800,710,2,46,2,0,3,17000.0,0.783,0.429,229400.0,162900.0,265700,36,personal,1,1,0,1,1,0
CUST104129,40,female,self_employed,2.8,131700,761,2,32,0,0,4,42700.0,0.413,0.433,231400.0,104600.0,517900,36,consumer,1,1,1,1,1,1
CUST104130,56,male,salaried,5.1,15000,695,3,68,4,0,3,3200.0,0.194,0.324,47600.0,41700.0,39800,24,vehicle,1,0,1,1,1,0
CUST104131,44,male,business,3.3,28300,692,6,124,2,0,1,0.0,0.223,0.238,43900.0,33200.0,121200,18,business,1,1,1,1,0,0
CUST104132,33,male,salaried,4.4,42100,676,6,70,8,0,4,6400.0,0.835,0.183,266400.0,158600.0,62600,48,education,1,1,1,1,0,0
CUST104133,29,female,salaried,3.3,141800,702,5,50,5,0,4,18700.0,0.164,0.299,123800.0,30100.0,855400,36,consumer,1,1,1,1,1,1
CUST104134,63,male,self_employed,11.5,135300,831,5,89,1,0,1,23100.0,0.4,0.475,744700.0,510200.0,741100,18,home,1,1,1,1,0,1
CUST104135,51,female,salaried,9.9,75600,706,4,81,7,0,3,9800.0,0.301,0.235,0.0,0.0,475900,60,business,1,1,1,1,1,0
CUST104136,51,male,salaried,2.5,108400,635,0,0,0,0,0,10300.0,0.253,0.144,138000.0,101700.0,257000,48,vehicle,1,1,1,1,0,0
CUST104137,46,male,contract,13.4,28600,703,4,91,5,0,0,4100.0,0.115,0.189,130600.0,72900.0,62900,48,business,1,1,1,1,1,1
CUST104138,31,female,contract,4.4,54600,636,4,90,6,0,2,18100.0,0.344,0.393,227800.0,132900.0,200300,60,education,1,1,1,1,1,0
CUST104139,32,male,business,4.9,24800,673,4,41,3,0,3,9900.0,0.15,0.44,90100.0,51200.0,49000,48,personal,1,1,1,1,1,0
CUST104140,36,male,salaried,1.8,87100,761,3,62,1,0,1,6300.0,0.391,0.15,555700.0,127400.0,161500,24,medical,1,1,1,1,0,1
CUST104141,63,male,contract,13.4,30500,747,5,97,3,0,1,6400.0,0.586,0.285,151400.0,133400.0,82300,36,personal,1,1,1,1,0,1
CUST104142,28,male,salaried,18.2,36300,653,4,69,7,0,0,4200.0,0.453,0.146,99600.0,60500.0,52600,48,business,1,1,1,1,1,0
CUST104143,41,male,self_employed,10.6,36300,610,3,40,2,0,2,12600.0,0.312,0.452,123800.0,80700.0,137200,36,medical,1,1,1,0,0,0
CUST104144,21,male,salaried,2.2,30300,663,2,23,3,0,2,2700.0,0.426,0.266,74200.0,32800.0,193100,36,home_improvement,1,1,1,1,0,0
CUST104145,26,male,salaried,9.4,27000,669,3,49,5,0,1,10600.0,0.253,0.607,36700.0,14200.0,208300,36,home_improvement,1,1,1,1,1,0
CUST104146,24,male,business,8.2,70700,611,6,116,10,0,0,11500.0,0.203,0.671,139600.0,124800.0,431400,12,personal,1,1,1,1,1,0
CUST104147,54,male,salaried,1.8,26400,599,1,9,2,1,3,7700.0,0.141,0.413,82400.0,58800.0,115300,36,medical,1,1,1,1,1,0
CUST104148,27,female,self_employed,1.8,52700,605,2,24,0,0,1,5200.0,0.589,0.205,115600.0,94000.0,101100,18,home,1,1,1,1,0,0
CUST104149,29,female,salaried,18.2,64600,675,0,0,0,0,0,4600.0,0.344,0.076,243600.0,63200.0,20000,60,education,1,1,1,1,0,0
CUST104150,60,male,salaried,16.1,45900,754,0,0,0,0,1,15400.0,0.385,0.632,102700.0,23100.0,81600,6,home,1,1,1,1,0,1
CUST104151,53,male,contract,18.4,47500,679,3,41,1,0,2,3900.0,0.345,0.192,290000.0,,250100,48,business,1,1,1,1,0,1
CUST104152,48,male,salaried,27.0,121000,740,5,67,3,0,2,32600.0,0.401,0.458,829100.0,595800.0,821800,36,personal,1,1,1,1,1,1
CUST104153,61,female,self_employed,3.4,82200,671,0,0,0,0,2,17700.0,0.464,0.317,280300.0,235600.0,399200,48,business,1,1,1,1,1,0
CUST104154,40,male,salaried,10.6,68400,683,3,40,5,0,2,12500.0,0.215,0.2,427600.0,195300.0,29100,24,home,1,1,1,1,1,1
CUST104155,46,male,salaried,6.8,33000,808,4,77,3,0,1,600.0,0.475,0.221,169700.0,100600.0,160400,24,consumer,1,1,1,1,1,1
CUST104156,44,male,business,4.2,89200,680,3,47,1,0,0,22600.0,0.276,0.637,487000.0,401100.0,410300,12,home_improvement,1,1,1,1,1,1
CUST104157,60,female,self_employed,4.9,66700,757,3,66,0,0,1,22200.0,0.346,0.914,180000.0,66100.0,232400,6,consumer,1,1,1,1,1,1
CUST104158,63,female,salaried,6.0,60200,753,1,23,1,0,4,14900.0,0.495,0.417,214200.0,109700.0,183600,18,personal,1,1,1,1,0,1
CUST104159,34,male,salaried,14.1,121600,695,1,21,1,0,1,3800.0,0.596,0.073,454500.0,406800.0,121600,24,personal,1,1,1,1,1,1
CUST104160,38,male,self_employed,6.0,39700,702,4,72,8,0,2,11000.0,0.285,0.722,62900.0,51500.0,211800,12,vehicle,1,1,0,1,0,0
CUST104161,49,female,self_employed,7.9,52900,706,6,99,3,0,3,6900.0,0.476,0.265,291200.0,148100.0,256900,36,personal,1,1,1,1,0,0
CUST104162,39,female,salaried,5.6,53100,705,3,42,3,0,1,19700.0,0.215,0.418,65000.0,48300.0,150400,60,personal,1,1,1,1,1,0
CUST104163,28,female,salaried,12.9,138000,734,2,43,1,0,2,11600.0,0.204,0.212,582300.0,229700.0,850500,48,personal,1,1,1,1,0,1
CUST104164,28,female,salaried,8.9,48800,658,4,76,8,0,0,9600.0,0.095,0.274,233300.0,150800.0,180100,48,consumer,1,1,1,1,1,1
CUST104165,24,female,business,2.2,159800,746,1,18,0,0,0,19700.0,0.064,0.248,249100.0,138900.0,718600,36,vehicle,1,1,1,1,1,1
CUST104166,27,female,salaried,2.7,54000,783,1,24,0,0,3,16600.0,0.276,0.535,123400.0,86600.0,147600,12,consumer,1,1,1,1,0,1
CUST104167,56,male,salaried,1.5,80700,709,0,0,0,0,1,14200.0,0.316,0.351,212200.0,190500.0,338600,24,consumer,1,1,1,1,1,0
CUST104168,22,female,business,5.4,26200,641,1,16,2,0,0,6800.0,0.541,0.317,21800.0,13900.0,53800,36,education,1,1,1,1,1,0
CUST104169,52,female,contract,9.7,66900,724,4,84,4,0,1,8000.0,0.28,0.141,72300.0,55100.0,104400,72,home,1,1,1,1,1,1
CUST104170,45,female,contract,5.0,53800,642,2,30,2,0,3,11000.0,0.18,0.285,257000.0,155200.0,208000,48,consumer,1,1,1,1,0,0
CUST104171,62,male,salaried,12.2,56400,756,1,19,1,0,1,14100.0,0.384,0.438,405300.0,106100.0,382300,36,personal,1,0,1,1,0,1
CUST104172,46,female,business,1.1,35000,613,2,18,4,0,2,5200.0,0.377,0.166,22200.0,15000.0,43100,72,business,1,1,1,1,1,0
CUST104173,62,female,salaried,4.2,116800,779,3,57,0,0,1,31500.0,0.632,0.33,87400.0,64000.0,254200,36,vehicle,1,1,1,1,0,1
CUST104174,44,male,salaried,15.4,74000,700,0,0,0,0,0,16400.0,0.37,0.992,423200.0,341100.0,342100,6,medical,1,1,1,1,1,0
CUST104175,60,female,self_employed,7.6,128900,732,1,15,0,0,1,29100.0,0.385,0.298,639200.0,354900.0,333000,36,personal,1,1,1,1,1,1
CUST104176,54,male,salaried,9.0,50400,763,4,89,3,0,0,6200.0,0.362,0.758,18700.0,13000.0,383900,12,vehicle,1,1,1,1,0,1
CUST104177,48,male,salaried,5.6,114300,752,3,56,1,0,4,25700.0,0.29,0.326,255300.0,160000.0,415200,36,personal,1,1,1,1,0,1
CUST104178,27,female,business,7.9,53300,669,1,13,2,0,0,6100.0,0.525,0.477,263800.0,237400.0,232000,12,home,1,1,1,1,0,0
CUST104179,46,male,self_employed,10.2,84300,721,1,11,1,0,1,12700.0,0.577,0.337,239600.0,82100.0,188500,12,education,1,1,1,1,1,1
CUST104180,46,male,self_employed,2.2,101700,724,3,50,4,0,0,10800.0,0.433,0.155,697000.0,365700.0,359300,72,consumer,1,1,1,1,0,1
CUST104181,32,male,salaried,6.2,46700,717,9,111,6,0,1,4500.0,0.183,0.212,271800.0,205300.0,260100,48,business,1,1,1,1,0,1
CUST104182,63,female,salaried,6.8,97900,633,2,19,1,0,1,18500.0,0.576,0.412,297200.0,133400.0,784600,36,personal,1,1,1,1,0,0
CUST104183,29,female,business,10.8,85100,757,2,48,0,0,2,24000.0,0.22,0.371,317600.0,114600.0,363300,48,education,1,1,1,1,1,1
CUST104184,48,female,salaried,8.3,78800,759,2,44,0,0,0,4100.0,0.416,0.168,388200.0,340100.0,329000,36,personal,1,1,1,1,1,1
CUST104185,41,female,self_employed,11.2,44700,657,3,36,6,0,1,14700.0,0.115,0.392,257600.0,113100.0,101600,36,education,1,1,1,1,0,0
CUST104186,55,female,salaried,3.0,80700,710,3,52,2,0,1,10600.0,0.17,0.287,197200.0,168900.0,451500,36,home_improvement,1,1,1,1,0,1
CUST104187,48,female,self_employed,2.1,118600,674,5,91,4,0,1,39800.0,0.113,0.382,500400.0,,198600,36,personal,1,1,1,1,1,1
CUST104188,43,male,business,6.5,75500,684,2,46,0,0,1,13600.0,0.165,0.252,343400.0,204300.0,323400,60,personal,1,1,0,1,1,1
CUST104189,39,female,salaried,25.6,37400,706,3,69,3,0,3,8300.0,0.556,0.671,13100.0,7300.0,100800,6,home,1,1,1,1,0,1
CUST104190,25,male,business,7.4,126000,771,2,45,1,0,2,43400.0,0.12,0.506,580400.0,493900.0,487200,24,medical,1,1,1,1,0,1
CUST104191,64,female,salaried,5.0,15000,753,2,29,1,0,3,5500.0,0.15,0.497,125300.0,60400.0,70200,36,home_improvement,1,1,1,1,0,0
CUST104192,65,male,salaried,,114300,699,1,20,1,0,2,18100.0,0.293,0.32,505100.0,445100.0,665500,36,personal,1,1,1,1,0,1
CUST104193,58,female,business,3.2,91100,653,4,53,7,0,1,28700.0,0.448,0.576,461800.0,315800.0,569800,24,vehicle,1,1,1,1,1,0
CUST104194,36,female,salaried,12.0,78200,742,1,13,0,0,1,18300.0,0.517,0.285,188600.0,49600.0,192100,48,personal,1,1,1,1,1,1
CUST104195,49,female,salaried,6.3,105300,652,2,42,2,0,2,22800.0,0.474,0.459,410600.0,122100.0,611800,24,medical,1,1,1,1,1,0
CUST104196,28,male,salaried,10.6,53300,710,4,76,4,1,0,13300.0,0.209,0.333,185800.0,42000.0,268200,60,home_improvement,1,1,1,0,1,0
CUST104197,39,female,salaried,3.2,116300,724,2,32,4,0,1,21700.0,0.081,0.267,49200.0,27000.0,558800,60,home,1,1,1,1,1,1
CUST104198,46,male,salaried,4.1,74200,608,2,30,2,0,1,7800.0,0.117,0.372,372200.0,100400.0,237300,12,personal,1,1,1,1,1,0
CUST104199,23,female,salaried,0.7,53700,684,6,116,4,0,1,10100.0,0.241,0.265,386100.0,175800.0,249000,60,personal,1,1,1,1,1,0
CUST104200,26,female,salaried,8.7,36700,712,4,77,3,0,0,10500.0,0.522,0.766,31800.0,12400.0,317100,18,personal,1,1,1,1,0,0
CUST104201,61,female,contract,15.3,174800,732,4,64,4,0,1,9900.0,0.568,0.098,970700.0,602700.0,349600,48,business,1,1,1,1,1,1
CUST104202,37,female,self_employed,2.2,50800,699,4,77,3,0,0,13600.0,0.474,0.357,185100.0,128700.0,218000,48,medical,1,1,1,1,0,0
CUST104203,55,male,salaried,8.2,113800,744,2,38,0,0,3,26300.0,0.252,0.282,474300.0,198400.0,206600,36,education,1,1,1,1,1,1
CUST104204,45,male,contract,4.7,38000,703,2,22,0,0,0,6100.0,0.27,0.955,138800.0,,181100,6,education,1,1,1,1,1,0
CUST104205,36,male,contract,12.5,93600,712,1,22,1,0,2,29200.0,0.563,0.316,55000.0,43100.0,20000,60,medical,1,1,1,1,0,1
CUST104206,21,male,salaried,1.6,92600,731,5,50,0,0,0,7200.0,0.182,0.237,74900.0,62100.0,176900,12,education,1,1,1,1,1,1
CUST104207,28,male,salaried,5.1,85900,705,3,70,2,0,1,13500.0,0.505,0.19,407600.0,292300.0,101200,36,personal,1,1,1,1,0,1
CUST104208,60,male,salaried,6.5,73000,681,4,67,5,0,1,29200.0,0.413,0.622,484200.0,423900.0,291400,18,personal,1,1,1,1,1,1
CUST104209,55,female,salaried,10.9,72400,760,6,64,2,0,2,18400.0,0.356,0.321,324700.0,136000.0,230800,48,personal,1,1,1,1,1,1
CUST104210,31,female,business,15.8,100500,714,2,32,2,0,2,21900.0,0.36,0.377,301600.0,132200.0,287200,18,personal,1,1,1,1,0,1
CUST104211,44,female,salaried,18.3,62100,755,2,31,1,0,0,10500.0,0.237,0.292,293900.0,103900.0,365700,48,personal,1,1,1,1,0,1
CUST104212,46,female,salaried,15.5,88900,681,2,44,4,0,0,13300.0,0.23,0.211,137700.0,95400.0,263000,48,business,1,1,1,1,0,1
CUST104213,51,female,salaried,10.0,116500,765,3,43,2,0,4,37800.0,0.269,0.613,418000.0,315900.0,806000,24,consumer,1,1,1,1,1,1
CUST104214,51,female,salaried,1.7,75600,748,3,59,1,0,1,24000.0,0.656,0.421,358300.0,208200.0,468500,60,vehicle,1,1,1,1,1,1
CUST104215,49,male,salaried,6.1,69200,620,1,14,1,0,0,8100.0,0.101,0.305,292500.0,195000.0,234200,18,home_improvement,1,1,1,1,1,0
CUST104216,39,female,self_employed,11.2,93900,751,2,32,0,0,2,27200.0,0.224,0.488,414200.0,299300.0,445900,24,home_improvement,1,1,1,1,0,1
CUST104217,49,female,salaried,13.9,37300,677,2,18,4,0,3,20700.0,0.231,0.669,52000.0,37700.0,255500,60,vehicle,1,1,1,1,1,0
CUST104218,61,female,contract,2.1,48200,672,4,86,6,0,1,10400.0,0.496,0.352,209800.0,132900.0,236500,36,personal,1,1,1,1,1,0
CUST104219,26,male,salaried,9.0,62200,676,5,75,10,0,0,25000.0,0.514,0.864,181400.0,84300.0,345100,12,business,1,1,1,1,1,0
CUST104220,56,female,contract,12.7,26300,722,2,40,2,0,1,0.0,0.152,0.305,37800.0,20500.0,96300,12,vehicle,1,1,1,1,1,1
CUST104221,39,male,salaried,8.5,66600,659,4,70,6,0,0,26800.0,0.203,0.508,217800.0,71200.0,252900,36,personal,1,1,1,1,0,1
CUST104222,50,male,contract,16.3,53000,703,3,30,0,0,2,15600.0,0.333,0.421,240400.0,78500.0,322500,48,consumer,1,1,1,1,0,1
CUST104223,42,male,salaried,1.8,48500,709,3,63,3,0,2,15700.0,0.475,0.44,250600.0,146100.0,337600,60,personal,1,1,1,1,1,0
CUST104224,47,female,salaried,2.5,57200,690,0,0,0,0,3,4400.0,0.526,0.197,314200.0,268700.0,328600,48,business,1,1,1,1,1,0
CUST104225,50,female,contract,9.4,196300,736,3,60,3,0,1,40700.0,0.313,0.349,275400.0,118100.0,1003000,36,vehicle,1,1,1,1,1,1
CUST104226,56,male,self_employed,5.9,26400,724,5,81,9,0,1,1900.0,0.33,0.204,184200.0,114300.0,125500,36,education,1,0,1,1,1,0
CUST104227,41,female,business,5.1,123000,691,2,26,0,0,0,5600.0,0.261,0.173,434800.0,292100.0,755100,48,home,1,1,1,1,1,1
CUST104228,25,female,business,6.4,45500,750,3,55,2,0,0,18100.0,0.199,0.702,267900.0,131600.0,166200,12,home,1,1,1,1,1,1
CUST104229,23,female,salaried,13.7,75200,738,3,39,0,0,2,12900.0,0.649,0.252,66800.0,33200.0,217300,36,education,1,1,1,1,1,1
CUST104230,60,male,salaried,9.8,53800,662,2,25,3,0,1,21100.0,0.498,0.536,190700.0,76200.0,370600,48,personal,1,1,1,1,1,0
CUST104231,60,female,self_employed,6.4,18600,723,3,28,2,0,1,0.0,0.361,0.022,0.0,0.0,20000,48,personal,1,1,1,1,1,0
CUST104232,35,female,salaried,1.0,100400,721,7,73,4,0,2,15400.0,0.686,0.252,361300.0,212700.0,358200,36,medical,0,1,1,1,0,1
CUST104233,62,female,salaried,4.9,87500,657,4,51,1,0,3,19500.0,0.222,0.269,503800.0,343400.0,72200,18,home,1,1,1,1,0,0
CUST104234,23,male,salaried,7.7,42000,677,5,105,5,0,2,11600.0,0.329,0.369,25900.0,10800.0,235000,60,personal,1,1,1,1,1,0
CUST104235,58,male,salaried,7.1,62100,720,0,0,0,0,1,15500.0,0.347,0.338,69600.0,18800.0,196600,36,personal,1,1,1,1,0,0
CUST104236,37,female,salaried,4.8,37200,706,2,20,0,0,2,400.0,0.271,0.146,208000.0,135100.0,240700,48,home,1,0,1,1,1,0
CUST104237,32,male,salaried,3.3,88500,626,1,17,3,0,1,13500.0,0.113,0.256,404200.0,232300.0,331100,36,business,1,1,1,1,0,0
CUST104238,36,male,salaried,8.2,15300,654,5,105,15,0,3,3800.0,0.157,0.617,42400.0,30800.0,101600,18,business,1,1,1,1,0,0
CUST104239,56,male,salaried,14.4,49100,746,0,0,0,0,2,8900.0,0.527,0.744,204700.0,114500.0,165800,6,vehicle,1,1,1,1,1,0
CUST104240,65,female,salaried,3.8,49500,675,4,35,5,0,2,8900.0,0.137,0.209,203900.0,105700.0,34300,24,personal,1,1,1,1,0,1
CUST104241,29,female,self_employed,10.2,41800,658,2,31,3,0,0,6500.0,0.459,0.201,167700.0,100100.0,68300,36,personal,1,1,1,1,1,0
CUST104242,33,male,salaried,3.0,104800,700,2,40,0,0,3,11500.0,0.313,0.231,182800.0,151500.0,304800,24,personal,1,1,1,1,0,1
CUST104243,31,male,salaried,3.8,88900,777,4,68,0,0,2,19300.0,0.778,0.343,466100.0,165500.0,403400,36,consumer,1,1,1,0,0,1
CUST104244,36,male,contract,15.0,160900,720,5,96,4,0,1,14500.0,0.099,0.215,537300.0,479400.0,724700,36,personal,1,1,1,1,1,1
CUST104245,33,male,salaried,5.1,112300,707,4,60,4,0,1,40100.0,0.468,0.408,434600.0,162200.0,207300,36,personal,1,1,1,1,1,1
CUST104246,58,male,business,12.7,135000,816,0,0,0,0,0,11900.0,0.075,0.187,664900.0,362400.0,643100,48,personal,1,1,1,0,1,1
CUST104247,60,female,salaried,7.4,119300,695,3,54,3,0,0,35400.0,0.486,0.374,710500.0,,660000,72,education,1,1,1,1,0,1
CUST104248,57,male,business,11.5,55100,719,3,29,1,0,0,16500.0,0.414,0.381,59200.0,45600.0,162700,36,home,1,0,1,1,1,1
CUST104249,62,female,business,5.7,79600,596,2,40,4,0,0,27300.0,0.382,0.443,175600.0,116700.0,382000,48,education,1,1,1,1,1,0
CUST104250,41,female,self_employed,2.1,145600,813,7,77,0,0,3,29500.0,0.26,0.39,735500.0,626300.0,654700,24,business,1,1,1,1,1,1
CUST104251,56,male,self_employed,3.3,59200,714,2,29,3,0,0,13300.0,0.471,0.325,95200.0,82700.0,214200,36,personal,1,1,1,1,1,1
CUST104252,60,male,contract,4.4,73200,647,4,48,4,0,4,7200.0,0.285,0.217,103600.0,,522200,60,consumer,1,1,1,1,0,0
CUST104253,41,female,salaried,11.2,35600,635,3,32,1,0,1,7400.0,0.081,0.299,143600.0,68200.0,117400,36,personal,1,1,1,1,0,0
CUST104254,21,female,salaried,10.4,50600,754,3,64,5,0,3,22100.0,0.897,0.463,295000.0,246900.0,96300,72,vehicle,0,1,1,1,0,0
CUST104255,58,male,self_employed,9.5,69600,781,2,24,0,0,1,8600.0,0.139,0.165,242500.0,119400.0,102800,36,personal,1,1,1,1,1,1
CUST104256,53,male,salaried,3.2,33700,688,4,35,5,0,3,11500.0,0.236,0.489,186600.0,153500.0,179000,36,consumer,1,1,1,1,0,0
CUST104257,60,female,salaried,9.0,64300,625,3,50,4,0,0,15200.0,0.138,0.3,304700.0,193800.0,244500,60,personal,1,1,1,1,1,0
CUST104258,24,male,salaried,,79200,754,2,46,0,0,1,25200.0,0.301,0.401,336500.0,179200.0,39200,6,personal,1,1,1,1,1,1
CUST104259,64,male,contract,13.0,15000,741,2,41,1,0,1,700.0,0.724,0.148,16900.0,11100.0,54500,36,personal,1,1,1,1,0,0
CUST104260,28,male,salaried,6.9,51900,670,1,19,1,0,0,13700.0,0.041,0.571,112100.0,96400.0,286700,18,business,1,1,1,1,0,0
CUST104261,51,male,salaried,4.3,43700,762,1,18,0,0,0,10500.0,0.343,0.488,46100.0,26500.0,259700,24,home_improvement,1,1,1,1,1,1
CUST104262,64,female,self_employed,9.0,117500,717,7,82,2,0,2,8500.0,0.433,0.112,134100.0,40600.0,169400,36,vehicle,1,1,1,1,0,1
CUST104263,62,male,salaried,2.9,108500,667,3,54,6,0,2,20000.0,0.392,0.268,767300.0,646300.0,544200,60,home,1,1,0,0,0,0
CUST104264,65,female,salaried,8.0,76100,636,3,31,2,0,0,27600.0,0.176,0.415,59400.0,17100.0,189600,48,personal,1,1,0,1,1,1
CUST104265,63,female,self_employed,1.9,103700,613,3,40,5,0,5,15100.0,0.571,0.339,523100.0,184900.0,481300,24,business,1,1,1,1,0,0
CUST104266,49,male,salaried,1.8,43800,686,2,39,5,0,2,14800.0,0.263,0.464,146400.0,90300.0,133000,24,vehicle,1,1,1,1,0,0
CUST104267,51,male,salaried,9.7,32300,643,5,74,6,1,0,2200.0,0.134,0.48,192600.0,68700.0,79800,6,personal,1,1,1,1,0,0
CUST104268,41,female,salaried,10.9,35800,720,5,55,0,0,4,5200.0,0.635,0.24,123100.0,70900.0,162100,48,vehicle,1,1,1,1,0,0
CUST104269,39,male,salaried,5.5,36100,766,4,39,1,0,0,11100.0,0.379,0.419,123500.0,105100.0,193000,48,personal,1,1,1,1,1,1
CUST104270,60,male,business,7.2,88500,689,6,113,7,0,0,10400.0,0.165,0.379,141500.0,81500.0,555100,24,personal,1,1,1,1,1,1
CUST104271,39,male,contract,5.3,92900,633,1,17,1,0,1,6700.0,0.238,0.227,392000.0,97000.0,691300,48,business,1,1,1,1,1,0
CUST104272,39,female,salaried,25.8,61800,808,1,23,0,0,0,4200.0,0.353,0.267,241100.0,107200.0,221400,18,education,1,1,1,1,1,1
CUST104273,31,female,business,7.5,103800,742,1,10,0,0,1,39600.0,0.208,0.562,121900.0,36800.0,675000,36,home_improvement,1,1,1,1,1,1
CUST104274,45,female,self_employed,6.8,123800,768,4,82,2,0,1,33100.0,0.506,0.31,303300.0,136400.0,191700,36,vehicle,1,1,1,1,1,1
CUST104275,63,female,salaried,4.9,73300,680,3,28,2,0,0,23400.0,0.242,0.422,85000.0,63400.0,135700,18,personal,1,1,1,1,0,1
CUST104276,25,male,business,5.4,86200,672,4,59,1,0,1,24000.0,0.145,0.346,216800.0,77800.0,418700,72,medical,1,1,1,0,0,1
CUST104277,49,female,self_employed,11.4,123100,762,4,60,0,0,1,17900.0,0.287,0.325,598100.0,490400.0,529900,24,home,1,1,1,1,1,1
CUST104278,44,male,business,2.3,75100,782,4,87,1,0,2,24200.0,0.151,0.343,195100.0,57800.0,112600,72,consumer,1,1,1,1,0,1
CUST104279,53,male,contract,4.3,98500,715,2,34,8,0,4,26200.0,0.521,0.274,266500.0,208700.0,49200,60,vehicle,1,1,1,1,1,1
CUST104280,27,male,salaried,8.2,121500,663,3,45,0,0,2,4200.0,0.444,0.276,35900.0,27800.0,704100,24,personal,1,0,1,1,0,1
CUST104281,24,male,salaried,,64600,706,3,60,3,1,1,3900.0,0.475,0.12,413200.0,206800.0,91900,24,medical,1,1,1,1,0,0
CUST104282,35,male,salaried,2.0,37600,657,6,70,2,0,2,11400.0,0.41,0.574,231900.0,74700.0,122300,12,education,1,1,1,1,1,0
CUST104283,45,male,contract,3.6,49300,720,3,30,0,0,3,21500.0,0.434,0.531,151800.0,54900.0,168100,36,home,1,1,1,1,1,0
CUST104284,32,female,salaried,14.1,50900,683,2,27,1,0,2,13700.0,0.445,0.305,295500.0,82600.0,110500,60,personal,1,1,1,1,1,0
CUST104285,46,male,salaried,9.7,25800,746,3,35,1,1,3,5900.0,0.406,1.276,135300.0,67700.0,162200,6,business,0,1,1,1,0,0
CUST104286,53,male,salaried,7.2,85700,609,4,74,10,0,3,10000.0,0.642,0.15,338200.0,231800.0,138000,48,business,1,1,1,1,1,0
CUST104287,21,male,contract,16.0,123500,752,0,0,0,0,2,30300.0,0.56,0.365,597000.0,429300.0,889300,60,education,1,1,1,1,0,1
CUST104288,50,male,business,3.6,42800,631,1,21,1,0,1,12000.0,0.435,0.566,55200.0,43200.0,293800,24,business,1,1,1,1,1,0
CUST104289,37,female,salaried,4.6,45800,636,0,0,0,0,1,11400.0,0.608,1.371,114000.0,97700.0,308400,6,business,1,1,1,1,0,0
CUST104290,58,male,self_employed,7.7,30000,700,5,83,2,0,3,4200.0,0.137,0.31,208000.0,153200.0,184000,36,personal,1,1,1,1,0,1
CUST104291,63,female,self_employed,2.0,36100,669,4,69,3,0,2,7800.0,0.27,0.228,88300.0,29900.0,20000,48,vehicle,1,1,1,1,1,0
CUST104292,61,male,self_employed,4.7,106000,671,1,19,2,0,2,15400.0,0.473,0.162,259500.0,222900.0,62600,36,education,1,1,1,1,0,0
CUST104293,28,male,salaried,2.9,51400,632,1,14,0,0,2,22600.0,0.472,0.541,45000.0,26100.0,186600,36,vehicle,1,1,1,1,1,0
CUST104294,25,male,salaried,6.2,102400,673,2,24,2,0,1,10200.0,0.384,0.303,394200.0,164100.0,250000,12,vehicle,1,1,1,1,0,1
CUST104295,57,male,salaried,12.7,197500,776,2,48,0,0,0,33300.0,0.555,0.433,549900.0,324900.0,1254900,24,education,1,1,0,1,1,1
CUST104296,65,male,self_employed,11.6,25200,630,4,56,4,0,1,12600.0,0.437,0.804,133400.0,74300.0,138100,18,personal,1,1,1,1,1,0
CUST104297,32,male,contract,7.4,88000,639,3,59,4,0,2,11500.0,0.121,0.254,73400.0,27500.0,390700,36,business,1,1,1,1,1,0
CUST104298,59,female,self_employed,11.8,43400,739,5,53,2,0,1,16000.0,0.455,0.427,142400.0,81700.0,91000,36,personal,1,1,1,1,0,1
CUST104299,47,female,business,4.8,25400,761,3,45,3,0,1,9200.0,0.343,0.406,168200.0,41900.0,20000,18,home,1,1,1,1,0,1
CUST104300,36,male,self_employed,12.2,31800,666,3,66,6,0,0,11300.0,0.357,0.373,137200.0,,20000,36,consumer,1,1,1,1,0,0
CUST104301,23,male,salaried,1.6,23700,645,3,39,3,0,1,4800.0,0.179,0.247,97700.0,64200.0,37800,36,vehicle,1,1,1,1,1,0
CUST104302,46,female,salaried,18.8,31000,643,2,33,5,0,0,7500.0,0.277,0.297,123500.0,37300.0,122700,72,personal,1,1,1,1,1,0
CUST104303,49,female,salaried,2.5,59100,671,2,21,1,0,2,13300.0,0.615,0.347,180300.0,120200.0,172400,24,vehicle,1,1,1,1,1,0
CUST104304,24,female,salaried,1.5,30900,649,3,30,6,0,2,2100.0,0.45,0.255,119600.0,49900.0,208100,36,medical,1,1,1,1,0,0
CUST104305,37,female,salaried,4.3,97300,720,6,135,3,0,2,9300.0,0.349,0.134,464000.0,127000.0,177900,48,education,1,1,1,1,0,1
CUST104306,30,male,salaried,3.4,121100,676,3,53,4,0,2,24200.0,0.685,0.316,122500.0,58400.0,505700,36,business,0,1,1,1,0,0
CUST104307,25,female,salaried,12.0,47400,762,3,42,0,0,1,12800.0,0.606,0.396,311100.0,117100.0,215600,36,home,0,1,1,1,1,1
CUST104308,35,female,contract,9.2,156200,691,1,14,0,0,1,8300.0,0.427,0.136,667300.0,538700.0,772800,60,vehicle,1,1,0,1,0,1
CUST104309,25,female,self_employed,4.9,98300,759,0,0,0,0,0,10200.0,0.071,0.174,167400.0,48000.0,331300,48,vehicle,1,1,1,1,0,1
CUST104310,43,male,salaried,8.8,136800,702,3,49,2,0,0,49200.0,0.428,0.52,716100.0,424100.0,788300,36,vehicle,1,1,1,1,1,1
CUST104311,57,male,salaried,7.8,85900,693,1,22,0,0,0,18000.0,0.43,0.282,627100.0,443100.0,150000,24,business,1,1,1,1,0,1
CUST104312,25,female,contract,4.0,67700,688,2,40,2,0,1,5900.0,0.469,0.251,132400.0,47500.0,200000,18,personal,1,1,1,1,1,0
CUST104313,54,female,salaried,4.9,65600,688,2,41,3,0,2,24900.0,0.736,0.484,48900.0,27400.0,245900,36,education,1,1,1,1,1,0
CUST104314,65,male,contract,3.5,61200,729,4,55,1,0,2,4600.0,0.39,0.158,172700.0,90900.0,121200,24,personal,0,1,1,1,1,1
CUST104315,29,male,salaried,6.1,96800,686,0,0,0,0,0,22700.0,0.076,0.344,100000.0,52000.0,638500,60,personal,1,1,1,1,0,0
CUST104316,61,female,salaried,6.0,68700,733,3,38,1,0,1,28300.0,0.586,0.454,386900.0,100900.0,103700,36,education,1,1,1,1,0,1
CUST104317,64,female,contract,4.7,92200,665,1,15,0,0,1,27100.0,0.154,0.418,466400.0,218700.0,410500,36,personal,1,1,1,1,0,0
CUST104318,38,female,contract,9.6,117200,757,4,86,2,0,0,38800.0,0.062,0.363,481600.0,173700.0,133700,36,home_improvement,1,1,1,1,1,1
CUST104319,23,female,salaried,6.6,53800,699,3,57,0,0,2,16500.0,0.328,0.531,98500.0,79100.0,289500,24,personal,1,1,1,1,0,0
CUST104320,58,female,salaried,11.9,51500,583,3,32,4,0,1,5700.0,0.306,0.159,320800.0,238200.0,178400,72,home,1,1,1,1,1,0
CUST104321,23,female,salaried,15.9,51000,674,3,31,2,0,1,13800.0,0.161,0.411,126300.0,107600.0,258700,36,consumer,1,1,1,1,1,1
CUST104322,43,female,salaried,2.6,41600,720,0,0,0,0,2,9700.0,0.417,0.58,113000.0,82900.0,173000,12,consumer,1,1,1,1,0,0
CUST104323,35,female,salaried,9.8,131300,785,5,100,0,0,0,21900.0,0.076,0.439,401700.0,171200.0,643200,18,vehicle,1,1,1,1,1,1
CUST104324,31,male,salaried,3.9,90100,644,1,19,1,0,0,13900.0,0.246,0.507,563800.0,385400.0,572100,18,personal,1,1,1,1,1,0
CUST104325,41,male,salaried,4.0,85700,765,4,78,2,0,0,6400.0,0.393,0.163,294200.0,154900.0,181400,24,medical,1,1,1,0,1,1
CUST104326,45,female,salaried,5.9,48900,694,2,28,4,0,1,19500.0,0.431,0.452,136500.0,105000.0,94400,36,consumer,1,1,1,1,0,0
CUST104327,27,female,salaried,5.3,131600,736,5,116,4,0,1,37600.0,0.417,0.47,103900.0,55700.0,581200,24,business,1,1,1,1,1,1
CUST104328,27,male,salaried,9.8,95500,675,2,30,0,0,2,20400.0,0.472,0.493,610300.0,467600.0,639700,24,personal,1,1,1,0,1,0
CUST104329,64,female,salaried,4.0,63100,655,2,45,3,0,1,5100.0,0.154,0.132,334000.0,109700.0,193200,60,vehicle,1,1,1,1,1,1
CUST104330,49,female,salaried,20.6,72000,714,3,29,1,0,2,17100.0,0.402,0.647,126700.0,70300.0,353700,12,medical,1,1,1,0,0,1
CUST104331,53,female,salaried,10.8,206700,757,3,69,0,0,1,69000.0,0.767,0.4,939700.0,694800.0,490300,36,business,1,1,1,1,1,1
CUST104332,58,female,salaried,8.1,154500,709,1,17,0,0,1,8500.0,0.223,0.236,952000.0,762200.0,336300,12,home_improvement,1,1,1,1,0,1
CUST104333,29,female,salaried,4.3,22800,744,3,62,1,0,2,5900.0,0.193,0.601,101100.0,27500.0,93600,12,business,1,1,1,1,1,0
CUST104334,22,male,contract,6.8,119800,696,0,0,0,0,4,40200.0,0.562,0.405,783200.0,282600.0,496500,60,business,1,1,1,1,1,0
CUST104335,39,female,salaried,15.0,159300,781,3,49,2,0,2,27200.0,0.681,0.333,249600.0,136200.0,619100,24,business,1,1,1,1,0,1
CUST104336,24,male,self_employed,15.8,72800,761,2,35,1,0,2,7300.0,0.194,0.239,184400.0,146800.0,486200,48,personal,1,1,1,1,1,1
CUST104337,30,male,contract,24.4,17900,828,6,113,1,0,0,0.0,0.643,0.188,28600.0,24400.0,201600,60,home,1,1,1,1,1,1
CUST104338,32,male,contract,2.6,49600,636,2,22,2,0,3,8900.0,0.789,0.47,227500.0,187300.0,172900,12,personal,1,1,0,1,0,0
CUST104339,27,male,salaried,5.0,23000,582,3,39,6,2,1,3800.0,0.671,0.224,51300.0,39100.0,65000,48,personal,1,1,1,1,1,0
CUST104340,28,male,business,5.6,46700,632,3,63,3,0,1,14500.0,0.235,0.644,164100.0,68100.0,280600,18,personal,1,0,1,1,0,0
CUST104341,63,male,contract,11.5,50200,659,2,26,2,0,3,6900.0,0.298,0.434,79700.0,51900.0,356800,24,personal,1,1,1,1,0,0
CUST104342,25,male,salaried,8.1,112900,746,3,36,0,0,0,25800.0,0.219,0.306,297300.0,144800.0,627600,72,medical,1,1,1,1,1,1
CUST104343,32,female,self_employed,11.4,44900,665,1,22,1,0,1,14300.0,0.373,1.5,281800.0,94800.0,323000,6,consumer,1,1,1,1,1,0
CUST104344,54,female,contract,3.7,49500,689,2,45,3,0,2,18600.0,0.419,0.879,248700.0,109600.0,299200,12,education,1,1,1,1,0,0
CUST104345,30,male,business,13.3,74000,741,1,23,0,0,1,22900.0,0.236,0.574,437800.0,91400.0,234900,12,personal,0,1,1,1,1,1
CUST104346,31,female,salaried,7.3,68000,755,2,32,0,0,0,20500.0,0.548,0.372,84200.0,53100.0,171600,36,business,1,1,0,1,1,1
CUST104347,35,male,salaried,12.5,32200,733,1,20,0,0,1,6600.0,0.248,0.339,150000.0,33300.0,103800,24,consumer,1,1,1,1,0,1
CUST104348,54,male,salaried,5.9,58200,702,1,20,1,0,1,15100.0,0.522,0.295,293900.0,128300.0,122500,60,vehicle,1,1,0,1,1,0
CUST104349,60,female,contract,17.7,73700,741,3,48,0,0,1,14100.0,0.429,0.328,463600.0,315400.0,485000,48,medical,1,1,1,1,1,1
CUST104350,34,male,salaried,9.1,21300,608,4,60,8,0,2,4000.0,0.285,0.363,132700.0,61300.0,179500,48,home_improvement,1,1,1,1,1,0
CUST104351,58,female,salaried,7.5,32600,647,5,97,8,0,2,8300.0,0.478,0.299,31400.0,22600.0,103400,72,home,1,1,1,0,0,0
CUST104352,41,female,business,5.4,86500,673,3,63,6,0,0,18000.0,0.286,0.485,125900.0,89500.0,574300,24,home,1,1,1,1,0,0
CUST104353,53,female,salaried,4.0,111500,679,0,0,0,0,2,34600.0,0.314,0.39,662800.0,564600.0,318900,36,personal,1,1,1,1,1,0
CUST104354,54,female,salaried,8.2,63300,713,3,63,6,0,3,15200.0,0.281,0.383,167500.0,118100.0,433700,48,consumer,1,1,1,1,0,1
CUST104355,42,female,business,8.2,45200,723,2,39,1,0,1,11400.0,0.447,0.38,227500.0,46600.0,207700,36,education,1,1,1,1,0,1
CUST104356,62,male,salaried,26.8,71200,727,6,118,8,0,1,18400.0,0.478,0.426,386200.0,80000.0,430000,36,education,1,0,1,1,1,1
CUST104357,21,female,business,12.0,41200,768,2,45,1,0,5,7900.0,0.485,0.504,133500.0,93900.0,154400,12,personal,1,1,1,1,0,1
CUST104358,41,male,salaried,14.3,19400,719,1,18,1,0,0,9200.0,0.337,0.545,97700.0,49100.0,82100,60,personal,1,1,1,1,0,0
CUST104359,33,male,salaried,7.7,30800,677,3,59,1,0,0,8000.0,0.362,0.273,27700.0,11400.0,20000,48,personal,1,1,1,1,1,0
CUST104360,36,male,business,9.5,164100,777,4,51,1,0,1,53200.0,0.401,1.002,254000.0,176100.0,667300,6,home,1,1,1,1,1,1
CUST104361,36,female,self_employed,5.2,44200,637,5,102,8,0,3,12300.0,0.326,0.389,262400.0,192600.0,176300,36,medical,1,1,1,1,1,0
CUST104362,50,male,salaried,9.1,132700,777,2,22,0,0,1,36300.0,0.633,0.705,780100.0,306800.0,687600,12,personal,1,1,1,1,1,1
CUST104363,55,male,business,7.4,56000,681,3,32,1,0,3,4200.0,0.22,0.324,112900.0,83400.0,251300,18,personal,1,1,1,1,0,0
CUST104364,32,male,salaried,1.9,109500,715,1,13,1,0,0,20000.0,0.173,0.229,141400.0,67500.0,305100,60,home,1,1,1,1,0,1
CUST104365,34,female,self_employed,4.8,84400,728,4,81,3,0,1,10200.0,0.242,0.23,107800.0,39800.0,441700,48,personal,1,1,1,1,0,1
CUST104366,31,female,salaried,19.3,42100,680,6,126,12,0,0,12700.0,0.599,0.314,221700.0,79600.0,37800,72,personal,1,1,1,1,1,1
CUST104367,61,female,self_employed,3.2,79400,717,5,64,1,0,0,11200.0,0.169,0.245,142700.0,75000.0,496700,60,consumer,1,1,1,1,1,1
CUST104368,27,female,salaried,7.8,64700,681,1,23,1,0,3,12600.0,0.549,0.522,167400.0,136600.0,253800,12,personal,1,1,1,1,1,0
CUST104369,61,male,business,1.9,54000,726,5,61,4,0,1,19000.0,0.204,0.486,102900.0,51300.0,260100,36,vehicle,1,1,1,1,0,1
CUST104370,33,male,self_employed,3.5,94700,712,1,15,1,0,0,7600.0,0.43,0.22,13100.0,5800.0,238700,18,home,1,1,1,1,0,1
CUST104371,56,female,salaried,10.1,43700,638,3,50,7,1,4,16500.0,0.332,0.415,148600.0,64600.0,119300,72,business,1,1,1,1,1,0
CUST104372,46,female,salaried,6.3,93700,748,0,0,0,0,0,31600.0,0.315,0.394,495400.0,276300.0,191900,36,personal,1,1,1,1,0,1
CUST104373,21,female,salaried,2.8,64200,674,6,64,2,0,1,5200.0,0.503,0.161,73900.0,39000.0,306900,60,business,1,1,1,1,1,1
CUST104374,49,female,salaried,11.4,70100,733,2,39,3,0,1,9400.0,0.076,0.193,264800.0,135700.0,149100,36,education,1,0,1,1,0,1
CUST104375,42,female,business,9.8,37800,688,1,23,1,0,0,7600.0,0.088,0.223,53700.0,17500.0,20000,24,personal,1,1,1,1,0,1
CUST104376,62,female,salaried,2.2,82500,656,2,28,4,0,0,21000.0,0.275,0.364,380600.0,122000.0,324700,36,business,1,1,1,1,1,0
CUST104377,36,male,salaried,10.9,63900,765,1,23,0,0,3,13000.0,0.433,0.522,366800.0,214000.0,366400,18,personal,1,1,1,1,1,1
CUST104378,33,male,salaried,4.2,43100,646,4,39,1,0,0,8000.0,0.51,0.443,9900.0,8800.0,265800,24,home,1,1,1,1,1,0
CUST104379,35,male,self_employed,3.5,80000,725,5,51,4,0,1,300.0,0.549,0.063,543200.0,452600.0,171700,36,personal,1,1,1,1,1,1
CUST104380,54,male,contract,2.3,77000,620,2,41,3,0,2,16600.0,0.494,0.299,489200.0,427300.0,386900,60,education,1,1,1,1,0,0
CUST104381,24,male,self_employed,4.1,63800,737,2,30,0,0,2,14100.0,0.7,0.393,110000.0,50500.0,395100,36,personal,1,1,1,1,0,1
CUST104382,49,male,salaried,5.7,41500,611,2,40,8,0,1,10900.0,0.23,0.492,226600.0,116000.0,114200,12,personal,1,1,1,1,0,0
CUST104383,38,male,salaried,11.2,70900,750,4,52,0,0,2,23600.0,0.473,0.376,363400.0,146300.0,148000,48,vehicle,1,1,1,1,1,1
CUST104384,63,male,salaried,4.2,139300,756,4,62,2,0,1,17000.0,0.156,0.237,845200.0,493500.0,385300,24,medical,1,1,1,1,0,1
CUST104385,42,male,contract,11.5,33500,630,0,0,0,0,3,5100.0,0.323,0.229,91300.0,62100.0,123600,48,consumer,1,1,1,1,1,0
CUST104386,64,female,salaried,7.0,93300,703,2,42,2,0,2,12800.0,0.344,0.303,215400.0,180600.0,556900,36,business,1,1,1,1,1,0
CUST104387,64,female,salaried,3.6,62600,607,6,73,5,0,3,18200.0,0.39,0.422,293300.0,81700.0,196500,24,personal,1,1,1,1,1,0
CUST104388,42,female,salaried,9.6,48700,721,5,95,0,0,0,4800.0,0.277,0.139,134900.0,96200.0,95100,48,business,1,1,1,1,0,1
CUST104389,31,female,salaried,3.0,39200,719,2,39,1,0,2,7200.0,0.377,0.321,166000.0,144500.0,259300,48,business,1,1,1,1,0,0
CUST104390,39,female,salaried,7.4,25500,722,1,24,0,0,0,800.0,0.159,0.147,48800.0,42500.0,141000,48,home,1,1,1,1,0,1
CUST104391,33,female,self_employed,12.4,82800,687,1,20,1,0,0,12800.0,0.14,0.269,268900.0,138400.0,339700,36,vehicle,1,1,1,1,0,1
CUST104392,58,female,self_employed,7.0,40100,621,3,60,9,0,0,11800.0,0.243,0.41,110500.0,25700.0,278600,60,consumer,1,1,1,1,0,0
CUST104393,65,male,self_employed,10.4,59000,686,4,70,6,0,0,19800.0,0.345,0.372,381000.0,170100.0,77400,36,personal,1,1,1,1,1,1
CUST104394,21,male,self_employed,10.4,81900,727,4,93,3,0,1,6400.0,0.127,0.538,485500.0,280500.0,451600,12,vehicle,1,1,1,1,0,1
CUST104395,37,female,salaried,8.0,74000,670,2,39,1,0,0,16800.0,0.279,0.543,507800.0,183300.0,561200,24,vehicle,1,1,0,1,0,0
CUST104396,54,male,salaried,8.2,25500,716,5,57,3,0,1,3000.0,0.263,0.205,167700.0,62100.0,134000,60,medical,1,1,1,1,1,1
CUST104397,60,female,salaried,6.5,102400,763,4,71,1,0,4,35000.0,0.663,0.539,158800.0,46800.0,485600,24,consumer,1,1,1,1,1,1
CUST104398,58,female,salaried,3.1,37800,762,1,15,1,0,0,1300.0,0.127,0.556,167900.0,133500.0,236600,12,vehicle,1,1,1,1,0,0
CUST104399,41,male,salaried,3.7,19800,759,1,20,2,0,0,4600.0,0.556,0.268,57700.0,32900.0,50500,72,home_improvement,1,1,1,1,1,0
CUST104400,61,male,salaried,5.6,236600,761,7,97,1,0,1,64000.0,0.214,0.535,1042300.0,416700.0,1500000,24,vehicle,1,1,1,1,1,1
CUST104401,52,male,salaried,4.2,52900,719,3,65,1,0,2,8300.0,0.525,0.233,319600.0,265000.0,144700,36,vehicle,1,1,1,1,1,0
CUST104402,21,male,business,20.0,37100,743,1,22,0,0,0,0.0,0.293,0.048,49600.0,12900.0,106400,60,business,1,1,1,1,0,1
CUST104403,59,male,salaried,9.9,100300,675,5,72,3,0,1,11300.0,0.533,0.16,224000.0,131200.0,226400,48,home,1,1,1,1,0,1
CUST104404,48,female,salaried,12.6,58700,647,2,35,3,0,1,16500.0,0.786,0.352,82000.0,46800.0,200000,48,education,1,1,1,1,1,0
CUST104405,64,female,salaried,10.2,25500,698,0,0,0,0,0,5800.0,0.708,0.505,91700.0,22600.0,127300,18,personal,1,1,1,1,0,0
CUST104406,39,male,self_employed,11.2,59300,618,4,40,4,0,1,9700.0,0.232,0.295,191300.0,45900.0,186900,24,personal,1,1,1,1,0,0
CUST104407,32,female,business,7.1,49000,649,2,21,1,0,2,12000.0,0.281,0.713,55800.0,29700.0,275100,12,vehicle,1,1,1,1,0,0
CUST104408,24,female,salaried,2.9,48300,668,2,39,5,0,2,9200.0,0.644,0.317,179900.0,157900.0,293200,48,business,1,1,1,1,1,0
CUST104409,26,female,self_employed,6.0,21800,708,0,0,0,0,1,5100.0,0.443,0.272,39100.0,8600.0,49700,60,personal,1,1,1,1,1,0
CUST104410,56,male,salaried,10.8,37600,639,2,41,5,0,0,9400.0,0.432,0.267,75300.0,19700.0,46700,72,medical,1,1,1,1,0,0
CUST104411,50,male,salaried,1.7,52300,789,1,22,1,0,2,21900.0,0.545,1.3,81900.0,45200.0,276500,6,medical,1,1,1,1,1,1
CUST104412,39,male,salaried,9.8,75500,723,3,52,2,0,1,23900.0,0.488,0.405,137500.0,80200.0,239500,36,vehicle,1,1,1,1,1,1
CUST104413,49,male,salaried,17.2,67000,741,1,10,0,0,1,4000.0,0.26,0.179,462000.0,203200.0,287000,36,education,1,1,0,1,1,1
CUST104414,46,male,salaried,5.7,39100,647,3,65,4,0,4,11100.0,0.747,0.37,255100.0,202600.0,80400,24,business,1,1,1,1,0,0
CUST104415,34,female,salaried,6.3,135200,725,6,130,8,0,1,19900.0,0.522,0.201,213500.0,160900.0,519900,72,personal,1,1,1,1,0,1
CUST104416,37,female,contract,10.0,68100,658,4,44,4,0,2,18900.0,0.336,0.362,398800.0,204800.0,277500,48,personal,1,1,1,1,0,0
CUST104417,26,female,self_employed,4.7,57100,772,3,42,0,0,3,13000.0,0.618,0.28,40800.0,19100.0,179600,60,home,1,1,1,1,1,1
CUST104418,34,male,self_employed,7.1,140300,753,2,38,0,0,2,24900.0,0.515,0.249,89100.0,73700.0,482800,48,personal,1,1,0,1,1,1
CUST104419,63,female,salaried,4.7,21300,696,2,22,2,0,0,3400.0,0.058,0.203,48400.0,33700.0,54800,60,education,1,1,1,1,1,0
CUST104420,57,male,contract,11.7,47300,678,0,0,0,0,2,2000.0,0.614,0.11,8400.0,5900.0,192900,60,home,1,1,1,1,1,0
CUST104421,40,male,salaried,4.7,102000,729,1,10,2,0,0,29500.0,0.49,0.408,529400.0,,145000,12,business,1,1,1,1,1,1
CUST104422,58,male,salaried,9.8,122800,732,1,22,0,0,1,33400.0,0.243,0.358,758200.0,560900.0,632800,60,vehicle,1,0,1,1,0,1
CUST104423,34,female,self_employed,18.8,105600,756,3,71,1,0,0,30100.0,0.175,0.357,255800.0,194900.0,182000,24,personal,1,1,1,1,1,1
CUST104424,27,female,salaried,8.6,53600,656,1,16,0,0,1,3100.0,0.796,0.132,183300.0,42700.0,71900,18,home,1,1,1,1,1,0
CUST104425,28,female,contract,5.9,79600,628,2,20,2,0,3,6900.0,0.765,0.224,535100.0,331400.0,196600,18,vehicle,1,1,1,1,1,0
CUST104426,43,male,salaried,3.7,137800,696,2,33,1,0,3,3800.0,0.356,0.188,703400.0,515400.0,531800,24,medical,1,1,1,1,0,1
CUST104427,53,male,business,20.4,86500,735,2,30,0,0,0,29400.0,0.437,0.585,205700.0,86800.0,508900,24,personal,1,1,1,1,1,1
CUST104428,27,male,self_employed,12.7,45400,748,5,108,2,0,2,12100.0,0.82,0.32,219100.0,195800.0,176000,72,business,1,1,1,1,0,1
CUST104429,65,male,self_employed,5.7,94200,633,2,42,4,0,1,18700.0,0.368,0.23,272700.0,81200.0,141500,48,consumer,1,0,1,1,1,0
CUST104430,26,female,self_employed,3.0,53200,668,1,12,1,0,0,23000.0,0.607,1.053,65000.0,24400.0,198100,6,personal,1,1,1,1,1,0
CUST104431,29,female,self_employed,7.2,32200,676,3,51,3,0,1,5700.0,0.208,0.329,110000.0,39300.0,235300,48,personal,1,1,1,1,1,0
CUST104432,26,female,salaried,6.5,73400,689,1,19,1,0,0,18500.0,0.503,0.391,298300.0,186200.0,366400,36,personal,1,1,1,1,0,1
CUST104433,51,female,salaried,5.4,69200,680,2,20,2,0,1,19400.0,0.123,0.561,157000.0,134700.0,466000,24,personal,1,1,1,1,0,0
CUST104434,56,female,salaried,7.2,33400,672,4,36,4,0,0,7100.0,0.198,0.37,179900.0,138500.0,126000,24,education,1,1,1,1,1,0
CUST104435,32,female,self_employed,2.6,94900,732,2,40,0,0,3,18700.0,0.619,0.266,323200.0,157000.0,313700,48,personal,1,1,1,1,1,1
CUST104436,56,male,self_employed,7.6,31000,703,6,112,2,0,3,3400.0,0.616,0.234,0.0,0.0,138300,36,personal,1,1,1,1,0,0
CUST104437,27,female,contract,4.0,49000,732,2,37,1,0,0,800.0,0.177,0.079,29800.0,20000.0,182800,60,personal,1,0,1,1,1,1
CUST104438,41,male,salaried,10.7,55800,724,5,84,6,0,1,600.0,0.452,0.211,318100.0,175800.0,402000,36,consumer,1,1,1,1,0,1
CUST104439,36,male,salaried,8.4,46400,680,1,23,1,0,1,8700.0,0.427,0.234,212100.0,126600.0,78200,36,personal,1,1,1,1,1,1
CUST104440,29,male,salaried,1.9,44100,653,0,0,0,0,1,3500.0,0.273,0.152,178700.0,124000.0,192400,60,personal,1,0,1,1,1,0
CUST104441,54,female,self_employed,11.8,66300,655,2,34,4,0,1,19200.0,0.398,0.797,274500.0,163000.0,403700,12,business,1,1,1,0,1,0
CUST104442,22,female,salaried,3.2,63500,685,2,31,1,0,1,15800.0,0.304,0.282,102100.0,72800.0,75400,36,medical,1,1,1,1,0,1
CUST104443,23,female,salaried,14.5,63800,724,2,40,2,0,0,5000.0,0.232,0.247,86400.0,35100.0,386400,36,education,1,1,1,1,0,1
CUST104444,24,female,salaried,4.5,36200,677,4,80,4,0,1,7800.0,0.625,0.295,129000.0,53500.0,139000,48,consumer,1,1,1,1,0,0
CUST104445,23,male,contract,0.8,40900,652,0,0,0,0,1,7300.0,0.161,0.328,40100.0,24800.0,219700,36,education,1,1,1,1,1,0
CUST104446,62,male,salaried,3.3,56600,642,7,72,5,0,0,21500.0,0.168,0.643,369700.0,150000.0,357800,24,personal,1,1,1,1,1,0
CUST104447,30,male,self_employed,7.2,47400,686,1,9,1,0,1,14400.0,0.428,1.261,95300.0,32300.0,272300,6,personal,1,1,1,1,0,0
CUST104448,35,male,salaried,8.0,69700,677,1,12,0,0,3,2100.0,0.787,0.107,64000.0,45500.0,322200,60,vehicle,1,1,1,1,1,0
CUST104449,52,male,contract,0.8,106000,651,2,38,4,0,1,6000.0,0.173,0.089,569000.0,498400.0,123000,36,home_improvement,1,1,1,1,0,0
CUST104450,26,male,contract,15.3,220300,869,2,32,2,0,1,10300.0,0.424,0.234,1239600.0,765200.0,1486900,36,personal,0,1,1,0,1,1
CUST104451,30,female,salaried,9.4,73300,708,1,13,0,0,1,9300.0,0.192,0.196,101300.0,46000.0,121100,24,personal,1,1,1,1,0,1
CUST104452,62,female,salaried,10.1,17200,793,4,87,1,0,0,4100.0,0.407,0.442,108800.0,33100.0,125900,36,personal,1,1,1,1,0,1
CUST104453,63,male,salaried,2.1,65500,652,5,105,10,0,1,14600.0,0.647,0.389,339700.0,103600.0,130700,12,consumer,1,1,1,1,0,0
CUST104454,62,male,contract,11.7,47800,649,5,61,4,1,3,5000.0,0.513,0.815,296900.0,89200.0,203800,6,personal,1,1,1,1,0,0
CUST104455,31,male,contract,4.6,56500,725,3,67,2,0,0,8900.0,0.2,0.224,332200.0,270700.0,179500,48,consumer,1,1,1,1,1,1
CUST104456,40,male,self_employed,13.0,133100,699,3,63,3,0,1,24700.0,0.15,0.268,490400.0,402700.0,393900,36,home,1,1,1,1,1,1
CUST104457,47,female,salaried,3.3,42600,686,4,72,8,0,0,20200.0,0.53,0.645,81800.0,35800.0,262000,36,vehicle,1,1,1,1,0,0
CUST104458,35,male,salaried,14.0,133400,870,4,64,0,0,0,29800.0,0.128,0.363,486500.0,298900.0,671900,36,home,1,1,1,1,0,1
CUST104459,24,female,self_employed,1.9,48800,748,7,70,0,0,3,9100.0,0.504,0.244,135000.0,104000.0,134300,48,personal,1,1,1,1,0,1
CUST104460,31,male,salaried,2.0,48400,600,1,18,1,0,3,10400.0,0.757,0.255,0.0,0.0,115500,60,personal,1,1,1,1,1,0
CUST104461,22,female,salaried,11.5,81900,713,1,19,1,0,1,32700.0,0.759,0.437,291700.0,63200.0,186000,60,personal,1,1,1,1,0,1
CUST104462,47,male,self_employed,26.2,41800,677,3,28,2,0,0,1500.0,0.354,0.103,223900.0,66400.0,100800,36,personal,1,1,1,1,0,1
CUST104463,65,female,salaried,8.8,16100,723,2,22,0,0,0,5500.0,0.529,0.625,113800.0,23900.0,82100,18,education,1,1,1,1,1,0
CUST104464,31,female,business,4.1,88700,692,1,16,1,0,0,27900.0,0.261,0.395,145400.0,63600.0,342000,48,consumer,1,1,1,1,1,1
CUST104465,23,male,salaried,3.3,91800,614,6,118,14,0,0,16000.0,0.353,0.291,388100.0,323600.0,386100,36,vehicle,1,1,0,1,0,0
CUST104466,31,male,salaried,11.7,39700,667,1,13,1,0,0,4200.0,0.344,0.23,76300.0,51700.0,294700,60,business,1,1,1,0,1,0
CUST104467,48,male,salaried,4.1,84700,660,2,39,3,0,0,32500.0,0.571,0.564,179800.0,44100.0,367500,24,home_improvement,1,1,1,1,1,0
CUST104468,62,male,business,4.4,164700,787,4,60,0,0,3,11500.0,0.417,0.124,1185500.0,821000.0,536500,60,business,1,1,0,1,0,1
CUST104469,64,female,self_employed,6.5,73200,695,4,50,2,0,0,19600.0,0.4,0.342,434500.0,301700.0,130100,24,home,1,1,1,0,1,1
CUST104470,23,male,salaried,9.8,114400,708,3,28,2,0,4,21400.0,0.595,0.439,585800.0,509700.0,518800,18,education,1,1,1,1,0,1
CUST104471,25,male,salaried,8.5,73600,693,6,68,4,0,0,1700.0,0.588,0.195,343700.0,122400.0,456200,36,personal,1,1,1,1,1,1
CUST104472,29,female,salaried,6.6,45000,688,3,63,6,0,1,15800.0,0.337,0.483,133100.0,102300.0,214100,36,vehicle,1,1,1,1,0,0
CUST104473,35,female,business,5.0,64300,719,2,31,3,0,1,25700.0,0.118,0.529,280700.0,194800.0,399900,48,consumer,1,1,1,1,0,1
CUST104474,24,female,salaried,1.3,51700,640,5,98,12,0,0,15700.0,0.467,0.409,26300.0,12100.0,97600,18,home_improvement,1,1,1,1,1,0
CUST104475,41,male,salaried,3.2,68900,629,9,180,27,0,0,7600.0,0.129,0.172,386300.0,248700.0,306800,72,education,1,1,1,1,1,0
CUST104476,22,male,business,6.0,159700,796,2,39,3,0,0,36800.0,0.141,0.372,378800.0,146500.0,544200,24,consumer,1,1,1,1,1,1
CUST104477,65,male,salaried,10.8,143300,785,0,0,0,0,1,10900.0,0.171,0.135,489400.0,290200.0,203200,24,personal,1,1,1,1,1,1
CUST104478,25,female,salaried,3.2,142600,774,3,45,0,0,2,13300.0,0.56,0.653,481400.0,419700.0,478700,6,home_improvement,1,1,1,1,0,1
CUST104479,47,female,self_employed,2.1,60500,592,1,19,2,0,3,19600.0,0.308,0.407,360700.0,229500.0,181000,36,business,1,1,1,1,0,0
CUST104480,62,male,business,9.4,56900,690,2,28,0,0,0,11800.0,0.193,0.401,241300.0,113500.0,396800,36,home,1,1,1,1,1,1
CUST104481,45,female,self_employed,3.1,91000,715,4,78,2,0,1,11900.0,0.461,0.259,299800.0,236900.0,139900,12,consumer,1,1,1,1,0,1
CUST104482,63,female,salaried,9.7,88800,701,3,30,0,0,1,31900.0,0.741,0.463,436800.0,113200.0,442600,48,vehicle,1,1,1,1,1,1
CUST104483,36,male,self_employed,5.4,47800,636,2,28,2,0,1,11100.0,0.462,0.355,124000.0,100400.0,210700,36,consumer,1,1,1,1,0,0
CUST104484,65,female,business,2.2,123000,766,4,47,1,0,2,41700.0,0.449,0.378,93500.0,62900.0,343900,72,home_improvement,1,1,1,1,0,1
CUST104485,25,female,self_employed,6.2,37400,674,7,135,12,0,3,11700.0,0.435,0.361,224300.0,52000.0,64900,36,education,1,1,1,1,0,0
CUST104486,36,male,business,20.4,34200,720,0,0,0,0,0,0.0,0.101,0.171,3300.0,1800.0,105000,18,medical,1,1,1,1,1,1
CUST104487,48,male,salaried,6.4,40500,642,0,0,0,0,1,3700.0,0.574,0.199,97200.0,26700.0,156400,36,home_improvement,1,0,1,1,1,0
CUST104488,64,female,salaried,6.2,18200,691,1,23,1,0,1,7700.0,0.211,0.447,47200.0,27900.0,26400,60,vehicle,1,1,1,1,1,0
CUST104489,60,female,business,13.3,172100,749,0,0,0,0,0,61100.0,0.622,0.4,189100.0,92200.0,372000,48,personal,1,1,1,0,0,1
CUST104490,62,female,salaried,5.8,46500,698,3,46,2,0,1,17800.0,0.357,1.5,166500.0,99400.0,324100,6,home,1,1,1,1,0,0
CUST104491,39,male,salaried,1.1,77700,580,2,30,6,0,0,33300.0,0.659,0.583,480400.0,380100.0,433300,36,business,1,1,1,1,0,0
CUST104492,35,male,salaried,8.6,65800,692,4,62,2,0,3,1500.0,0.24,0.137,335900.0,228000.0,450500,60,consumer,1,1,0,1,1,0
CUST104493,60,female,salaried,7.9,34400,669,2,35,3,0,0,5900.0,0.589,0.353,68900.0,37300.0,224200,36,business,1,1,1,1,1,0
CUST104494,47,female,salaried,3.2,117000,701,2,23,1,0,2,42200.0,0.758,0.469,311100.0,67800.0,458100,36,education,1,1,0,1,1,0
CUST104495,23,female,business,17.9,104500,726,3,51,3,0,1,21300.0,0.727,0.43,644900.0,230100.0,284200,12,home,1,1,1,1,0,1
CUST104496,49,female,self_employed,4.6,41600,699,3,49,2,0,1,7600.0,0.299,0.288,97700.0,68100.0,157800,36,home_improvement,1,1,1,1,0,1
CUST104497,48,male,salaried,1.2,71800,660,5,69,6,0,0,3600.0,0.242,0.119,504800.0,247900.0,178600,36,consumer,1,1,1,1,0,0
CUST104498,28,male,salaried,6.4,41000,677,2,32,0,0,0,6300.0,0.547,0.206,229900.0,186600.0,77800,36,home,1,1,1,1,1,0
CUST104499,46,male,salaried,6.5,30600,667,2,30,4,0,1,9900.0,0.38,0.359,130800.0,76100.0,25700,24,personal,1,1,1,1,1,0
CUST104500,55,female,salaried,13.7,23400,625,3,54,3,0,1,4800.0,0.321,0.237,60700.0,32500.0,44500,60,home,1,1,1,1,1,0
CUST104501,49,male,business,5.6,93300,802,2,25,1,0,0,35200.0,0.352,0.435,482900.0,373100.0,259900,48,business,1,1,1,1,1,1
CUST104502,48,male,self_employed,10.3,103400,782,1,17,0,0,1,19800.0,0.432,0.242,484600.0,115400.0,125500,24,personal,1,1,1,1,0,1
CUST104503,24,male,self_employed,6.8,19600,666,2,25,1,0,0,600.0,0.334,0.435,94900.0,28500.0,142600,18,medical,1,1,1,1,0,0
CUST104504,35,male,salaried,8.9,104600,730,2,41,1,0,0,5700.0,0.381,0.155,211200.0,95300.0,503900,48,education,1,1,1,1,1,1
CUST104505,48,male,salaried,13.4,109200,732,0,0,0,0,1,38700.0,0.552,0.893,100800.0,78000.0,705800,12,personal,1,1,1,1,0,0
CUST104506,54,female,salaried,8.2,69100,664,3,41,4,0,2,27700.0,0.333,0.658,336100.0,218300.0,425800,24,vehicle,1,1,1,1,0,0
CUST104507,48,male,contract,1.4,56100,703,4,93,3,0,3,13600.0,0.295,0.424,218700.0,93700.0,367300,36,personal,1,1,1,1,1,0
CUST104508,41,male,salaried,4.6,140700,729,1,23,0,0,5,16400.0,0.284,0.183,644200.0,139200.0,224000,24,vehicle,1,1,1,1,1,1
CUST104509,57,female,salaried,2.7,97400,675,2,42,2,0,2,26300.0,0.393,0.398,270000.0,65900.0,596500,48,education,1,1,1,1,1,0
CUST104510,26,female,salaried,9.5,77000,669,0,0,0,0,1,14200.0,0.798,0.624,499900.0,141000.0,406500,12,vehicle,1,1,1,1,0,0
CUST104511,34,male,salaried,21.4,108200,721,6,116,10,0,2,15300.0,0.379,0.363,407900.0,166700.0,576200,24,home,1,1,1,1,1,1
CUST104512,39,male,contract,14.1,45800,709,3,41,1,0,0,10800.0,0.306,0.73,111500.0,59600.0,271400,12,consumer,1,1,1,1,1,1
CUST104513,65,female,salaried,5.0,94200,749,3,47,1,0,0,13200.0,0.322,0.282,320600.0,177300.0,480100,36,consumer,1,1,1,1,1,1
CUST104514,26,male,business,1.3,77900,704,2,28,2,0,1,9800.0,0.495,0.281,141200.0,82200.0,581700,48,medical,1,1,1,1,1,1
CUST104515,47,male,self_employed,5.5,99600,719,1,12,0,0,2,11300.0,0.42,0.174,101900.0,53000.0,218600,36,personal,1,1,1,1,1,1
CUST104516,39,male,salaried,3.3,72400,724,3,67,2,0,2,8100.0,0.154,0.239,388100.0,266100.0,440500,48,vehicle,1,1,1,1,0,1
CUST104517,30,male,business,8.1,107000,747,5,91,4,0,1,16600.0,0.585,0.204,208000.0,81700.0,126600,24,business,1,1,1,1,0,1
CUST104518,32,female,salaried,9.2,60400,685,4,68,8,0,2,11600.0,0.356,0.254,88500.0,76000.0,135000,36,business,1,0,1,1,1,0
CUST104519,42,male,self_employed,19.1,135600,797,1,14,0,0,0,12800.0,0.035,0.182,526000.0,288400.0,425300,36,business,1,1,1,1,0,1
CUST104520,24,female,salaried,4.5,91100,671,4,65,3,0,3,20700.0,0.219,0.492,101300.0,83900.0,144500,6,vehicle,1,1,1,0,1,0
CUST104521,47,female,salaried,10.3,44000,673,2,25,3,0,0,14800.0,0.561,0.606,125900.0,62600.0,284500,24,medical,1,1,1,1,1,0
CUST104522,27,male,salaried,6.4,22600,709,6,83,1,0,0,12100.0,0.139,0.699,138300.0,104200.0,88900,24,education,1,1,1,1,1,0
CUST104523,54,female,business,5.7,82000,612,2,21,1,0,1,13200.0,0.652,1.199,429100.0,117500.0,510900,6,personal,1,1,1,1,1,0
CUST104524,25,female,contract,6.0,62700,709,6,136,8,0,1,14700.0,0.225,0.603,195000.0,113500.0,277300,12,vehicle,1,1,1,1,1,1
CUST104525,28,female,salaried,7.1,45400,612,1,21,2,0,0,5500.0,0.273,0.24,343700.0,239600.0,194500,36,education,1,1,1,1,0,0
CUST104526,54,male,business,7.0,22100,674,0,0,0,0,0,9900.0,0.576,0.633,71000.0,61100.0,147000,36,vehicle,1,1,1,1,1,0
CUST104527,53,male,salaried,3.1,83600,694,3,28,2,0,1,12900.0,0.358,0.24,476100.0,407000.0,429100,60,personal,1,1,1,1,1,1
CUST104528,60,female,business,6.1,108900,727,4,50,2,0,0,26700.0,0.264,0.392,625500.0,465800.0,383400,24,vehicle,1,0,1,1,1,1
CUST104529,31,female,business,9.0,144300,782,1,13,0,0,1,38500.0,0.091,0.292,429300.0,194100.0,261300,72,consumer,1,1,1,1,0,1
CUST104530,32,male,salaried,16.6,43700,717,6,132,6,0,3,6800.0,0.197,0.222,126500.0,51800.0,209300,72,business,1,1,1,1,0,1
CUST104531,34,male,salaried,5.5,45400,705,4,82,2,0,3,7200.0,0.257,0.19,274000.0,91200.0,68500,48,personal,1,0,1,1,1,0
CUST104532,39,male,salaried,7.6,63000,715,3,28,2,0,1,12200.0,0.285,0.28,71200.0,61100.0,392700,72,vehicle,1,1,1,1,0,1
CUST104533,64,female,business,3.6,106100,642,2,28,4,0,1,22400.0,0.548,0.335,138700.0,118500.0,315800,24,home,1,1,1,1,1,0
CUST104534,61,male,self_employed,6.9,50400,755,1,11,1,0,1,2000.0,0.727,0.082,305100.0,170900.0,76400,36,education,1,1,1,1,0,1
CUST104535,64,male,salaried,8.9,113300,715,3,41,1,0,0,35900.0,0.464,0.446,66000.0,54600.0,263100,18,personal,1,1,1,1,1,1
CUST104536,36,male,salaried,4.0,62900,735,2,30,0,0,2,17300.0,0.178,0.323,249200.0,174300.0,180000,60,vehicle,1,1,1,1,1,1
CUST104537,64,female,self_employed,9.6,54300,715,2,18,2,0,4,16300.0,0.32,0.428,154600.0,48200.0,332900,48,education,1,1,1,1,0,1
CUST104538,49,female,self_employed,19.8,53900,744,2,44,2,0,1,15600.0,0.74,0.361,181400.0,66700.0,230500,60,consumer,1,1,1,1,0,1
CUST104539,61,female,salaried,9.7,156000,652,2,33,1,0,1,27600.0,0.39,1.281,372900.0,113900.0,1033500,6,medical,1,1,1,1,1,0
CUST104540,53,male,salaried,11.3,108500,763,5,118,2,0,1,15300.0,0.226,0.22,268400.0,110400.0,620700,72,medical,1,1,1,1,1,1
CUST104541,56,female,contract,14.1,52200,732,4,47,1,0,0,13200.0,0.293,0.515,326400.0,113500.0,163900,12,personal,1,1,1,1,1,1
CUST104542,47,male,salaried,2.0,52900,709,0,0,0,0,0,14100.0,0.084,0.394,49100.0,32400.0,323400,48,personal,1,1,1,1,1,1
CUST104543,63,male,salaried,3.0,18700,698,6,83,1,0,0,8200.0,0.397,0.569,37600.0,21200.0,117400,48,personal,1,1,1,1,0,0
CUST104544,65,male,salaried,4.6,125200,659,4,50,2,0,1,32700.0,0.511,0.454,164300.0,78700.0,867700,36,home,1,1,1,1,0,0
CUST104545,48,female,salaried,4.3,25600,667,4,48,4,0,0,8200.0,0.708,0.352,105700.0,86400.0,48000,60,business,1,1,1,1,1,0
CUST104546,23,male,salaried,6.3,68900,686,2,36,2,0,2,19900.0,0.167,0.395,179300.0,142700.0,131600,18,business,1,1,0,1,0,0
CUST104547,36,male,business,2.8,30300,653,3,41,4,0,0,7000.0,0.27,0.302,200800.0,160500.0,129000,60,education,1,1,1,1,1,0
CUST104548,25,female,salaried,5.0,93000,653,2,19,1,0,1,24700.0,0.288,0.284,106100.0,79200.0,62300,36,education,1,1,1,1,0,0
CUST104549,64,female,salaried,4.3,67900,659,2,33,1,0,0,13300.0,0.46,0.246,287200.0,194700.0,164000,48,vehicle,1,1,1,1,0,0
CUST104550,65,male,self_employed,4.8,53100,686,1,20,3,0,2,12300.0,0.16,0.328,46300.0,29300.0,92300,18,consumer,1,1,1,1,1,0
CUST104551,26,male,business,6.4,89200,647,3,31,2,0,0,8500.0,0.129,0.228,46800.0,18700.0,424600,36,vehicle,1,1,1,1,1,1
CUST104552,46,male,salaried,6.3,113100,656,2,23,1,0,5,30700.0,0.409,0.454,699500.0,314200.0,744600,36,medical,1,1,1,0,0,0
CUST104553,47,male,salaried,10.1,101600,696,2,25,1,0,1,13500.0,0.52,0.159,422200.0,142500.0,126300,48,personal,1,1,1,1,0,1
CUST104554,37,male,self_employed,6.0,34700,644,5,89,6,0,2,11700.0,0.131,0.471,117000.0,45200.0,83600,18,business,1,1,1,1,1,0
CUST104555,41,male,salaried,15.1,33500,712,3,64,2,0,3,10800.0,0.305,0.406,72200.0,45600.0,168400,60,consumer,1,1,1,1,1,0
CUST104556,63,male,business,5.5,54000,668,5,49,1,0,1,9500.0,0.448,0.219,114400.0,34100.0,111100,48,home,1,1,0,1,0,0
CUST104557,28,female,salaried,3.6,173000,735,2,35,1,0,1,67800.0,0.181,0.512,544200.0,470000.0,750200,36,education,1,1,1,1,1,1
CUST104558,61,male,self_employed,3.4,36200,616,4,84,12,0,0,13100.0,0.158,0.387,72400.0,26800.0,43700,48,vehicle,1,1,1,1,1,0
CUST104559,41,male,salaried,14.9,100200,803,2,30,2,0,1,27700.0,0.227,0.425,437600.0,341300.0,716600,48,personal,1,1,1,1,1,1
CUST104560,60,female,self_employed,13.2,126200,698,2,38,2,0,2,40400.0,0.623,0.41,340500.0,304400.0,407600,36,home,0,1,1,1,1,1
CUST104561,62,male,salaried,6.2,58500,656,2,23,1,0,2,19200.0,0.225,0.382,156300.0,83300.0,151700,48,vehicle,1,1,0,1,0,0
CUST104562,22,female,salaried,5.9,90300,756,5,68,2,0,0,18900.0,0.539,0.386,475600.0,350400.0,573400,36,vehicle,1,1,1,1,1,1
CUST104563,38,male,salaried,2.4,42800,688,3,63,3,0,2,13000.0,0.229,0.552,115900.0,70000.0,191400,18,business,1,1,1,1,0,0
CUST104564,39,female,salaried,5.6,38200,677,5,115,5,0,2,8200.0,0.475,0.295,157100.0,61900.0,147300,48,home,1,1,1,1,0,0
CUST104565,33,male,salaried,7.1,44200,639,6,106,8,0,0,7500.0,0.252,0.246,54600.0,44700.0,121200,36,home,1,1,1,1,0,0
CUST104566,58,female,salaried,13.8,83300,768,2,28,2,0,2,25300.0,0.3,0.452,551100.0,259300.0,593200,48,vehicle,1,0,1,1,1,1
CUST104567,31,female,self_employed,11.9,27300,654,3,61,8,0,2,7400.0,0.262,0.349,57100.0,41700.0,76800,36,education,1,1,1,1,0,0
CUST104568,39,male,salaried,4.2,45100,706,1,19,4,0,0,5200.0,0.073,0.217,41700.0,19300.0,221200,48,education,1,1,1,1,0,1
CUST104569,52,male,salaried,18.7,113700,801,1,12,1,0,0,24200.0,0.379,0.334,491400.0,172900.0,329600,24,business,1,1,1,1,1,1
CUST104570,52,female,salaried,6.1,37300,648,2,44,4,0,2,6800.0,0.348,0.521,195200.0,82200.0,227500,18,education,1,1,1,1,1,0
CUST104571,23,female,business,8.4,71900,745,2,47,1,0,2,22100.0,0.295,0.696,362300.0,289700.0,335500,12,vehicle,1,1,1,1,1,1
CUST104572,58,female,contract,5.5,58500,744,2,24,0,0,4,22600.0,0.415,0.505,133100.0,111800.0,167200,24,business,1,1,1,1,1,1
CUST104573,64,male,salaried,2.3,36900,640,2,40,6,0,2,3900.0,0.388,0.206,0.0,0.0,133900,36,personal,1,1,1,1,1,0
CUST104574,51,male,business,8.5,38000,749,3,36,3,0,1,5100.0,0.235,0.233,80800.0,70300.0,135300,36,personal,1,1,1,1,0,1
CUST104575,46,female,salaried,14.0,74800,723,4,45,3,0,0,9400.0,0.061,0.3,73700.0,32500.0,469400,36,home,1,1,1,1,1,1
CUST104576,33,female,salaried,15.7,98600,740,4,56,0,0,2,7200.0,0.691,0.125,429900.0,129000.0,305300,60,consumer,1,1,1,1,0,1
CUST104577,23,male,salaried,8.2,121300,669,2,26,4,0,0,43400.0,0.162,0.471,681200.0,308700.0,247900,18,vehicle,1,1,1,1,0,1
CUST104578,53,male,self_employed,8.0,26500,729,1,10,1,0,0,3900.0,0.243,0.304,19400.0,9200.0,149700,36,home_improvement,1,1,1,1,1,1
CUST104579,31,male,business,14.1,56200,721,2,37,1,0,1,7200.0,0.403,0.501,192900.0,94700.0,503600,24,business,1,1,1,1,1,1
CUST104580,63,male,self_employed,6.3,28600,671,7,100,5,0,1,7000.0,0.212,0.339,183300.0,137600.0,64800,24,home,1,1,1,1,0,0
CUST104581,43,male,contract,5.1,101800,644,1,19,3,0,4,18000.0,0.474,0.336,526700.0,137800.0,582600,36,medical,1,1,1,0,1,0
CUST104582,40,male,business,3.9,84300,675,1,11,0,0,0,13600.0,0.287,0.287,479600.0,162300.0,508800,48,home_improvement,1,1,1,1,0,1
CUST104583,30,male,contract,12.3,119500,750,1,24,0,0,0,41800.0,0.332,0.39,119000.0,38700.0,344000,72,consumer,1,1,1,1,0,1
CUST104584,34,female,salaried,5.5,69700,659,4,44,0,0,2,13000.0,0.253,0.304,456700.0,151600.0,393300,48,education,1,1,1,1,0,0
CUST104585,64,male,salaried,11.2,87800,718,1,16,1,0,0,25900.0,0.191,0.619,313500.0,92300.0,511300,18,consumer,1,1,1,1,0,1
CUST104586,49,male,self_employed,8.6,80800,739,2,44,2,0,2,0.0,0.423,0.049,167500.0,135300.0,142000,36,personal,1,1,1,1,1,1
CUST104587,44,female,salaried,10.0,90700,649,2,22,0,0,2,35900.0,0.679,0.516,557400.0,133200.0,261300,24,business,1,1,1,1,1,0
CUST104588,31,female,salaried,7.4,55900,701,1,10,0,0,0,0.0,0.187,0.092,358800.0,223000.0,184600,36,home,1,1,1,1,1,1
CUST104589,38,female,salaried,5.4,50000,716,7,123,3,0,3,10000.0,0.299,1.381,231100.0,151000.0,354200,6,consumer,1,1,1,1,1,0
CUST104590,36,male,salaried,11.2,36800,713,4,64,0,0,0,8800.0,0.219,0.382,59300.0,45100.0,189000,36,vehicle,1,1,1,1,0,1
CUST104591,56,male,salaried,5.3,53900,683,7,117,9,0,0,23000.0,0.385,0.46,111800.0,36600.0,86500,48,personal,1,1,1,1,0,0
CUST104592,37,male,business,4.4,62900,686,4,72,4,0,0,17500.0,0.563,0.317,129900.0,29500.0,87800,36,consumer,1,1,1,1,0,1
CUST104593,42,male,salaried,5.0,27800,749,3,28,2,0,1,1000.0,0.164,0.105,23900.0,11500.0,115400,60,medical,1,1,0,1,1,1
CUST104594,58,female,self_employed,6.4,64100,842,3,45,0,0,2,20900.0,0.443,0.404,159800.0,72900.0,119200,24,business,1,1,1,1,0,1
CUST104595,32,female,salaried,13.9,38200,691,2,41,5,0,0,6700.0,0.527,0.247,169300.0,41000.0,163600,60,personal,1,1,1,1,1,0
CUST104596,54,male,self_employed,6.9,63600,615,4,49,3,0,1,26200.0,0.409,0.496,366900.0,217300.0,256500,48,personal,1,1,1,1,0,0
CUST104597,31,male,salaried,3.7,98700,755,0,0,0,0,0,14100.0,0.331,0.195,188800.0,86100.0,187000,36,consumer,1,1,1,1,0,1
CUST104598,59,male,self_employed,9.5,57100,748,1,10,0,0,2,18700.0,0.208,0.742,355600.0,144000.0,425900,18,business,1,1,1,1,1,1
CUST104599,36,male,salaried,4.1,32700,647,2,23,1,0,0,13400.0,0.078,0.511,49500.0,23700.0,79700,24,personal,1,1,1,1,1,0
CUST104600,21,male,salaried,6.0,97000,693,2,42,4,0,1,20500.0,0.191,1.299,72200.0,23300.0,633200,6,business,1,1,1,1,1,0
CUST104601,41,male,salaried,2.9,26300,618,1,10,2,0,1,0.0,0.469,0.111,139300.0,62800.0,175500,60,vehicle,1,1,1,1,0,0
CUST104602,29,male,self_employed,3.8,216500,722,2,37,1,0,1,72100.0,0.366,0.365,173400.0,65600.0,494500,72,personal,0,1,1,1,1,1
CUST104603,41,male,contract,7.9,66300,711,3,47,1,0,2,19600.0,0.183,0.358,56900.0,32500.0,198200,48,personal,1,1,1,0,0,1
CUST104604,62,male,contract,2.5,37700,654,0,0,0,0,3,13800.0,0.632,0.474,196900.0,164400.0,243800,60,vehicle,1,1,1,1,0,0
CUST104605,38,male,salaried,16.6,39200,665,2,23,5,0,1,1600.0,0.16,0.21,257200.0,220000.0,79400,12,vehicle,1,1,1,1,1,1
CUST104606,47,male,self_employed,8.6,46500,790,3,53,1,0,0,3900.0,0.324,0.176,70400.0,23900.0,154300,36,vehicle,1,1,0,1,1,1
CUST104607,38,male,salaried,3.0,177600,700,3,28,2,0,3,33500.0,0.257,0.335,1184800.0,350300.0,933900,36,vehicle,1,1,1,1,1,1
CUST104608,63,male,salaried,19.0,41300,693,1,11,2,0,0,9000.0,0.18,0.307,48600.0,11900.0,87900,24,home,1,1,1,1,0,1
CUST104609,42,female,salaried,3.7,26000,666,5,48,7,0,1,11600.0,0.692,0.462,92100.0,46500.0,20000,48,consumer,1,1,0,1,0,0
CUST104610,38,male,salaried,7.0,66200,702,3,65,4,0,2,14700.0,0.488,0.425,360500.0,208900.0,321800,24,education,1,1,1,1,1,1
CUST104611,32,male,self_employed,6.7,61200,731,6,58,2,0,2,21900.0,0.172,0.392,225200.0,69100.0,75400,36,home_improvement,1,1,1,1,1,1
CUST104612,30,female,contract,3.6,44500,709,0,0,0,0,1,7600.0,0.241,0.293,0.0,0.0,65200,12,business,1,1,1,1,1,0
CUST104613,42,female,salaried,8.6,54300,705,2,42,0,0,2,10600.0,0.472,0.218,182800.0,163700.0,43700,36,personal,1,1,1,1,0,1
CUST104614,49,male,salaried,5.9,49400,655,4,40,4,0,1,12500.0,0.325,0.34,203900.0,105300.0,154600,36,vehicle,1,1,1,1,1,0
CUST104615,59,male,salaried,5.1,54800,698,5,82,8,0,2,16000.0,0.58,0.327,370900.0,201500.0,46600,24,personal,1,1,0,1,0,0
CUST104616,30,female,salaried,5.7,52600,654,0,0,0,0,1,21100.0,0.392,0.473,204500.0,150200.0,227400,60,education,1,1,1,1,1,0
CUST104617,30,male,business,8.4,36900,779,3,46,2,0,2,14000.0,0.271,0.541,131000.0,105900.0,215000,36,medical,1,1,1,1,0,0
CUST104618,33,male,salaried,6.9,106000,671,1,21,3,0,2,38000.0,0.217,0.493,130400.0,86700.0,683100,48,business,1,1,0,1,0,0
CUST104619,43,female,salaried,17.6,40700,622,2,24,2,0,1,17200.0,0.282,0.547,266700.0,107800.0,242500,48,home,1,1,1,1,1,0
CUST104620,39,female,salaried,9.5,90200,653,1,11,1,0,0,17200.0,0.515,0.616,382500.0,331700.0,460100,12,personal,1,1,1,1,1,0
CUST104621,27,male,salaried,4.5,60800,797,5,69,1,0,1,12400.0,0.774,0.236,410400.0,309100.0,69100,36,home,1,1,1,1,0,1
CUST104622,55,male,business,4.3,71500,683,1,17,0,0,0,9900.0,0.355,0.229,486600.0,114300.0,233300,36,education,1,1,1,1,0,1
CUST104623,46,male,self_employed,3.6,58800,669,5,47,3,0,2,16200.0,0.352,0.338,310300.0,226400.0,263000,72,personal,1,1,0,1,0,0
CUST104624,45,female,salaried,5.0,46200,765,4,43,1,0,0,20300.0,0.355,0.592,238800.0,59600.0,253200,36,home_improvement,1,1,1,1,0,1
CUST104625,23,male,self_employed,6.3,24600,747,2,38,0,0,3,7500.0,0.34,0.654,15400.0,12200.0,205900,24,vehicle,1,1,1,1,1,1
CUST104626,46,female,salaried,2.1,58200,733,0,0,0,0,2,21400.0,0.217,0.432,239800.0,105500.0,270300,72,personal,1,1,1,1,1,1
CUST104627,47,male,contract,16.1,80300,736,3,51,3,0,2,12000.0,0.359,0.811,26500.0,22500.0,318600,6,business,1,1,1,1,1,1
CUST104628,42,male,salaried,5.0,92400,762,0,0,0,0,1,7000.0,0.112,0.141,112700.0,58100.0,217300,36,personal,1,1,1,1,1,1
CUST104629,33,female,business,17.3,18200,755,2,30,0,0,2,5900.0,0.239,0.41,91400.0,79500.0,56500,36,vehicle,1,1,1,1,0,1
CUST104630,63,male,self_employed,4.0,37200,654,3,33,3,0,0,3300.0,0.393,0.196,240000.0,115200.0,95900,24,business,1,1,1,1,0,0
CUST104631,51,male,salaried,8.0,75300,668,4,54,6,0,1,30400.0,0.571,0.484,189900.0,93100.0,218200,36,medical,1,1,1,1,1,0
CUST104632,65,male,salaried,5.5,31000,709,4,93,3,0,3,3700.0,0.163,0.409,178400.0,,215400,24,consumer,1,1,1,1,0,0
CUST104633,51,female,contract,8.7,55800,695,3,64,2,0,3,19500.0,0.355,0.43,170500.0,139700.0,215400,48,consumer,1,1,1,1,1,0
CUST104634,43,female,salaried,5.7,53700,689,5,101,9,0,0,18000.0,0.182,0.375,292500.0,183000.0,127800,60,vehicle,1,1,1,1,0,1
CUST104635,30,male,salaried,4.5,148700,690,5,65,5,0,1,11200.0,0.092,0.194,286100.0,173700.0,848900,48,education,1,1,1,1,0,1
CUST104636,45,male,salaried,5.2,70300,744,2,28,0,0,2,23500.0,0.317,0.526,223800.0,77100.0,242000,18,personal,1,1,1,1,0,1
CUST104637,47,male,salaried,6.2,105600,641,3,54,6,0,1,11200.0,0.36,0.275,417000.0,313900.0,427400,24,business,1,1,1,1,0,0
CUST104638,21,female,salaried,6.0,89800,709,4,50,2,0,0,33900.0,0.217,0.435,148500.0,59600.0,246100,48,home_improvement,1,1,1,1,1,1
CUST104639,42,female,self_employed,14.8,83900,792,4,44,0,0,1,27800.0,0.362,0.465,201700.0,154100.0,269600,24,business,1,1,1,1,0,1
CUST104640,55,female,salaried,3.2,73000,679,3,59,4,0,2,25900.0,0.503,0.482,207800.0,92700.0,333000,36,consumer,0,1,1,1,0,0
CUST104641,29,female,self_employed,8.9,39900,692,3,66,3,0,1,5000.0,0.228,0.383,225400.0,47400.0,246300,24,home_improvement,1,1,1,1,1,1
CUST104642,52,female,self_employed,4.5,34100,777,1,22,1,0,0,7500.0,0.487,0.348,208800.0,72200.0,156900,36,consumer,1,1,1,1,1,1
CUST104643,63,male,contract,10.9,82400,662,4,53,3,0,1,9800.0,0.374,0.19,262100.0,107200.0,209600,36,medical,1,1,1,1,1,1
CUST104644,24,male,salaried,3.6,61100,765,0,0,0,0,2,6800.0,0.683,0.123,46300.0,29700.0,53100,72,home,1,1,1,1,1,0
CUST104645,61,female,business,4.5,44800,733,2,28,0,0,1,15700.0,0.323,0.449,153600.0,102700.0,159300,36,consumer,1,1,1,1,1,1
CUST104646,26,female,contract,19.5,55200,720,4,79,1,0,2,19800.0,0.187,0.409,52800.0,35200.0,166700,60,education,1,1,1,1,1,1
CUST104647,38,male,contract,1.7,46600,680,5,92,8,0,2,15500.0,0.34,0.57,223800.0,59600.0,265000,24,consumer,1,1,1,1,0,0
CUST104648,23,female,self_employed,10.0,76100,685,4,58,2,0,3,11100.0,0.249,0.249,347000.0,213800.0,283600,36,home,1,1,0,1,0,1
CUST104649,57,male,business,2.3,38400,714,2,39,1,0,1,9200.0,0.578,0.33,325800.0,232000.0,167400,48,vehicle,1,1,1,1,0,0
CUST104650,40,male,salaried,7.2,91200,703,5,87,3,0,1,7600.0,0.357,0.12,24000.0,15400.0,159200,48,personal,1,0,1,1,1,1
CUST104651,43,male,salaried,10.1,25400,679,0,0,0,0,2,3000.0,0.153,0.322,146000.0,41200.0,186100,36,home_improvement,1,1,1,1,1,0
CUST104652,46,male,salaried,5.8,46100,620,2,24,0,0,1,2700.0,0.365,0.129,289200.0,205500.0,194200,60,home,1,0,1,1,1,0
CUST104653,46,female,contract,2.8,97900,719,4,90,6,0,1,29500.0,0.42,0.396,445300.0,181800.0,166800,18,personal,1,1,1,1,0,1
CUST104654,24,male,business,15.4,67000,688,5,57,8,0,2,17600.0,0.232,0.402,333400.0,256100.0,224000,24,education,1,1,1,1,0,1
CUST104655,27,male,salaried,10.1,51200,681,3,65,7,0,1,6500.0,0.316,0.172,196100.0,53400.0,136900,60,home_improvement,1,0,1,1,1,0
CUST104656,63,male,salaried,3.8,23600,702,4,40,0,0,1,4800.0,0.25,0.409,153100.0,66300.0,116300,24,personal,1,1,1,1,1,0
CUST104657,46,male,salaried,4.2,49600,675,3,63,6,0,2,14900.0,0.734,0.412,256400.0,230500.0,333100,60,consumer,1,1,1,1,0,0
CUST104658,23,male,business,7.1,76200,658,5,62,8,0,2,25300.0,0.622,0.433,365800.0,223000.0,551300,72,personal,1,1,1,1,1,0
CUST104659,28,male,contract,3.3,156400,747,3,66,3,0,2,55000.0,0.137,0.51,181700.0,137000.0,595000,24,home_improvement,1,1,1,1,0,1
CUST104660,28,female,self_employed,7.0,47400,720,1,16,2,0,2,3200.0,0.376,0.144,307900.0,239600.0,216800,60,business,1,1,1,1,0,0
CUST104661,30,male,salaried,7.6,55800,623,3,51,6,0,0,8400.0,0.239,0.238,60600.0,42300.0,294000,60,vehicle,1,1,1,1,0,0
CUST104662,56,female,salaried,4.3,49700,687,5,103,7,0,1,10800.0,0.116,0.291,205400.0,45100.0,132700,36,consumer,1,1,1,1,1,1
CUST104663,27,male,contract,3.8,70800,645,4,74,10,0,1,1300.0,0.215,0.178,69100.0,,406800,36,personal,1,1,1,1,0,0
CUST104664,50,male,salaried,13.6,46200,713,2,20,0,0,1,11200.0,0.381,0.416,86100.0,67600.0,288600,36,home_improvement,1,1,1,1,0,1
CUST104665,51,male,salaried,4.4,38900,725,5,110,5,1,0,8000.0,0.553,0.421,230500.0,103000.0,151000,18,business,1,1,1,0,0,0
CUST104666,59,female,business,6.9,68800,706,5,52,3,0,1,16400.0,0.151,0.525,433200.0,321300.0,355300,18,business,1,1,1,1,1,1
CUST104667,51,female,salaried,14.3,66700,721,2,34,2,0,2,2200.0,0.798,0.226,236700.0,64900.0,463400,36,business,1,1,1,1,1,1
CUST104668,61,male,salaried,5.0,53600,639,2,38,6,0,2,9600.0,0.62,0.246,208200.0,84800.0,42900,12,home,1,1,1,1,1,0
CUST104669,29,female,business,6.1,19400,584,5,110,10,1,1,4000.0,0.187,0.372,24500.0,13400.0,77100,24,home,1,1,1,1,1,0
CUST104670,65,male,salaried,17.6,43300,748,2,32,0,0,2,15100.0,0.554,0.374,315500.0,170000.0,20000,18,education,1,1,1,1,0,1
CUST104671,41,male,business,11.5,77300,753,2,28,0,0,1,0.0,0.305,0.143,192500.0,158400.0,399200,36,consumer,1,1,1,1,1,1
CUST104672,48,male,salaried,4.8,79000,706,4,51,5,0,0,28500.0,0.178,0.609,341400.0,234000.0,470000,24,personal,1,1,1,1,0,1
CUST104673,38,male,salaried,6.3,62000,732,1,23,1,0,2,4000.0,0.433,0.198,23400.0,14400.0,396100,48,consumer,1,1,1,1,1,1
CUST104674,46,male,salaried,2.6,79600,696,0,0,0,0,1,30800.0,0.271,0.545,160300.0,113900.0,151000,12,business,1,1,1,1,0,0
CUST104675,47,male,contract,7.0,49900,672,2,39,5,0,1,13300.0,0.252,0.324,35600.0,29700.0,69200,24,personal,1,1,1,1,0,1
CUST104676,21,male,salaried,11.2,79700,747,2,29,1,0,2,20900.0,0.289,0.563,404800.0,284000.0,575200,24,home,1,1,1,1,0,1
CUST104677,28,male,salaried,10.5,82400,734,4,92,0,0,2,17500.0,0.601,0.34,253700.0,168700.0,631300,60,home_improvement,0,1,1,1,1,1
CUST104678,42,female,salaried,10.3,31300,651,3,49,5,0,0,11900.0,0.254,0.487,144500.0,126000.0,201100,60,home_improvement,1,1,1,1,1,0
CUST104679,61,male,contract,1.6,61300,764,3,50,1,0,1,13000.0,0.282,0.277,439500.0,245100.0,95700,24,vehicle,1,1,1,1,1,1
CUST104680,33,female,salaried,2.4,36400,703,2,38,2,0,1,5600.0,0.279,0.168,181400.0,142400.0,24500,48,personal,1,1,1,1,1,1
CUST104681,27,male,contract,5.9,45200,670,4,78,6,0,0,4500.0,0.084,0.196,138300.0,103800.0,312700,72,home,1,0,1,1,0,0
CUST104682,23,male,salaried,9.8,77300,769,6,112,2,0,0,21100.0,0.523,0.425,325100.0,136100.0,422600,36,business,1,1,1,1,0,1
CUST104683,64,male,salaried,18.2,63900,734,0,0,0,0,0,24800.0,0.616,0.425,290600.0,186500.0,169700,72,medical,1,0,1,1,0,1
CUST104684,48,female,salaried,3.9,46000,657,6,70,8,0,0,20600.0,0.205,0.471,166400.0,103100.0,38100,36,personal,1,1,1,1,1,0
CUST104685,53,male,salaried,5.7,77200,676,4,66,6,0,0,500.0,0.086,0.103,65900.0,35400.0,269600,36,home,1,1,0,1,1,1
CUST104686,23,female,business,13.8,44100,828,3,39,0,0,1,6400.0,0.2,0.356,300000.0,89600.0,223000,24,vehicle,1,1,1,1,0,1
CUST104687,42,female,salaried,7.0,31100,728,5,106,4,0,4,14000.0,0.468,0.619,212100.0,74900.0,188600,36,medical,1,1,1,1,0,0
CUST104688,49,male,salaried,3.5,92100,660,0,0,0,0,1,12600.0,0.189,0.312,490200.0,221600.0,580100,36,home,1,1,1,1,1,0
CUST104689,64,male,salaried,5.7,36700,622,4,78,10,0,0,9900.0,0.177,0.336,254400.0,123000.0,176300,72,consumer,1,1,1,1,1,0
CUST104690,64,male,self_employed,18.0,67000,694,3,62,1,0,1,25300.0,0.138,0.433,156800.0,46500.0,221800,60,personal,1,1,1,1,1,1
CUST104691,62,male,self_employed,8.1,53500,635,2,19,1,0,1,7400.0,0.637,0.273,184300.0,125800.0,259400,36,medical,1,1,1,1,0,0
CUST104692,39,male,self_employed,1.5,81600,630,6,105,9,1,0,12100.0,0.826,0.223,231300.0,77900.0,366500,60,vehicle,1,1,1,1,0,0
CUST104693,40,male,salaried,3.0,72700,614,0,0,0,0,3,9900.0,0.286,0.266,427300.0,291500.0,451300,48,personal,1,1,1,1,0,0
CUST104694,50,male,self_employed,13.0,80400,750,2,32,0,0,2,23800.0,0.225,0.351,269500.0,135900.0,158800,36,personal,1,1,1,1,0,1
CUST104695,65,female,salaried,3.7,109200,763,1,22,0,0,1,36800.0,0.274,0.449,489600.0,421000.0,588400,48,education,1,1,1,1,1,1
CUST104696,21,male,contract,19.5,67200,757,2,27,1,0,1,17700.0,0.228,0.31,359900.0,258900.0,112000,36,vehicle,1,1,1,1,1,1
CUST104697,39,female,salaried,6.7,68900,687,3,70,2,0,2,12600.0,0.174,0.231,71900.0,46100.0,118300,36,personal,1,1,1,1,1,0
CUST104698,37,male,salaried,12.2,230100,758,3,28,2,0,1,87000.0,0.463,0.465,1278900.0,400800.0,1199500,60,home,1,1,1,1,1,1
CUST104699,62,male,salaried,4.1,41000,655,2,41,1,0,0,7200.0,0.588,0.196,164600.0,147900.0,20000,24,business,1,1,1,1,1,0
CUST104700,25,female,salaried,3.3,59500,678,1,23,0,0,2,7800.0,0.407,0.38,252900.0,210300.0,266900,18,personal,1,1,1,1,1,0
CUST104701,31,female,business,4.6,83300,624,1,20,2,0,1,15600.0,0.368,0.71,418600.0,168400.0,522300,12,home,1,1,1,1,0,0
CUST104702,32,male,contract,2.9,48300,672,5,52,3,0,1,21600.0,0.522,0.584,134100.0,39900.0,158000,24,business,1,1,1,1,1,0
CUST104703,26,female,self_employed,4.6,101300,696,3,56,1,0,0,13100.0,0.048,0.219,668300.0,424000.0,218400,24,business,1,1,1,1,1,1
CUST104704,22,male,salaried,5.6,15700,692,2,31,1,0,1,5800.0,0.269,0.405,28400.0,19500.0,20000,36,personal,1,1,1,1,1,0
CUST104705,42,female,contract,6.1,56800,652,3,60,9,0,1,12700.0,0.498,0.553,267900.0,119400.0,336900,18,home,1,1,1,1,0,0
CUST104706,43,male,salaried,5.8,45900,691,1,12,1,0,1,11800.0,0.699,0.446,34000.0,22900.0,312800,36,home_improvement,1,1,1,1,0,0
CUST104707,21,male,salaried,18.5,24200,718,4,91,1,0,0,0.0,0.37,0.027,81000.0,17200.0,23200,36,home_improvement,1,1,1,1,1,1
CUST104708,55,male,business,1.9,128000,680,4,56,4,0,2,37500.0,0.553,0.363,568100.0,472200.0,535800,60,education,1,1,1,1,1,1
CUST104709,34,female,business,12.0,44800,750,2,37,1,0,2,15800.0,0.429,0.366,204100.0,168700.0,35700,60,vehicle,1,0,1,1,0,1
CUST104710,53,male,business,14.4,206500,760,4,55,1,0,4,55400.0,0.405,0.326,1128400.0,824600.0,571500,48,home_improvement,1,1,1,1,1,1
CUST104711,61,male,self_employed,3.2,43800,728,2,40,4,0,2,12000.0,0.287,0.379,109100.0,66600.0,165500,36,business,1,1,1,1,0,0
CUST104712,65,male,self_employed,5.4,30000,645,4,90,2,0,1,11400.0,0.468,0.506,134400.0,88700.0,136100,36,education,1,1,1,1,1,0
CUST104713,52,male,self_employed,16.7,29300,688,2,33,3,0,0,9400.0,0.412,0.364,128400.0,88100.0,45600,36,education,1,1,0,1,1,0
CUST104714,61,male,salaried,8.5,50200,710,2,43,1,0,3,14000.0,0.6,0.394,95700.0,26300.0,345300,60,home_improvement,1,1,1,1,0,0
CUST104715,42,male,business,5.2,39100,689,3,54,0,0,3,3100.0,0.614,0.211,157000.0,129200.0,247100,48,education,1,1,1,1,0,0
CUST104716,52,female,salaried,6.7,33000,645,3,51,3,0,0,9700.0,0.104,0.433,57600.0,42700.0,164800,36,vehicle,1,1,1,1,1,0
CUST104717,57,male,business,3.7,76300,731,0,0,0,0,2,14600.0,0.695,0.316,92900.0,81600.0,572300,60,vehicle,1,1,1,1,0,0
CUST104718,55,male,self_employed,12.3,71400,699,1,17,1,0,0,14600.0,0.316,0.253,103500.0,48300.0,125800,36,personal,1,1,0,1,1,1
CUST104719,45,female,salaried,4.0,84200,754,4,79,1,0,2,9900.0,0.3,0.238,620300.0,172200.0,486500,48,vehicle,1,1,1,1,1,1
CUST104720,47,male,salaried,9.9,32200,772,3,57,0,0,0,12200.0,0.19,0.474,189300.0,154700.0,184600,60,home,1,1,1,1,0,1
CUST104721,54,female,business,8.7,103400,701,0,0,0,0,2,15000.0,0.214,0.175,389700.0,,110500,36,personal,1,1,1,1,0,1
CUST104722,21,male,salaried,8.3,38300,659,1,22,2,0,3,10300.0,0.426,0.698,97300.0,76200.0,295700,18,education,1,1,1,1,0,0
CUST104723,65,male,salaried,4.3,30900,671,3,52,2,0,3,7900.0,0.373,0.347,16300.0,,101700,36,home,1,1,1,1,1,0
CUST104724,55,male,self_employed,7.6,41000,683,1,23,0,0,2,18300.0,0.112,0.502,254700.0,93900.0,82400,36,home_improvement,1,1,1,1,1,0
CUST104725,63,female,salaried,4.3,55400,751,2,22,0,0,2,14700.0,0.305,0.367,236800.0,181200.0,135800,24,home,1,1,1,1,1,1
CUST104726,48,male,business,7.8,129900,615,3,66,3,0,0,14300.0,0.639,0.17,163800.0,100900.0,282500,36,personal,1,1,1,1,0,0
CUST104727,48,female,contract,16.5,50800,706,5,74,1,0,0,16900.0,0.605,0.451,61600.0,41300.0,36100,6,personal,1,1,1,1,0,1
CUST104728,62,male,business,12.5,36000,686,3,41,4,0,2,3900.0,0.477,0.271,158900.0,89800.0,211300,36,education,1,1,1,1,1,0
CUST104729,40,male,salaried,4.9,83200,747,3,63,0,0,2,7100.0,0.404,0.271,273700.0,172400.0,556100,36,medical,1,1,1,1,1,1
CUST104730,29,female,salaried,15.9,61800,757,2,41,1,0,1,11200.0,0.545,0.402,190500.0,108800.0,327200,24,business,1,1,1,1,1,1
CUST104731,41,female,business,1.5,72000,668,1,11,2,0,1,11600.0,0.413,0.229,222300.0,,117700,24,vehicle,1,1,1,1,0,0
CUST104732,62,male,salaried,24.6,65500,782,1,16,0,0,0,14300.0,0.228,0.335,222200.0,177300.0,368000,48,home,1,1,1,1,1,1
CUST104733,31,female,salaried,26.5,83400,733,3,47,1,0,1,24800.0,0.337,0.362,195000.0,52600.0,130200,24,home,1,1,1,1,1,1
CUST104734,28,female,salaried,2.3,160400,747,6,89,1,0,0,57500.0,0.267,0.437,147300.0,106300.0,751100,60,home_improvement,1,1,1,1,1,1
CUST104735,46,female,salaried,4.2,42700,693,7,90,8,0,1,8200.0,0.602,0.356,219400.0,117900.0,252100,36,medical,1,1,1,1,0,0
CUST104736,23,female,contract,5.8,53800,722,4,53,3,0,2,3100.0,0.209,0.206,83800.0,63000.0,95600,12,vehicle,1,1,1,1,0,1
CUST104737,48,female,salaried,8.3,82300,783,1,15,0,0,0,9300.0,0.117,0.829,300800.0,196700.0,353700,6,vehicle,1,1,1,1,1,1
CUST104738,49,male,self_employed,9.6,108600,689,2,23,1,0,0,26400.0,0.183,0.3,532400.0,222800.0,147500,24,education,1,1,1,1,0,1
CUST104739,37,female,salaried,6.1,80600,607,1,13,1,0,2,11000.0,0.446,0.187,25100.0,21300.0,146500,36,personal,1,1,1,1,1,0
CUST104740,35,male,contract,5.7,33000,687,4,35,5,0,0,8200.0,0.035,0.356,72700.0,30900.0,128100,36,vehicle,1,1,1,1,1,0
CUST104741,29,female,contract,11.1,122900,603,2,33,3,0,0,31600.0,0.153,0.312,211900.0,52200.0,405100,60,consumer,1,1,1,1,0,1
CUST104742,44,male,self_employed,7.8,24100,606,4,81,11,0,1,0.0,0.133,0.078,88100.0,48800.0,67400,36,personal,1,1,1,0,0,0
CUST104743,21,female,self_employed,13.7,64600,761,4,68,0,0,0,20300.0,0.241,0.605,140900.0,90000.0,337700,18,home_improvement,1,1,1,1,1,1
CUST104744,37,female,salaried,10.3,27100,644,3,30,0,0,0,0.0,0.172,0.233,122800.0,89500.0,227100,36,personal,1,1,1,1,0,0
CUST104745,25,male,salaried,8.0,113400,701,1,18,0,0,3,9800.0,0.188,0.285,684600.0,460200.0,540200,24,home_improvement,1,0,1,1,0,1
CUST104746,29,female,salaried,1.7,88900,766,3,51,0,0,2,21500.0,0.35,0.485,556100.0,479200.0,518600,24,business,1,1,1,1,1,1
CUST104747,32,male,salaried,11.2,55800,690,4,46,2,0,3,23200.0,0.378,0.967,211700.0,60700.0,369200,12,consumer,1,1,1,1,0,0
CUST104748,59,male,contract,9.1,42400,662,4,45,3,0,1,7800.0,0.248,0.796,294400.0,180100.0,155700,6,business,1,1,1,1,0,0
CUST104749,40,female,contract,7.4,48500,685,4,47,5,0,1,0.0,0.426,0.276,53700.0,33700.0,240800,18,consumer,1,1,1,1,1,0
CUST104750,57,female,self_employed,2.0,59400,690,2,16,6,1,1,23600.0,0.599,0.48,444700.0,290100.0,235200,48,vehicle,1,1,1,1,1,0
CUST104751,58,male,self_employed,21.0,71200,737,3,40,2,0,3,300.0,0.545,0.039,221000.0,136900.0,147300,60,home_improvement,1,1,1,1,1,1
CUST104752,33,male,self_employed,14.0,141400,744,1,10,0,0,1,11400.0,0.253,0.232,258700.0,206600.0,1030400,48,personal,1,1,1,1,0,1
CUST104753,27,male,salaried,4.1,169600,695,2,42,4,0,2,20100.0,0.633,0.158,203300.0,108000.0,242600,36,vehicle,1,1,1,1,0,1
CUST104754,36,female,self_employed,4.9,118500,649,1,18,0,0,2,13500.0,0.611,0.671,635300.0,185800.0,792300,12,consumer,1,0,1,1,1,0
CUST104755,50,male,salaried,15.4,41700,712,5,48,2,0,0,12900.0,0.181,0.396,32100.0,14200.0,216800,60,business,1,1,1,1,0,1
CUST104756,55,male,business,2.3,59100,720,1,20,0,0,2,18500.0,0.207,0.49,215500.0,65100.0,251500,24,education,1,1,1,1,1,1
CUST104757,57,male,contract,3.4,51200,731,3,46,2,0,3,7400.0,0.425,0.374,156000.0,120400.0,281600,24,education,1,1,1,1,1,1
CUST104758,41,male,salaried,5.9,82000,680,2,19,1,0,0,32100.0,0.568,0.517,407300.0,220000.0,495700,48,vehicle,1,1,0,1,1,0
CUST104759,39,female,contract,10.2,51700,718,5,116,4,0,2,7800.0,0.145,0.292,294500.0,170400.0,263000,36,education,1,0,1,1,0,1
CUST104760,52,male,contract,4.9,84700,754,2,39,1,0,2,9900.0,0.378,0.205,473400.0,323700.0,356900,48,business,1,1,0,1,1,1
CUST104761,53,female,business,7.2,49100,659,1,17,0,0,2,3700.0,0.251,0.308,314200.0,141900.0,273600,24,vehicle,1,1,1,0,0,0
CUST104762,62,female,business,14.3,38800,725,3,60,0,0,2,800.0,0.286,0.186,55700.0,39600.0,231400,36,consumer,1,1,1,1,0,0
CUST104763,53,female,contract,3.2,141200,739,2,39,1,0,1,26700.0,0.353,0.253,665000.0,495300.0,435700,48,personal,1,1,1,1,0,1
CUST104764,58,male,salaried,6.7,30500,786,2,33,1,0,2,5700.0,0.768,0.264,209000.0,175500.0,112200,48,vehicle,1,1,1,1,1,1
CUST104765,42,male,business,4.1,39400,706,1,14,2,0,0,7200.0,0.39,0.317,44100.0,16800.0,190400,36,vehicle,1,1,0,1,1,1
CUST104766,47,female,contract,2.5,32300,668,2,26,4,0,0,8700.0,0.351,0.34,173400.0,84500.0,82600,36,personal,1,1,1,1,0,0
CUST104767,31,male,business,14.5,111300,798,2,36,0,0,0,21400.0,0.495,0.299,634100.0,391300.0,427400,36,personal,1,1,1,1,1,1
CUST104768,56,male,self_employed,4.8,132500,703,3,32,4,0,1,14100.0,0.532,0.157,487300.0,286800.0,323800,48,consumer,1,1,1,1,0,1
CUST104769,50,male,business,8.5,54600,669,1,10,0,0,1,19200.0,0.454,0.602,353100.0,270700.0,246100,18,business,1,1,1,1,0,0
CUST104770,29,male,self_employed,5.9,32100,649,0,0,0,0,0,1000.0,0.291,0.181,139100.0,86600.0,173100,36,education,1,1,1,1,1,0
CUST104771,40,male,salaried,4.5,60200,669,4,65,3,0,1,14000.0,0.304,0.387,281600.0,186500.0,334200,36,personal,1,1,1,1,1,0
CUST104772,58,female,salaried,0.5,25600,713,4,75,1,0,0,0.0,0.288,0.094,119900.0,84300.0,86500,36,personal,1,1,1,1,1,1
CUST104773,52,female,salaried,8.9,99100,740,5,93,2,0,0,36600.0,0.124,0.443,324300.0,202500.0,351300,48,personal,1,1,1,1,1,1
CUST104774,32,male,salaried,5.2,30400,618,3,49,2,0,4,1400.0,0.335,0.216,120100.0,53900.0,186500,36,education,1,1,1,1,0,0
CUST104775,58,female,self_employed,3.3,75700,751,4,76,0,0,1,3600.0,0.135,0.207,453000.0,153800.0,289100,24,consumer,1,1,1,1,0,1
CUST104776,40,female,self_employed,3.8,53100,662,2,29,3,0,3,11900.0,0.615,0.407,218000.0,55900.0,175000,18,medical,1,1,1,1,1,0
CUST104777,50,female,salaried,4.8,25500,711,1,13,0,0,1,9900.0,0.427,1.306,186500.0,77600.0,140400,6,home,1,1,1,1,0,0
CUST104778,48,female,salaried,3.6,127700,713,3,69,3,0,2,18400.0,0.425,0.368,633700.0,402700.0,687300,24,home,1,1,1,1,0,1
CUST104779,29,male,business,22.6,75500,738,3,52,2,0,1,2200.0,0.344,0.079,317900.0,198800.0,136100,36,home,1,1,1,1,1,1
CUST104780,35,female,salaried,13.4,51400,751,5,88,2,0,1,18800.0,0.625,0.438,164500.0,105100.0,133600,36,vehicle,1,1,1,1,0,1
CUST104781,62,female,salaried,8.4,105100,692,4,67,5,0,2,25400.0,0.558,0.404,545000.0,458300.0,613000,36,personal,1,1,1,1,1,0
CUST104782,58,male,salaried,10.6,55800,618,3,56,4,0,3,9100.0,0.614,0.339,296300.0,199100.0,235100,24,medical,1,1,1,1,1,0
CUST104783,25,male,contract,10.8,92500,744,2,20,0,0,1,13600.0,0.453,0.313,204500.0,73900.0,367900,24,business,1,1,1,1,0,1
CUST104784,47,female,business,9.5,37800,686,1,20,0,0,1,7200.0,0.672,0.529,80500.0,39600.0,307100,24,home,1,1,1,1,0,0
CUST104785,54,female,salaried,9.4,83000,731,1,13,0,0,1,27000.0,0.649,0.446,236300.0,182000.0,359800,36,personal,1,1,1,1,0,1
CUST104786,63,female,salaried,11.1,73800,624,0,0,0,0,0,23800.0,0.359,0.635,213700.0,58000.0,276900,12,vehicle,1,1,1,1,0,0
CUST104787,44,male,self_employed,5.2,43800,633,2,32,2,0,1,8100.0,0.327,0.272,124500.0,40900.0,91200,24,personal,1,1,1,1,0,0
CUST104788,33,male,salaried,2.4,55600,642,2,28,4,0,1,13800.0,0.111,0.263,1700.0,800.0,28900,36,education,1,1,1,1,0,0
CUST104789,58,female,salaried,4.3,73400,723,4,48,0,0,3,15400.0,0.187,0.256,180600.0,90000.0,162400,48,home,1,1,1,1,1,0
CUST104790,52,male,business,4.8,66300,732,6,112,2,0,1,19700.0,0.185,0.633,291500.0,209600.0,400600,18,vehicle,1,0,1,1,1,1
CUST104791,62,male,salaried,9.2,42500,714,2,19,1,0,3,13100.0,0.25,0.372,138700.0,79000.0,195400,72,consumer,1,1,1,1,1,1
CUST104792,27,male,salaried,6.2,64500,684,4,72,4,0,0,14300.0,0.397,0.325,353700.0,200100.0,79600,12,home_improvement,1,1,1,1,0,0
CUST104793,41,male,salaried,5.8,29500,674,2,27,5,0,0,10100.0,0.473,1.424,102200.0,87400.0,191500,6,vehicle,1,1,1,1,0,0
CUST104794,28,female,salaried,11.7,156800,756,1,20,0,0,2,58500.0,0.106,0.472,901500.0,472200.0,559200,36,personal,1,1,1,1,0,1
CUST104795,24,male,salaried,5.5,46200,631,1,16,2,0,0,7500.0,0.678,0.486,64000.0,19000.0,269100,18,personal,1,1,1,1,0,0
CUST104796,44,female,salaried,7.9,40800,697,5,101,4,0,3,7300.0,0.198,0.346,171300.0,67000.0,244900,36,vehicle,1,1,1,1,0,0
CUST104797,51,female,salaried,4.9,55500,668,5,113,7,0,3,19300.0,0.475,0.911,104200.0,54800.0,375200,12,education,1,1,1,1,0,0
CUST104798,61,male,salaried,8.2,72900,687,2,23,1,0,4,19300.0,0.312,0.333,439200.0,237400.0,357500,72,business,1,1,1,1,0,0
CUST104799,41,male,business,3.6,90200,759,0,0,0,0,0,24000.0,0.372,0.333,437300.0,161400.0,361000,60,vehicle,1,1,1,0,0,1
CUST104800,42,female,salaried,9.3,79300,634,5,85,5,0,2,10300.0,0.605,0.313,127200.0,31300.0,524100,36,consumer,1,0,1,1,0,0
CUST104801,45,male,business,15.8,112900,732,3,52,2,0,4,36300.0,0.65,0.573,264300.0,131900.0,340600,12,vehicle,1,1,0,1,0,1
CUST104802,46,male,business,10.8,226400,714,3,54,3,0,2,20700.0,0.74,0.776,606500.0,222900.0,929400,6,business,0,1,1,1,1,1
CUST104803,34,male,contract,10.2,38700,689,4,47,1,0,2,0.0,0.745,0.16,20700.0,16400.0,222500,36,personal,1,1,1,1,1,0
CUST104804,63,female,self_employed,10.9,152700,721,3,63,3,0,2,50400.0,0.266,0.399,625500.0,506600.0,380100,36,personal,1,1,0,1,1,1
CUST104805,58,male,salaried,17.3,36100,733,1,21,1,0,1,8500.0,0.27,0.482,138900.0,104700.0,160100,18,education,1,1,1,1,0,1
CUST104806,30,female,salaried,13.9,66100,729,3,40,2,0,1,7400.0,0.357,0.151,366800.0,110000.0,124000,48,home_improvement,1,1,1,1,0,1
CUST104807,64,female,salaried,1.9,48900,722,1,19,0,0,3,10900.0,0.343,0.319,96100.0,72200.0,113100,24,personal,1,1,0,1,1,1
CUST104808,58,female,self_employed,12.5,163800,710,4,53,3,0,3,12100.0,0.357,0.373,273000.0,238100.0,882200,18,personal,1,1,1,1,0,1
CUST104809,50,male,business,2.5,163800,748,2,37,1,0,1,48500.0,0.266,0.514,599600.0,185200.0,855100,24,education,1,1,1,1,1,1
CUST104810,55,male,salaried,5.6,46900,745,1,20,0,0,2,14900.0,0.636,1.041,0.0,0.0,203400,6,personal,1,1,1,1,1,0
CUST104811,53,male,salaried,3.2,43000,639,3,61,5,0,0,6600.0,0.515,0.231,138500.0,87600.0,20000,6,medical,1,1,1,1,1,0
CUST104812,50,male,self_employed,5.6,65700,712,3,55,2,0,2,23400.0,0.43,0.765,310000.0,104600.0,161200,6,vehicle,1,1,1,1,0,0
CUST104813,45,male,salaried,11.5,113500,758,1,20,1,0,3,28600.0,0.359,0.644,725600.0,341700.0,801600,18,education,1,1,1,1,0,1
CUST104814,38,male,self_employed,3.0,83500,660,1,11,0,0,0,20800.0,0.102,0.327,230400.0,153600.0,233900,36,personal,1,1,1,1,1,1
CUST104815,24,male,contract,9.0,81700,657,2,38,2,0,0,8000.0,0.293,0.192,556600.0,286600.0,368300,48,home,1,1,1,1,1,1
CUST104816,59,male,salaried,8.3,34200,714,1,23,1,0,1,12100.0,0.163,0.72,28200.0,25000.0,225700,18,personal,1,1,1,1,0,0
CUST104817,39,male,self_employed,10.1,125600,778,0,0,0,0,1,38300.0,0.14,0.364,406500.0,,265000,36,vehicle,1,1,1,1,1,1
CUST104818,64,female,salaried,3.3,62700,668,0,0,0,0,1,18600.0,0.459,0.489,332600.0,164900.0,144800,12,vehicle,1,1,1,1,0,0
CUST104819,63,male,salaried,2.1,50800,695,3,27,3,0,2,7000.0,0.188,0.367,61200.0,43400.0,279700,24,education,1,1,1,1,1,1
CUST104820,38,female,business,15.5,36200,634,3,60,12,0,1,9300.0,0.247,0.37,250400.0,206800.0,196300,48,personal,1,1,1,0,1,0
CUST104821,57,male,salaried,6.0,19200,666,2,42,4,0,2,7900.0,0.38,0.452,123100.0,33600.0,27900,36,home,1,1,1,1,1,0
CUST104822,39,male,salaried,5.6,78500,698,2,45,1,0,2,10900.0,0.305,0.33,90500.0,52900.0,180500,12,personal,1,1,1,1,0,1
CUST104823,42,female,self_employed,3.4,25400,604,1,9,2,1,1,2200.0,0.495,0.119,79900.0,24000.0,29800,36,personal,1,1,1,1,0,0
CUST104824,54,female,salaried,4.6,54800,676,3,36,3,0,2,10500.0,0.625,0.31,12400.0,4100.0,155500,24,vehicle,1,1,1,1,0,0
CUST104825,62,male,salaried,6.9,101400,696,5,78,2,0,2,10900.0,0.627,0.215,687100.0,137700.0,393800,36,home,1,1,1,1,1,1
CUST104826,44,male,salaried,4.1,45300,642,1,22,0,0,1,7600.0,0.552,0.345,182800.0,164400.0,192800,24,personal,1,1,1,0,1,0
CUST104827,59,male,self_employed,14.7,75300,725,2,44,2,0,0,23000.0,0.085,0.383,254800.0,51500.0,349800,60,vehicle,1,1,1,1,1,1
CUST104828,30,male,contract,18.4,47800,672,1,23,0,0,1,7900.0,0.095,0.213,342200.0,256100.0,137500,60,personal,1,1,1,1,1,1
CUST104829,36,female,salaried,6.1,56000,652,1,14,0,0,2,9700.0,0.322,0.208,67200.0,48100.0,69700,36,personal,1,1,1,1,0,0
CUST104830,61,male,self_employed,6.3,38100,681,5,79,11,0,0,8500.0,0.418,0.304,128600.0,37400.0,185700,60,vehicle,1,1,1,1,0,0
CUST104831,63,female,business,7.7,51300,697,5,107,3,0,3,10400.0,0.443,0.415,136500.0,66200.0,392600,36,medical,1,1,1,1,1,0
CUST104832,51,female,salaried,4.1,64900,624,3,33,3,0,1,11600.0,0.388,0.97,311200.0,236900.0,308300,6,personal,1,1,1,1,1,0
CUST104833,32,male,contract,4.9,55700,721,1,10,1,0,1,11300.0,0.312,0.485,160000.0,72100.0,377300,24,medical,1,1,1,1,0,0
CUST104834,40,female,salaried,4.9,64800,641,1,13,0,0,0,18400.0,0.428,0.491,136000.0,45800.0,482500,36,vehicle,1,1,1,1,0,0
CUST104835,44,male,salaried,5.0,87500,709,5,99,6,0,1,10100.0,0.182,0.202,507300.0,416800.0,454500,60,home_improvement,1,1,0,1,1,1
CUST104836,39,male,salaried,2.9,134000,696,4,59,5,0,1,26800.0,0.292,0.345,371000.0,228000.0,699900,36,vehicle,1,1,1,1,0,1
CUST104837,45,male,business,17.7,19100,736,0,0,0,0,3,8100.0,0.177,0.619,23000.0,12800.0,89400,24,consumer,1,1,1,1,1,0
CUST104838,49,female,salaried,3.3,81000,632,1,16,1,0,2,14100.0,0.515,0.272,71400.0,27600.0,286400,36,education,1,1,1,1,0,0
CUST104839,28,male,business,5.6,27500,684,1,11,2,0,2,1300.0,0.182,0.169,33100.0,15900.0,121000,36,home_improvement,1,1,1,1,1,0
CUST104840,34,male,self_employed,8.2,29000,707,3,59,4,0,1,2100.0,0.098,0.19,215000.0,55700.0,122300,36,personal,1,1,0,1,1,0
CUST104841,55,female,salaried,20.4,55300,769,3,54,0,0,4,11800.0,0.402,0.319,298700.0,211000.0,210400,36,education,1,1,1,1,0,1
CUST104842,48,female,salaried,3.4,59100,683,3,55,2,0,0,10100.0,0.298,0.241,262300.0,172300.0,99500,24,home,1,1,1,1,0,0
CUST104843,25,female,salaried,7.0,82600,711,1,19,3,0,1,26200.0,0.406,0.414,318700.0,195300.0,572900,72,personal,1,1,1,1,0,0
CUST104844,26,male,self_employed,7.9,43000,715,5,88,2,0,1,15100.0,0.296,0.457,238400.0,52500.0,109200,24,consumer,1,1,0,1,0,1
CUST104845,44,female,self_employed,19.2,17100,668,2,44,2,0,0,1000.0,0.188,0.156,8300.0,7000.0,99700,60,home,1,1,1,1,0,0
CUST104846,38,female,salaried,2.6,34100,658,5,85,10,0,2,14200.0,0.439,0.47,241100.0,84200.0,65700,36,consumer,1,1,1,1,0,0
CUST104847,35,female,contract,8.9,35400,715,2,39,3,0,1,13300.0,0.385,0.542,98500.0,81500.0,212400,36,personal,1,1,1,1,0,0
CUST104848,57,male,business,8.4,33500,700,0,0,0,0,1,7700.0,0.466,0.531,220800.0,182800.0,242200,24,education,1,1,1,1,0,0
CUST104849,51,female,salaried,6.6,52700,686,4,67,5,0,2,11600.0,0.404,0.284,65800.0,35400.0,161700,48,consumer,1,1,1,1,1,1
CUST104850,27,male,contract,10.9,78500,728,6,118,2,0,1,9000.0,0.632,0.191,511400.0,362100.0,215100,36,business,1,0,1,1,0,1
CUST104851,22,female,self_employed,1.4,58300,674,6,76,8,0,1,16400.0,0.492,0.394,425200.0,225600.0,237000,36,home_improvement,1,1,1,1,0,0
CUST104852,52,female,business,9.8,52800,678,5,50,5,0,1,13600.0,0.433,0.431,107300.0,48200.0,109800,12,business,1,1,1,1,1,0
CUST104853,57,male,salaried,7.1,53000,659,2,34,4,0,1,13100.0,0.327,0.328,114900.0,91600.0,256600,60,home_improvement,1,1,1,1,1,0
CUST104854,53,female,salaried,12.8,68600,690,2,29,1,0,1,25600.0,0.428,0.409,189200.0,113700.0,174600,72,personal,1,1,1,1,0,1
CUST104855,54,male,salaried,4.8,42200,550,5,48,7,1,0,14500.0,0.255,0.417,195500.0,83000.0,148600,48,personal,1,1,1,1,0,0
CUST104856,54,male,salaried,1.8,40300,661,4,55,5,0,1,5000.0,0.418,0.155,75800.0,22400.0,45100,36,medical,1,1,1,1,0,0
CUST104857,43,male,contract,3.3,44600,657,6,60,6,0,2,15800.0,0.778,0.385,282000.0,182300.0,82500,60,personal,1,1,1,1,1,0
CUST104858,22,female,business,5.3,45100,704,5,88,2,0,2,10400.0,0.169,0.355,126500.0,103300.0,201800,36,education,1,1,1,1,0,1
CUST104859,36,male,salaried,9.4,66700,664,0,0,0,0,2,18300.0,0.214,0.391,230600.0,46800.0,280600,36,personal,1,1,1,1,0,0
CUST104860,58,male,self_employed,5.6,29500,654,5,60,5,0,4,0.0,0.408,0.127,20900.0,,134600,36,home_improvement,1,1,1,1,0,0
CUST104861,41,female,salaried,9.6,26300,685,4,56,4,0,2,3100.0,0.592,0.249,108400.0,58300.0,82600,24,personal,1,1,1,1,0,0
CUST104862,32,female,salaried,7.3,84800,746,3,66,3,0,2,20400.0,0.437,0.42,388300.0,139000.0,548400,36,personal,1,1,1,1,1,1
CUST104863,50,female,business,10.3,35800,672,1,24,0,0,2,11400.0,0.34,0.427,213900.0,51800.0,93000,24,personal,1,1,1,1,0,0
CUST104864,28,male,salaried,3.7,117000,684,3,60,3,0,3,45000.0,0.408,0.476,106800.0,60700.0,383600,36,home_improvement,1,1,1,1,0,0
CUST104865,27,female,self_employed,8.9,40800,633,2,34,2,0,3,1400.0,0.316,0.172,229700.0,87400.0,202900,36,consumer,1,1,1,1,0,0
CUST104866,25,male,salaried,1.9,35900,637,2,31,1,0,0,11900.0,0.273,0.437,203300.0,43000.0,228000,60,vehicle,1,1,1,1,1,0
CUST104867,60,female,self_employed,14.4,132300,786,4,52,0,0,1,6100.0,0.302,0.143,730400.0,291100.0,463300,36,consumer,1,1,1,1,0,1
CUST104868,47,male,self_employed,14.7,65200,656,3,47,4,0,0,13300.0,0.265,0.238,253000.0,125500.0,161700,72,personal,1,1,1,1,1,1
CUST104869,31,female,self_employed,11.2,42400,676,2,39,3,0,4,9800.0,0.47,0.401,166300.0,92700.0,173300,24,consumer,0,1,1,1,1,0
CUST104870,53,male,self_employed,11.1,46400,741,0,0,0,0,2,16700.0,0.533,0.726,210200.0,178200.0,305500,18,home_improvement,1,1,1,1,0,1
CUST104871,24,male,self_employed,6.8,116000,695,4,88,8,0,0,10600.0,0.456,0.208,729100.0,506800.0,810300,60,business,1,1,1,1,0,1
CUST104872,49,female,business,5.1,39300,658,1,10,0,0,0,4000.0,0.233,0.384,291900.0,100400.0,199600,18,education,1,1,1,1,1,0
CUST104873,42,male,salaried,2.2,26000,674,9,190,17,0,2,3400.0,0.206,0.359,32900.0,28000.0,213200,36,education,1,1,1,1,0,0
CUST104874,62,female,salaried,4.1,98600,643,6,71,7,0,0,14200.0,0.119,0.286,569100.0,256200.0,503900,36,education,1,1,1,1,1,1
CUST104875,44,male,salaried,9.5,22100,639,3,44,4,0,0,1600.0,0.387,0.233,133000.0,93400.0,127700,36,business,1,1,1,1,0,0
CUST104876,38,female,salaried,15.3,35900,734,4,66,2,0,3,8700.0,0.585,0.357,113400.0,49300.0,246200,60,consumer,1,1,1,1,0,1
CUST104877,48,female,business,4.1,54900,687,5,63,2,0,1,21800.0,0.37,0.453,196200.0,94300.0,147400,48,vehicle,1,1,1,1,0,0
CUST104878,25,female,business,6.4,23600,710,2,39,3,0,1,5300.0,0.586,0.273,24100.0,5400.0,41400,36,home_improvement,1,1,1,1,1,0
CUST104879,44,male,salaried,1.9,21500,666,3,50,4,0,0,4000.0,0.157,0.212,90000.0,48700.0,20000,36,education,1,1,1,1,1,0
CUST104880,34,male,salaried,9.3,90500,695,2,22,2,0,1,25400.0,0.301,0.434,226700.0,78400.0,501100,36,business,1,1,1,1,0,0
CUST104881,32,female,self_employed,9.0,55100,602,1,22,2,0,2,13500.0,0.355,0.294,26200.0,12700.0,64500,24,education,1,1,1,1,0,0
CUST104882,29,male,business,5.7,90100,684,4,69,3,0,1,16700.0,0.43,0.296,599600.0,309000.0,357500,36,vehicle,1,1,1,1,0,1
CUST104883,41,female,business,14.9,31900,684,2,37,3,0,4,6600.0,0.932,0.282,31000.0,25900.0,86200,36,consumer,1,1,1,1,1,0
CUST104884,53,female,business,17.1,36900,715,4,88,4,0,2,7000.0,0.213,0.327,153200.0,59600.0,182000,36,home_improvement,1,0,1,1,1,1
CUST104885,29,male,self_employed,9.0,60100,704,1,18,0,0,1,7100.0,0.362,0.221,184500.0,155100.0,370500,60,personal,1,1,1,1,0,1
CUST104886,55,female,contract,4.6,70700,631,5,73,7,0,4,16900.0,0.354,0.4,449700.0,117700.0,273900,24,home_improvement,1,1,1,1,0,0
CUST104887,48,female,self_employed,3.7,67500,645,2,29,3,0,0,18700.0,0.355,0.407,378300.0,195100.0,314700,36,home,1,1,1,1,1,0
CUST104888,42,male,salaried,6.4,119300,724,3,58,2,0,1,24400.0,0.535,0.312,759700.0,573200.0,463000,36,business,1,0,1,1,1,1
CUST104889,60,male,salaried,7.6,32200,741,1,13,0,0,2,7000.0,0.509,0.337,194700.0,126000.0,230200,60,education,1,1,1,1,0,1
CUST104890,32,female,salaried,6.3,41300,632,3,46,5,0,3,14100.0,0.764,0.648,228300.0,66200.0,304300,24,personal,1,1,1,1,0,0
CUST104891,24,female,self_employed,4.4,80000,721,2,31,3,0,2,7300.0,0.218,0.287,420600.0,282900.0,562400,36,consumer,1,1,1,1,1,1
CUST104892,41,female,self_employed,2.6,16900,699,0,0,0,0,0,6300.0,0.33,0.679,21800.0,18400.0,62100,12,personal,1,1,1,1,0,0
CUST104893,24,male,salaried,15.3,30800,735,4,38,2,0,0,4800.0,0.122,0.472,26700.0,21500.0,116700,12,medical,1,1,1,1,1,1
CUST104894,51,male,salaried,2.5,52200,658,4,77,3,0,0,16200.0,0.158,0.481,175000.0,123400.0,320000,36,education,1,1,1,1,1,0
CUST104895,28,female,business,11.2,50200,650,2,27,3,0,4,14800.0,0.499,0.438,247000.0,167900.0,258900,36,business,1,1,1,1,0,0
CUST104896,28,male,salaried,5.8,55100,755,1,14,0,0,3,13900.0,0.639,0.302,191200.0,42400.0,197400,72,consumer,1,1,1,1,1,1
CUST104897,62,male,salaried,8.3,56900,688,4,82,6,0,2,5400.0,0.099,0.297,363800.0,312000.0,414200,36,business,1,1,1,1,1,1
CUST104898,44,female,salaried,2.4,52900,667,3,61,8,0,0,12600.0,0.572,0.402,36000.0,25500.0,207900,24,home,1,1,1,1,1,0
CUST104899,47,female,self_employed,5.0,125400,773,1,15,0,0,1,38000.0,0.386,1.137,103300.0,88500.0,627300,6,education,1,1,1,1,1,0
CUST104900,31,female,salaried,9.9,95200,722,1,21,0,0,2,37300.0,0.257,0.471,143100.0,40900.0,453300,60,education,1,1,1,1,1,1
CUST104901,47,female,salaried,2.9,92000,761,5,113,2,0,1,34000.0,0.31,0.466,61300.0,13800.0,212200,24,education,1,1,1,1,1,1
CUST104902,55,female,salaried,4.2,22500,643,2,21,3,0,1,3400.0,0.392,0.293,25000.0,8600.0,114700,36,business,1,1,1,1,0,0
CUST104903,46,female,salaried,3.3,50000,627,1,12,1,0,2,6700.0,0.36,0.176,326800.0,100400.0,100100,48,consumer,1,1,0,1,1,0
CUST104904,44,male,salaried,14.7,95100,759,3,44,1,0,1,9000.0,0.699,0.22,579100.0,403300.0,429700,36,education,1,1,1,1,0,1
CUST104905,35,male,salaried,3.9,70600,725,4,91,5,0,3,10300.0,0.273,0.27,127900.0,68800.0,315900,36,medical,1,1,1,1,0,1
CUST104906,42,female,salaried,4.0,48800,611,3,55,8,0,0,0.0,0.185,0.02,85700.0,24300.0,39400,60,education,1,1,1,1,1,0
CUST104907,28,female,self_employed,3.4,34500,649,1,21,1,0,1,9700.0,0.437,0.324,46500.0,27700.0,71600,48,vehicle,1,1,1,1,1,0
CUST104908,44,male,self_employed,7.6,86900,767,1,20,0,0,0,13300.0,0.067,0.398,436700.0,96000.0,510100,24,home,1,1,1,1,1,1
CUST104909,37,male,salaried,9.7,46100,700,6,81,3,0,0,15200.0,0.411,0.397,231300.0,182400.0,111500,36,medical,1,1,1,1,1,1
CUST104910,36,female,business,7.7,49000,711,0,0,0,0,1,11700.0,0.091,0.289,74600.0,37900.0,118100,48,business,1,1,1,1,0,0
CUST104911,38,male,salaried,9.6,47100,584,4,66,10,1,2,18400.0,0.263,0.473,182100.0,47700.0,140400,36,consumer,1,1,0,1,1,0
CUST104912,59,male,self_employed,19.8,39800,769,4,51,1,0,1,7500.0,0.13,0.275,259900.0,139200.0,82700,24,personal,1,1,1,1,0,1
CUST104913,57,female,self_employed,5.5,35800,625,1,10,0,0,0,4100.0,0.257,0.163,205600.0,73200.0,62500,36,home,1,1,1,1,0,0
CUST104914,21,male,salaried,6.2,33200,630,5,93,12,1,0,12200.0,0.107,0.669,37000.0,16500.0,180100,18,vehicle,1,1,1,1,0,0
CUST104915,48,male,salaried,26.0,40100,858,1,21,1,0,0,5100.0,0.17,0.184,47600.0,31500.0,54500,24,vehicle,1,1,1,1,0,1
CUST104916,33,male,self_employed,11.1,26200,759,2,32,0,0,1,7300.0,0.432,0.365,57900.0,15400.0,81500,36,personal,1,1,1,1,0,1
CUST104917,32,male,contract,3.6,41400,577,5,50,5,0,1,13000.0,0.113,0.476,80000.0,21800.0,160500,24,home_improvement,1,1,1,1,0,0
CUST104918,35,female,salaried,18.9,74100,802,3,34,2,0,2,7800.0,0.173,0.321,230900.0,195200.0,191800,12,vehicle,1,1,1,1,0,1
CUST104919,37,female,salaried,14.3,52100,640,5,48,7,0,1,9600.0,0.636,0.236,305800.0,73700.0,129400,48,vehicle,1,1,1,0,1,0
CUST104920,29,female,salaried,6.3,54800,696,1,16,0,0,0,8600.0,0.307,0.228,269500.0,106200.0,141100,36,personal,1,1,0,1,0,0
CUST104921,51,male,salaried,3.7,85900,684,2,24,0,0,1,33800.0,0.157,0.442,351500.0,88000.0,149900,36,education,1,1,1,1,1,1
CUST104922,51,male,salaried,4.1,94100,752,0,0,0,0,0,19100.0,0.282,0.261,232200.0,159800.0,395100,72,business,1,1,1,1,1,1
CUST104923,62,male,self_employed,9.2,101600,716,5,47,3,0,1,39700.0,0.22,0.67,77800.0,55800.0,509900,18,home,1,1,1,1,1,1
CUST104924,22,male,salaried,11.0,72100,775,2,24,0,0,0,13800.0,0.553,0.373,235900.0,161000.0,314100,24,vehicle,1,1,1,1,1,1
CUST104925,25,male,salaried,6.8,56900,721,6,67,5,0,0,19400.0,0.37,0.504,260400.0,189900.0,222300,24,vehicle,1,1,1,1,0,1
CUST104926,48,male,business,3.3,55100,697,3,52,2,0,5,19200.0,0.454,0.466,191800.0,54700.0,389700,60,vehicle,1,0,1,1,1,0
CUST104927,41,male,self_employed,7.6,24000,664,2,35,5,0,2,0.0,0.396,0.047,84800.0,68700.0,54700,48,education,1,1,1,1,0,0
CUST104928,54,male,salaried,4.5,48700,624,2,22,4,0,0,5300.0,0.347,0.224,281400.0,164800.0,201600,36,vehicle,1,1,1,1,1,0
CUST104929,43,male,self_employed,4.4,108700,626,7,132,15,0,2,21100.0,0.165,0.274,173100.0,78900.0,518000,60,home_improvement,1,1,1,1,1,0
CUST104930,33,female,salaried,7.5,38600,694,1,15,0,0,3,500.0,0.647,0.071,237000.0,92800.0,81100,36,business,1,1,1,1,0,0
CUST104931,23,male,salaried,12.6,30000,679,2,20,0,0,2,0.0,0.555,0.769,48400.0,39500.0,138500,6,personal,1,1,1,1,1,0
CUST104932,33,male,salaried,4.6,50100,732,1,14,0,0,2,7000.0,0.3,0.262,56700.0,41100.0,220800,36,personal,1,1,1,1,1,1
CUST104933,21,female,salaried,11.3,23600,688,3,66,6,0,1,3000.0,0.389,0.812,148300.0,48200.0,97000,6,personal,0,1,1,1,1,0
CUST104934,41,female,contract,2.8,116400,663,4,41,3,0,3,13500.0,0.413,0.241,619500.0,506800.0,522700,36,home_improvement,1,1,1,1,1,0
CUST104935,35,female,salaried,12.9,105600,701,0,0,0,0,1,3700.0,0.265,0.073,676200.0,313100.0,143900,36,personal,1,1,1,1,0,1
CUST104936,36,female,self_employed,3.7,48000,685,0,0,0,0,1,16600.0,0.426,0.573,318900.0,97300.0,196600,18,medical,1,1,1,1,0,0
CUST104937,58,female,business,10.9,46300,805,2,33,1,0,0,7000.0,0.058,0.28,0.0,0.0,214400,36,medical,1,0,1,1,1,1
CUST104938,33,male,salaried,5.3,28700,700,1,10,0,0,0,5500.0,0.605,0.375,68000.0,30200.0,126400,24,home,1,1,1,1,0,0
CUST104939,60,male,salaried,3.5,31300,708,2,26,0,0,0,9000.0,0.433,0.414,140700.0,99700.0,94800,24,medical,1,1,1,1,1,0
CUST104940,50,male,salaried,5.1,55600,668,2,20,0,0,0,15500.0,0.209,0.416,125600.0,70300.0,275600,36,vehicle,1,1,1,1,0,0
CUST104941,50,male,salaried,4.6,106000,696,1,19,1,0,1,32400.0,0.348,0.825,373600.0,290500.0,661000,12,personal,1,1,1,1,0,1
CUST104942,33,male,salaried,14.4,73400,674,5,108,7,0,0,700.0,0.345,0.163,483700.0,121200.0,406700,36,vehicle,1,1,1,1,1,1
CUST104943,60,female,salaried,9.7,109800,685,4,62,6,0,3,35700.0,0.465,0.434,417400.0,206100.0,287400,24,consumer,1,1,1,1,0,1
CUST104944,52,male,contract,3.6,98000,598,4,67,9,0,2,33700.0,0.127,0.592,468100.0,262200.0,584500,24,education,1,1,1,1,0,0
CUST104945,56,male,self_employed,6.8,36800,624,6,60,6,0,0,13000.0,0.07,0.445,210300.0,129800.0,161900,48,personal,1,1,1,1,0,0
CUST104946,37,male,salaried,6.4,138800,602,0,0,0,0,2,26900.0,0.308,0.851,869900.0,414600.0,547300,6,personal,1,1,1,1,0,0
CUST104947,26,male,salaried,3.6,43000,715,2,30,0,0,2,10200.0,0.69,0.298,75200.0,30600.0,62600,24,education,1,1,1,1,1,0
CUST104948,58,male,self_employed,5.5,30000,701,2,36,4,0,0,9900.0,0.445,0.405,158500.0,78400.0,80600,36,consumer,1,1,1,1,0,0
CUST104949,26,female,salaried,9.1,33500,709,1,18,1,0,3,3500.0,0.329,0.221,61200.0,25300.0,140900,36,medical,1,1,1,1,1,0
CUST104950,63,male,salaried,6.3,40500,625,0,0,0,0,0,13600.0,0.257,0.651,167900.0,135200.0,153300,12,personal,1,1,1,1,0,0
CUST104951,58,female,salaried,7.1,153200,765,1,19,0,0,1,38400.0,0.221,0.367,91300.0,75900.0,644200,36,vehicle,1,1,1,1,0,1
CUST104952,54,female,business,7.1,26000,660,3,40,8,0,2,4900.0,0.599,0.269,82700.0,69400.0,150400,72,medical,1,1,1,1,0,0
CUST104953,41,male,self_employed,10.5,55900,770,2,28,0,0,0,13700.0,0.388,0.349,343700.0,245000.0,277600,48,personal,1,1,1,1,1,1
CUST104954,36,male,salaried,11.8,31900,752,5,83,2,0,1,7600.0,0.335,0.308,1400.0,1100.0,159800,72,education,1,1,1,1,1,1
CUST104955,44,male,salaried,4.8,26800,620,5,68,7,0,2,6200.0,0.366,0.273,89800.0,74900.0,20000,18,medical,1,1,1,1,1,0
CUST104956,48,male,contract,5.9,58600,642,3,61,5,0,1,23100.0,0.497,0.441,39600.0,10900.0,131600,48,medical,1,1,1,1,0,0
CUST104957,31,male,self_employed,9.0,65400,650,4,87,5,0,5,14000.0,0.772,0.32,242300.0,143400.0,334000,48,education,1,1,1,1,0,0
CUST104958,56,female,business,4.6,29000,613,2,43,5,0,2,7600.0,0.356,0.414,177100.0,80400.0,105700,24,business,1,1,1,1,1,0
CUST104959,55,male,salaried,4.6,66400,702,5,53,2,0,2,19400.0,0.221,0.407,397900.0,225600.0,365000,48,business,1,1,1,1,0,0
CUST104960,37,female,salaried,3.2,67300,604,3,48,3,0,4,6400.0,0.397,0.182,39100.0,7900.0,210800,36,personal,1,1,1,1,1,0
CUST104961,58,male,salaried,15.9,69600,708,1,22,1,0,2,17300.0,0.546,0.414,453500.0,110300.0,276300,24,home_improvement,1,1,1,1,0,1
CUST104962,45,female,salaried,13.7,31300,671,3,66,6,0,3,4100.0,0.357,0.176,144000.0,75400.0,51200,36,consumer,1,1,1,1,0,0
CUST104963,31,female,salaried,10.1,75700,642,4,56,4,0,0,26600.0,0.228,0.526,410700.0,108700.0,318100,24,vehicle,1,1,1,1,1,1
CUST104964,26,female,business,16.2,99200,737,2,34,0,0,3,27200.0,0.756,0.376,681600.0,208800.0,362700,36,education,1,1,1,1,0,1
CUST104965,41,male,salaried,4.5,31500,711,3,41,1,0,4,9500.0,0.484,0.378,41400.0,23800.0,173100,72,personal,1,1,1,1,1,0
CUST104966,42,male,salaried,2.0,46800,669,2,25,1,0,1,9000.0,0.197,0.609,214700.0,83200.0,351200,18,consumer,1,1,1,1,0,0
CUST104967,57,male,self_employed,7.0,50400,714,2,24,0,0,0,4700.0,0.437,0.137,169600.0,74100.0,160100,72,personal,1,1,1,1,0,1
CUST104968,39,female,contract,2.1,87300,740,4,71,5,0,0,25900.0,0.32,0.438,239400.0,,296800,24,business,1,1,1,1,0,1
CUST104969,44,female,salaried,5.2,47100,663,3,39,3,0,3,8600.0,0.345,0.265,234500.0,86400.0,185900,48,consumer,1,1,1,1,0,0
CUST104970,33,female,contract,2.9,36000,738,0,0,0,0,1,15900.0,0.491,0.658,70300.0,42900.0,280600,36,personal,1,1,1,1,1,0
CUST104971,60,female,self_employed,3.4,27100,736,4,84,4,0,3,12200.0,0.532,0.768,26300.0,21500.0,206800,24,home,1,1,1,1,0,0
CUST104972,31,female,salaried,6.0,90700,717,3,57,0,0,0,33900.0,0.202,0.486,255500.0,69200.0,366600,36,consumer,1,1,1,1,1,1
CUST104973,41,male,salaried,2.6,47500,751,2,29,1,0,3,4000.0,0.246,0.195,216800.0,179900.0,251600,48,personal,1,1,1,1,0,1
CUST104974,26,female,salaried,2.6,76400,689,3,42,3,0,2,19600.0,0.4,0.384,294200.0,148500.0,351000,36,consumer,1,1,1,1,1,0
CUST104975,55,male,contract,5.8,60300,733,5,99,1,0,2,16500.0,0.168,0.354,120300.0,45400.0,173500,36,medical,1,1,1,1,1,1
CUST104976,24,male,business,1.6,34500,718,1,19,0,0,1,2500.0,0.584,0.182,169200.0,128500.0,181700,48,personal,1,1,1,1,1,1
CUST104977,32,female,salaried,8.2,25800,679,4,89,7,0,0,6200.0,0.404,0.65,126500.0,107900.0,190200,18,consumer,1,1,1,1,0,0
CUST104978,21,female,salaried,5.6,54000,686,3,32,1,0,1,19300.0,0.629,0.444,309800.0,156000.0,84300,18,home,1,1,1,1,1,0
CUST104979,30,female,salaried,6.9,37800,722,1,20,1,0,0,12200.0,0.337,0.406,257600.0,192400.0,150900,48,vehicle,1,1,1,1,1,0
CUST104980,26,female,salaried,3.3,30700,617,4,77,3,0,0,7100.0,0.232,0.787,108500.0,33600.0,204600,12,personal,1,1,1,1,0,0
CUST104981,44,female,salaried,14.3,45500,737,4,79,1,0,1,15000.0,0.776,0.37,205900.0,91500.0,109400,60,personal,1,1,1,1,1,1
CUST104982,64,male,contract,14.2,41200,691,1,19,3,0,2,8000.0,0.163,0.347,91800.0,34900.0,226200,36,business,1,1,1,1,0,0
CUST104983,46,female,self_employed,18.3,49800,716,3,67,5,0,0,7000.0,0.474,0.669,192100.0,144800.0,315700,12,home_improvement,1,1,1,1,1,1
CUST104984,28,female,salaried,11.5,73500,677,3,28,2,0,1,25700.0,0.306,0.399,212600.0,148000.0,129600,36,consumer,1,1,1,0,0,0
CUST104985,31,male,salaried,2.8,60000,664,2,26,4,0,2,5200.0,0.26,0.376,405000.0,284200.0,417300,24,business,1,1,1,1,0,0
CUST104986,38,male,contract,10.6,41400,683,2,39,1,0,2,10700.0,0.393,0.417,237300.0,104700.0,157300,24,medical,1,1,1,1,1,0
CUST104987,39,male,contract,4.5,91100,699,3,28,2,0,1,26800.0,0.325,0.382,381000.0,103600.0,477900,60,business,1,1,1,1,1,1
CUST104988,65,female,business,10.0,39700,630,5,96,9,0,1,14000.0,0.48,0.637,169300.0,96000.0,271400,24,personal,1,1,1,1,0,0
CUST104989,38,male,salaried,3.4,49000,728,4,39,1,0,2,4000.0,0.243,0.359,203600.0,84800.0,81500,6,home,1,1,1,1,1,0
CUST104990,39,female,self_employed,6.2,75300,692,2,30,2,0,2,4900.0,0.258,0.124,276800.0,174600.0,266600,60,business,1,1,1,1,1,0
CUST104991,51,male,salaried,6.9,69200,669,5,82,8,0,6,24700.0,0.369,0.451,441900.0,312400.0,117200,18,consumer,1,1,1,1,1,0
CUST104992,59,female,salaried,3.1,73000,729,3,55,2,0,2,25700.0,0.777,0.511,253800.0,143700.0,418800,36,business,1,1,1,1,0,0
CUST104993,23,male,self_employed,8.1,27200,726,7,78,6,1,1,4000.0,0.497,0.257,128600.0,107300.0,72000,24,home_improvement,1,0,1,1,1,0
CUST104994,32,male,salaried,4.6,53300,673,2,27,1,0,2,8300.0,0.634,0.271,37600.0,9300.0,147800,24,vehicle,1,1,1,1,0,0
CUST104995,54,male,salaried,8.1,53200,658,6,98,4,0,1,11600.0,0.605,0.263,342100.0,237200.0,113900,48,personal,1,1,1,1,1,0
CUST104996,64,female,salaried,6.4,42100,759,4,88,0,0,1,7900.0,0.707,0.307,45500.0,13700.0,180900,36,vehicle,1,1,1,1,0,1
CUST104997,33,male,salaried,6.4,56400,739,5,63,2,0,0,8800.0,0.329,0.184,337600.0,106400.0,95500,60,vehicle,1,1,1,1,1,1
CUST104998,40,male,salaried,15.7,61200,711,3,47,1,0,3,20500.0,0.455,0.483,152600.0,86800.0,327200,36,vehicle,1,1,1,1,1,1
CUST104999,32,male,salaried,4.3,62400,663,0,0,0,0,0,8800.0,0.125,0.16,189000.0,169500.0,86500,72,medical,1,1,1,0,1,0
CUST105000,50,female,contract,11.3,16300,730,0,0,0,0,1,2200.0,0.324,0.389,40000.0,16900.0,99200,24,home,1,1,1,1,0,0
CUST105001,57,male,contract,9.2,43900,689,0,0,0,0,1,3400.0,0.235,0.206,242200.0,155900.0,203100,36,consumer,1,1,1,1,1,0
CUST105002,35,female,salaried,17.3,84700,708,1,20,0,0,0,33400.0,0.335,0.457,254600.0,199300.0,190300,36,consumer,1,1,1,1,0,1
CUST105003,25,female,salaried,5.4,173900,758,2,24,0,0,2,53200.0,0.45,0.401,223500.0,121200.0,593900,36,home,1,1,1,1,1,1
CUST105004,30,female,business,3.6,48500,674,3,28,8,0,0,1600.0,0.422,0.06,314800.0,88700.0,48000,36,home,1,1,1,1,0,0
CUST105005,42,female,contract,6.2,32400,662,5,112,8,1,1,8900.0,0.357,0.462,131600.0,107300.0,145800,24,consumer,1,1,1,1,0,0
CUST105006,29,male,self_employed,,51800,734,2,21,1,0,0,9500.0,0.715,0.279,297300.0,183700.0,236700,48,personal,1,1,1,1,0,1
CUST105007,57,male,contract,9.9,52300,747,6,93,3,0,0,15000.0,0.234,0.463,110100.0,68600.0,331600,36,business,1,1,1,1,0,1
CUST105008,31,female,salaried,5.5,66400,692,1,10,0,0,1,25000.0,0.301,0.434,427000.0,376000.0,275500,72,home,1,1,1,1,1,0
CUST105009,59,male,contract,13.0,20300,613,2,24,0,0,3,5300.0,0.359,0.346,117900.0,75900.0,82300,48,business,1,1,1,1,0,0
CUST105010,45,male,salaried,10.8,54700,685,1,22,0,0,2,10700.0,0.341,0.293,97100.0,58600.0,192300,36,consumer,1,1,1,1,0,0
CUST105011,56,female,salaried,14.9,71700,723,2,31,1,0,2,26600.0,0.353,0.433,289500.0,129500.0,106000,24,business,1,1,1,1,0,1
CUST105012,46,female,salaried,14.2,52500,703,3,56,1,0,3,16400.0,0.273,0.546,193700.0,168300.0,147200,12,vehicle,1,1,1,1,0,1
CUST105013,36,male,salaried,5.7,44300,660,1,20,0,0,1,3800.0,0.426,0.393,182000.0,131000.0,326200,24,education,1,1,1,1,1,0
CUST105014,52,female,business,7.6,45300,722,4,90,6,0,0,13000.0,0.351,0.491,148400.0,127900.0,166200,18,vehicle,1,1,0,1,0,0
CUST105015,54,female,self_employed,5.3,89900,683,3,59,4,0,1,8400.0,0.139,0.218,149300.0,104600.0,403800,36,vehicle,1,1,1,1,0,1
CUST105016,38,female,self_employed,9.3,24600,678,5,89,11,0,1,5300.0,0.539,0.229,27700.0,8000.0,20000,60,business,1,1,1,1,0,0
CUST105017,56,male,self_employed,9.1,89800,682,0,0,0,0,1,4200.0,0.402,0.136,495700.0,107800.0,482900,60,vehicle,1,1,1,1,0,0
CUST105018,27,female,business,5.0,65500,724,1,21,1,0,3,6500.0,0.356,0.178,370900.0,313600.0,247400,48,education,1,1,1,1,1,1
CUST105019,23,female,salaried,12.0,31900,650,2,24,2,0,0,10300.0,0.199,1.289,44100.0,21200.0,185000,6,home,1,1,1,1,0,0
CUST105020,48,male,salaried,4.4,103100,722,2,28,0,0,2,19900.0,0.386,0.359,489000.0,377000.0,616200,36,education,1,1,0,1,1,0
CUST105021,25,female,salaried,7.2,36400,646,0,0,0,0,0,4800.0,0.591,0.167,149900.0,116000.0,61900,48,vehicle,1,1,1,1,0,0
CUST105022,26,male,business,12.3,42000,693,3,31,2,0,1,7700.0,0.203,0.312,151900.0,88400.0,129700,24,vehicle,1,1,0,1,1,1
CUST105023,31,male,business,7.0,144500,731,5,86,4,0,0,18100.0,0.035,0.208,313800.0,133400.0,431400,36,home,1,1,1,1,0,1
CUST105024,63,male,business,6.6,60000,672,2,43,3,0,1,19500.0,0.394,0.449,97400.0,42100.0,268900,36,medical,1,1,1,1,1,0
CUST105025,59,male,salaried,6.5,58600,701,1,17,1,0,0,6300.0,0.228,0.181,359500.0,121300.0,155800,36,education,1,1,1,1,0,1
CUST105026,55,female,salaried,15.2,52600,769,4,75,1,0,1,4800.0,0.422,0.107,185100.0,103700.0,20000,24,consumer,0,1,1,1,1,1
CUST105027,64,male,salaried,1.5,41700,637,3,40,2,0,0,16400.0,0.051,0.538,81800.0,42100.0,289100,48,vehicle,1,1,1,1,1,0
CUST105028,46,male,business,2.2,85100,704,0,0,0,0,1,5700.0,0.172,0.146,349500.0,73100.0,162300,24,medical,1,1,1,1,1,0
CUST105029,27,female,salaried,11.7,48800,691,2,17,3,0,0,6700.0,0.549,0.38,88900.0,22800.0,284000,24,personal,1,1,1,1,1,1
CUST105030,25,male,salaried,6.4,36200,697,3,32,1,0,1,4000.0,0.432,0.286,157400.0,123300.0,152800,24,business,1,1,1,1,1,0
CUST105031,41,male,salaried,15.0,56400,801,5,97,3,0,2,14700.0,0.362,0.323,108100.0,91300.0,254800,72,vehicle,1,1,1,1,1,1
CUST105032,42,female,self_employed,11.0,51100,702,1,11,0,0,0,9000.0,0.134,0.435,248400.0,73200.0,317000,24,education,1,1,1,1,1,1
CUST105033,41,male,salaried,10.1,39300,656,3,40,8,0,1,7200.0,0.403,0.27,143400.0,83000.0,163900,48,business,1,1,1,1,0,0
CUST105034,27,male,salaried,8.1,43400,703,2,42,4,0,2,17000.0,0.195,0.55,255300.0,174600.0,246600,36,personal,1,1,1,1,0,0
CUST105035,32,male,salaried,2.6,60600,746,5,79,1,0,0,18200.0,0.468,1.167,41900.0,22500.0,315000,6,vehicle,1,1,1,1,0,0
CUST105036,65,male,salaried,7.0,53900,728,2,28,0,0,3,12800.0,0.267,0.259,90200.0,58000.0,83300,72,education,1,1,1,1,1,1
CUST105037,36,female,business,3.1,109500,683,3,47,1,0,1,25400.0,0.664,0.42,289000.0,172600.0,741000,36,vehicle,1,1,1,1,1,0
CUST105038,39,male,business,1.1,97400,654,0,0,0,0,2,33600.0,0.351,0.521,637300.0,349200.0,617500,36,personal,1,1,1,1,1,0
CUST105039,52,male,self_employed,15.0,91000,718,5,69,6,0,3,13600.0,0.497,0.241,182200.0,151400.0,199300,24,home_improvement,1,1,1,1,0,1
CUST105040,50,female,contract,5.0,84100,626,2,33,5,0,0,6200.0,0.159,0.093,434600.0,352700.0,97700,60,vehicle,1,1,1,1,1,1
CUST105041,51,female,salaried,8.0,49900,699,1,13,1,0,0,19200.0,0.57,0.487,255800.0,90200.0,92200,18,home_improvement,1,1,1,1,0,0
CUST105042,26,male,salaried,2.4,46300,647,3,65,7,0,2,14500.0,0.403,0.595,241800.0,158700.0,313600,24,personal,1,1,1,1,1,0
CUST105043,37,female,business,2.2,71800,744,3,27,3,0,1,13500.0,0.528,0.325,453100.0,123800.0,235200,24,personal,1,1,1,1,1,1
CUST105044,40,female,self_employed,12.0,62300,716,1,18,0,0,1,17300.0,0.454,0.324,458900.0,373800.0,205800,72,medical,1,1,1,1,1,1
CUST105045,41,male,business,11.5,59600,701,4,76,4,0,3,0.0,0.18,0.069,235900.0,66600.0,248300,60,vehicle,1,1,1,0,1,1
CUST105046,28,female,business,3.8,50600,726,4,83,1,0,0,13100.0,0.032,0.57,228300.0,118500.0,283000,18,vehicle,1,1,1,1,0,0
CUST105047,25,female,salaried,11.1,44700,653,1,19,2,0,1,5000.0,0.373,0.436,311100.0,112200.0,174000,12,business,1,1,1,1,0,0
CUST105048,46,female,business,8.4,26800,689,3,39,3,0,3,0.0,0.42,0.109,18000.0,13200.0,52800,18,education,1,1,1,1,0,0
CUST105049,58,female,salaried,3.7,65300,687,2,42,2,0,0,2200.0,0.197,0.06,153900.0,96900.0,101800,60,medical,1,1,1,1,1,1
CUST105050,65,male,self_employed,4.7,54400,703,2,43,1,0,1,7700.0,0.355,0.402,73600.0,17300.0,85100,6,personal,1,1,1,1,0,1
CUST105051,22,male,salaried,10.1,67800,702,3,65,4,0,3,11400.0,0.446,0.267,429700.0,377100.0,322600,48,business,1,1,1,1,1,1
CUST105052,40,male,salaried,5.5,124900,663,2,39,3,0,3,6300.0,0.308,0.153,536500.0,218100.0,764900,60,medical,1,1,1,1,1,0
CUST105053,61,male,business,1.2,61300,752,4,90,2,0,2,21700.0,0.208,0.4,200.0,100.0,205000,72,personal,1,1,1,1,1,0
CUST105054,52,female,salaried,1.8,65400,675,2,40,2,0,3,14400.0,0.373,0.299,329100.0,111600.0,309400,60,personal,1,1,1,1,0,0
CUST105055,31,female,self_employed,8.0,90900,705,2,34,2,0,2,35400.0,0.359,0.488,216300.0,155600.0,215300,24,personal,1,1,1,1,0,1
CUST105056,24,male,contract,1.2,38900,603,1,13,3,0,1,10000.0,0.39,0.455,256600.0,193900.0,277100,36,business,1,1,1,0,0,0
CUST105057,31,male,self_employed,4.5,77400,764,5,70,0,0,1,16100.0,0.551,0.417,461800.0,174300.0,583000,36,business,1,1,1,1,0,1
CUST105058,32,female,salaried,2.1,62800,714,0,0,0,0,1,9800.0,0.508,0.321,45900.0,32100.0,248200,24,home,1,1,1,1,0,0
CUST105059,63,male,salaried,7.4,51500,713,1,10,0,0,1,12000.0,0.276,0.291,360600.0,161500.0,143000,48,home,1,1,1,1,0,1
CUST105060,26,male,self_employed,4.6,34700,709,4,70,6,0,0,9900.0,0.26,0.456,78400.0,65300.0,71000,12,medical,1,1,1,1,1,0
CUST105061,33,male,salaried,14.7,66000,695,1,19,1,0,1,6900.0,0.2,0.21,510600.0,334700.0,250700,36,education,1,1,1,1,1,1
CUST105062,29,male,business,0.7,197500,721,2,21,1,0,0,51100.0,0.118,0.448,354100.0,294000.0,896600,24,personal,1,1,1,1,1,1
CUST105063,54,female,salaried,13.3,54500,684,4,61,3,0,2,7100.0,0.252,0.479,136400.0,78900.0,114000,6,personal,1,1,1,1,1,1
CUST105064,28,female,salaried,4.3,35600,746,4,52,0,0,2,11500.0,0.395,0.346,75600.0,16400.0,20000,24,education,1,1,1,1,0,1
CUST105065,29,male,self_employed,10.4,104600,727,2,44,2,0,2,32400.0,0.508,0.423,230000.0,137000.0,213700,18,business,1,1,1,1,0,1
CUST105066,50,female,salaried,10.5,69300,730,4,67,1,0,0,9300.0,0.267,0.301,484200.0,321200.0,416800,36,personal,1,1,1,1,1,1
CUST105067,39,female,salaried,5.6,52500,709,3,55,5,0,2,14800.0,0.577,0.468,122500.0,90800.0,352400,36,medical,1,1,1,1,0,0
CUST105068,41,male,self_employed,6.1,58600,668,2,34,4,0,2,16500.0,0.786,0.287,370700.0,100700.0,20000,60,vehicle,1,1,1,1,1,0
CUST105069,53,male,salaried,8.4,60800,721,2,27,5,0,2,18700.0,0.476,0.388,317200.0,84700.0,235000,48,vehicle,1,1,1,1,0,0
CUST105070,47,female,salaried,12.2,79700,787,2,36,0,0,1,7800.0,0.572,0.742,112500.0,57600.0,307900,6,personal,1,1,1,1,1,1
CUST105071,61,male,salaried,4.6,58700,684,3,32,1,0,1,22500.0,0.264,0.639,137800.0,118000.0,360800,24,vehicle,1,1,1,1,1,0
CUST105072,48,male,business,2.6,127500,665,3,48,3,0,1,33900.0,0.554,0.321,622800.0,150300.0,503600,72,personal,1,1,1,1,0,0
CUST105073,26,male,salaried,1.2,32400,634,3,52,2,0,2,2900.0,0.318,0.156,175200.0,76000.0,103200,48,home,1,1,1,1,0,0
CUST105074,36,female,salaried,6.4,88400,650,2,37,3,0,3,16300.0,0.439,0.448,484300.0,429100.0,559300,24,vehicle,1,1,1,1,0,0
CUST105075,30,female,contract,2.3,78200,690,5,86,4,0,2,3100.0,0.666,0.159,262800.0,213100.0,111800,12,personal,1,1,1,1,1,1
CUST105076,59,female,salaried,5.4,103400,676,2,32,2,0,0,5200.0,0.276,0.187,683500.0,275700.0,679600,48,home,1,1,0,1,0,1
CUST105077,40,female,salaried,6.8,102600,634,3,29,1,0,1,25700.0,0.256,0.3,466900.0,243400.0,184500,36,education,1,1,1,1,1,1
CUST105078,44,male,salaried,1.4,45800,770,3,65,4,0,0,13900.0,0.125,0.404,306200.0,217400.0,220100,48,vehicle,1,1,1,1,0,1
CUST105079,56,male,contract,17.9,84100,786,4,66,2,0,2,21400.0,0.204,0.493,386600.0,247200.0,361000,18,home,0,1,1,1,1,1
CUST105080,60,male,salaried,15.6,42700,662,2,44,4,0,1,12300.0,0.562,0.356,102500.0,31700.0,104600,36,business,1,1,1,1,0,0
CUST105081,47,female,salaried,9.7,39000,731,2,19,1,0,3,10800.0,0.326,0.416,227800.0,174400.0,195500,36,vehicle,1,1,1,1,0,0
CUST105082,56,male,salaried,2.3,57200,607,3,36,3,1,1,19100.0,0.281,1.5,229600.0,175000.0,413200,6,home,1,1,0,0,0,0
CUST105083,23,female,contract,9.8,51200,760,4,78,2,0,0,15300.0,0.114,0.444,54900.0,14000.0,357600,48,consumer,1,1,1,1,1,1
CUST105084,52,male,self_employed,8.3,44700,713,2,26,2,0,2,10800.0,0.163,0.532,108000.0,64900.0,312000,24,consumer,1,1,1,1,1,1
CUST105085,43,male,contract,5.8,68100,654,5,85,5,0,1,8000.0,0.479,0.446,288300.0,85800.0,402200,18,home_improvement,1,1,1,1,0,0
CUST105086,43,male,self_employed,2.8,96700,617,5,41,9,0,3,6100.0,0.238,0.18,154700.0,53800.0,678800,60,personal,1,1,1,1,0,0
CUST105087,62,female,self_employed,4.3,62800,672,1,24,0,0,3,10300.0,0.589,0.238,374600.0,235300.0,167000,36,education,1,1,1,1,1,0
CUST105088,58,male,salaried,1.9,40200,690,1,15,2,0,0,5500.0,0.551,0.244,276900.0,154400.0,51900,12,business,1,0,0,1,1,0
CUST105089,29,female,salaried,6.0,87900,644,1,16,0,0,0,23400.0,0.186,0.579,105500.0,64700.0,660600,24,home,1,1,1,1,1,1
CUST105090,51,male,salaried,3.9,52100,743,2,36,0,0,3,9100.0,0.337,0.279,321200.0,154600.0,326200,60,vehicle,1,1,1,1,0,1
CUST105091,39,female,self_employed,4.4,30700,668,1,14,0,0,1,2800.0,0.698,0.221,59400.0,32700.0,143400,36,vehicle,1,0,1,1,0,0
CUST105092,54,male,salaried,3.1,49800,705,1,16,1,0,2,11400.0,0.544,0.345,131600.0,104300.0,138400,24,business,1,1,1,1,1,0
CUST105093,27,male,self_employed,3.1,63100,642,3,58,5,0,1,9900.0,0.219,0.199,270800.0,207400.0,96200,36,consumer,1,1,1,1,0,0
CUST105094,23,female,salaried,4.4,49200,664,1,18,1,0,2,12200.0,0.44,0.458,30500.0,11700.0,248100,24,business,1,1,1,1,0,0
CUST105095,33,female,self_employed,5.4,81800,623,2,26,2,0,1,4300.0,0.457,0.11,172700.0,115000.0,167700,36,personal,1,1,1,1,0,0
CUST105096,38,male,business,7.3,81100,689,3,66,3,1,2,28100.0,0.401,0.479,482200.0,427600.0,514700,48,business,1,1,1,1,0,0
CUST105097,63,male,self_employed,13.2,42600,711,3,44,1,0,1,2300.0,0.25,0.234,141500.0,79400.0,276300,36,medical,1,1,1,1,0,1
CUST105098,50,male,salaried,6.5,102300,730,8,140,4,0,0,23500.0,0.483,0.502,524400.0,169700.0,668000,24,education,1,1,1,1,0,1
CUST105099,64,female,salaried,4.7,84000,744,0,0,0,0,0,25900.0,0.312,0.352,520400.0,407200.0,219900,60,personal,1,1,1,1,1,1
CUST105100,24,male,salaried,15.5,58500,774,2,36,0,0,2,7400.0,0.244,0.185,403100.0,223300.0,206300,60,personal,1,1,1,1,0,1
CUST105101,26,female,contract,4.8,60900,725,2,22,0,0,0,16200.0,0.21,0.361,374800.0,216600.0,207300,36,personal,1,1,1,1,1,1
CUST105102,43,female,salaried,3.8,101500,564,2,32,4,0,1,25100.0,0.482,0.307,743700.0,349100.0,218000,36,vehicle,1,1,1,1,1,0
CUST105103,42,female,business,3.3,115900,679,3,66,0,0,0,15800.0,0.331,0.182,146600.0,107900.0,190300,36,vehicle,1,1,1,1,0,1
CUST105104,45,male,salaried,2.4,27100,666,4,38,2,0,1,1400.0,0.226,0.233,124500.0,66300.0,118000,24,home,1,1,1,1,1,0
CUST105105,41,male,salaried,3.8,45200,625,4,52,4,0,2,7200.0,0.284,0.357,170400.0,111800.0,322500,36,consumer,1,1,1,0,1,0
CUST105106,32,female,salaried,2.8,86100,693,2,41,5,0,1,15300.0,0.143,0.293,432200.0,308400.0,476400,48,medical,1,0,1,1,1,1
CUST105107,47,female,contract,2.6,46800,743,4,87,1,0,1,14700.0,0.119,0.327,136600.0,83400.0,30000,48,vehicle,1,1,1,1,0,1
CUST105108,34,female,salaried,8.0,42800,690,0,0,0,0,1,6800.0,0.348,0.299,87800.0,49100.0,288500,48,personal,1,1,1,1,0,0
CUST105109,22,female,salaried,2.6,74000,758,6,130,2,0,0,24600.0,0.532,0.522,76800.0,47400.0,336000,24,business,1,1,1,1,1,1
CUST105110,53,female,contract,5.8,106700,721,3,68,4,0,0,5200.0,0.628,0.301,532400.0,130900.0,161600,6,education,1,1,1,1,1,1
CUST105111,40,male,salaried,6.9,104900,707,1,18,2,0,1,17800.0,0.267,0.249,568500.0,135000.0,300700,36,personal,1,1,1,1,0,1
CUST105112,24,female,salaried,3.2,132300,623,1,11,0,0,0,10700.0,0.346,0.235,315200.0,86600.0,367700,18,medical,1,1,1,1,0,0
CUST105113,56,male,self_employed,17.3,57700,715,2,39,3,0,1,14500.0,0.257,0.3,260900.0,230500.0,135400,48,consumer,1,1,1,1,0,1
CUST105114,21,male,salaried,13.3,57600,740,4,73,3,0,1,18200.0,0.47,0.661,345400.0,173900.0,238200,12,vehicle,1,1,1,1,1,1
CUST105115,37,male,self_employed,7.3,29800,698,5,98,7,0,0,10400.0,0.298,0.438,163300.0,136400.0,191100,72,medical,1,1,1,1,0,0
CUST105116,62,female,salaried,3.2,77900,655,4,90,2,0,1,16100.0,0.111,0.3,73700.0,53200.0,262400,36,personal,1,1,1,1,1,1
CUST105117,37,male,contract,10.3,80700,710,3,49,5,0,2,23200.0,0.248,0.354,123700.0,57200.0,129300,24,personal,1,1,1,1,0,1
CUST105118,53,male,salaried,5.8,56100,674,1,20,1,0,0,13500.0,0.051,0.321,328500.0,217500.0,215400,48,business,1,1,1,1,0,0
CUST105119,52,male,salaried,6.2,23400,694,5,64,1,0,2,7600.0,0.365,0.349,20600.0,14700.0,20000,36,home_improvement,1,1,1,1,1,0
CUST105120,46,male,salaried,14.1,43400,723,5,54,1,0,5,10500.0,0.452,0.265,171900.0,143600.0,49000,48,home,1,1,1,0,1,0
CUST105121,46,male,self_employed,8.7,59900,780,1,15,0,0,1,18800.0,0.431,0.393,284000.0,117500.0,169700,36,home,1,1,1,1,0,1
CUST105122,55,male,contract,7.5,94800,731,3,38,1,0,2,17300.0,0.152,0.478,555000.0,157500.0,672800,24,business,1,1,1,1,0,1
CUST105123,34,female,salaried,11.7,88200,757,3,48,0,0,1,15000.0,0.474,0.284,181100.0,107300.0,483100,48,business,1,1,0,1,0,1
CUST105124,33,female,salaried,5.4,101600,722,3,54,3,0,1,29600.0,0.411,0.336,21100.0,17100.0,82100,18,personal,1,1,1,1,0,1
CUST105125,27,male,self_employed,10.0,35600,628,1,12,0,0,1,3000.0,0.419,0.236,214800.0,121000.0,129800,24,vehicle,1,1,1,1,1,0
CUST105126,51,male,salaried,3.9,31600,706,5,103,7,0,2,9100.0,0.11,0.369,54600.0,36000.0,153600,60,vehicle,1,1,1,1,0,0
CUST105127,30,male,business,8.4,49300,731,2,24,0,0,3,9700.0,0.141,0.216,310300.0,121100.0,45300,48,personal,1,1,1,1,1,1
CUST105128,47,female,salaried,5.3,76300,776,2,25,1,0,3,25800.0,0.231,0.509,378500.0,131500.0,468700,36,consumer,1,1,1,1,1,1
CUST105129,62,male,salaried,4.7,96600,686,1,14,3,0,1,34600.0,0.559,0.48,203600.0,111800.0,282200,24,personal,1,1,1,1,0,1
CUST105130,34,male,salaried,5.9,35800,603,5,43,7,0,3,4400.0,0.335,0.216,89900.0,68100.0,199800,60,medical,1,1,1,1,0,0
CUST105131,23,female,salaried,6.3,63400,653,4,61,3,0,0,14800.0,0.358,0.337,378200.0,276900.0,315400,48,personal,1,1,1,1,0,1
CUST105132,34,male,self_employed,8.5,89100,705,6,138,6,0,2,20600.0,0.364,0.291,281400.0,112700.0,191400,36,business,1,1,1,1,0,1
CUST105133,53,female,salaried,8.4,102800,739,2,34,0,0,0,23900.0,0.238,0.498,450500.0,391500.0,490900,18,home,1,1,1,1,1,1
CUST105134,42,male,salaried,6.9,95300,661,8,93,11,0,1,9900.0,0.556,0.198,499200.0,281100.0,428700,48,consumer,1,1,1,1,0,0
CUST105135,33,male,salaried,0.8,18000,688,0,0,0,0,2,3800.0,0.227,0.23,46900.0,18000.0,20000,60,personal,1,1,1,1,0,0
CUST105136,24,male,salaried,7.3,56400,680,6,98,4,0,1,20800.0,0.268,0.552,281500.0,126700.0,371800,36,personal,1,1,1,1,0,1
CUST105137,28,female,contract,7.5,18300,673,2,36,2,0,0,4300.0,0.607,0.411,66200.0,34200.0,154400,48,personal,1,1,1,1,1,0
CUST105138,53,female,salaried,3.2,60300,659,1,21,3,0,1,1900.0,0.486,0.263,211100.0,70600.0,251600,18,home,1,1,0,1,1,0
CUST105139,40,female,business,2.8,71700,622,1,16,3,1,0,22600.0,0.166,0.425,365600.0,239400.0,189100,24,vehicle,1,1,1,1,1,0
CUST105140,62,male,self_employed,12.1,96500,737,1,10,0,0,2,16200.0,0.319,0.408,306200.0,261500.0,138900,6,business,1,1,1,1,0,1
CUST105141,23,male,contract,7.4,44900,695,1,17,1,0,2,4300.0,0.357,0.28,260200.0,152200.0,198500,24,medical,1,1,1,1,1,1
CUST105142,61,male,salaried,2.9,53900,659,4,81,7,0,2,7200.0,0.625,0.189,249300.0,107300.0,107200,36,vehicle,1,1,1,1,1,0
CUST105143,28,male,salaried,1.2,40900,664,3,64,8,0,3,6600.0,0.366,0.296,136900.0,37600.0,265000,48,home,1,1,1,1,1,0
CUST105144,47,male,salaried,3.6,61900,637,4,70,6,0,1,17100.0,0.409,0.294,96500.0,76800.0,38600,36,business,1,1,1,1,1,0
CUST105145,57,female,self_employed,9.0,37900,779,0,0,0,0,0,6600.0,0.247,0.647,125900.0,84000.0,215200,12,personal,1,1,1,1,1,1
CUST105146,30,female,salaried,4.4,39800,730,4,79,1,0,2,0.0,0.257,0.087,98900.0,55300.0,208200,60,vehicle,1,1,1,1,0,1
CUST105147,37,female,self_employed,13.0,32900,732,2,22,0,0,0,11600.0,0.415,0.6,216300.0,95600.0,195400,24,education,1,0,1,0,1,0
CUST105148,21,male,salaried,0.9,88800,686,2,38,4,0,3,18600.0,0.302,0.394,207000.0,58100.0,392900,24,home,1,1,1,1,1,0
CUST105149,47,male,business,4.8,58100,651,4,63,5,0,1,21300.0,0.149,0.547,235100.0,202500.0,378100,36,vehicle,1,1,1,1,1,0
CUST105150,45,male,salaried,5.6,98400,686,2,26,0,0,0,16000.0,0.417,0.279,446500.0,199800.0,410600,36,home,1,1,1,1,0,1
CUST105151,37,male,salaried,6.5,60800,608,1,22,0,0,1,8800.0,0.142,0.197,39900.0,17900.0,152900,48,consumer,1,1,1,1,1,0
CUST105152,32,male,salaried,3.1,52400,679,3,54,6,0,1,12200.0,0.583,0.329,334900.0,70900.0,301500,60,business,1,0,1,1,1,0
CUST105153,23,male,self_employed,7.3,36800,698,1,9,1,0,1,8000.0,0.54,0.282,251400.0,121200.0,114100,48,personal,1,0,1,1,1,0
CUST105154,34,male,self_employed,5.1,82200,718,2,34,2,0,3,24800.0,0.353,0.343,67000.0,45200.0,163600,48,business,1,1,1,1,1,1
CUST105155,23,female,self_employed,6.5,41400,743,4,96,0,0,2,13400.0,0.553,0.429,162700.0,102700.0,209200,48,education,1,1,1,1,0,0
CUST105156,50,female,self_employed,13.4,34400,702,4,60,8,0,1,3400.0,0.216,0.25,159600.0,85300.0,249700,48,personal,1,1,1,1,1,0
CUST105157,47,male,salaried,5.5,97500,651,7,68,9,0,2,20600.0,0.235,0.22,246000.0,85400.0,31600,36,education,1,1,1,1,1,1
CUST105158,26,female,salaried,2.3,53700,633,6,83,13,0,3,5100.0,0.334,0.524,88400.0,39400.0,276400,12,personal,1,1,1,1,1,0
CUST105159,32,male,salaried,5.0,55300,690,0,0,0,0,1,16200.0,0.222,0.43,90000.0,38600.0,365000,48,personal,1,1,1,1,0,0
CUST105160,48,female,self_employed,3.2,52900,725,5,47,3,0,2,10400.0,0.319,0.335,65600.0,55700.0,264300,36,vehicle,1,1,1,1,0,1
CUST105161,58,male,salaried,10.0,50100,665,5,63,7,0,1,1500.0,0.419,0.066,45700.0,35600.0,65300,36,business,1,1,1,1,1,0
CUST105162,54,male,salaried,11.3,93000,800,4,47,1,0,0,30600.0,0.445,0.389,542500.0,453600.0,202200,36,home_improvement,1,0,1,1,0,1
CUST105163,63,male,salaried,4.9,133200,650,2,41,3,0,2,43700.0,0.626,0.364,925600.0,592000.0,174400,36,vehicle,1,1,1,1,1,0
CUST105164,22,male,salaried,4.6,47900,624,4,80,12,0,1,15100.0,0.327,0.581,103300.0,,229000,18,vehicle,1,1,1,1,0,0
CUST105165,44,female,contract,2.5,52700,676,6,65,7,0,2,17100.0,0.16,0.59,313600.0,215500.0,251400,18,vehicle,1,1,1,1,1,0
CUST105166,46,male,salaried,6.1,149900,718,1,22,2,0,0,30300.0,0.81,0.358,633100.0,270100.0,560500,24,vehicle,1,1,1,1,1,1
CUST105167,24,male,salaried,,51900,756,3,39,0,0,0,13300.0,0.17,0.29,146400.0,57400.0,127700,72,medical,1,1,1,1,1,1
CUST105168,53,female,self_employed,8.5,66300,656,3,46,2,0,1,5100.0,0.435,0.283,186200.0,83600.0,327500,24,personal,1,1,1,1,0,0
CUST105169,35,female,salaried,14.5,54300,669,3,68,4,0,0,15600.0,0.293,1.075,260800.0,214200.0,256600,6,consumer,1,1,1,1,1,0
CUST105170,40,male,salaried,4.1,96100,655,2,24,4,0,3,21300.0,0.463,0.266,237600.0,105900.0,154100,36,vehicle,1,1,1,1,1,0
CUST105171,27,male,salaried,12.6,25200,706,5,111,4,0,4,7200.0,0.404,0.352,123400.0,26500.0,80100,48,vehicle,1,1,1,1,0,0
CUST105172,34,female,business,3.8,59200,705,3,29,1,0,2,6900.0,0.365,0.199,110800.0,60700.0,351700,72,business,1,1,0,1,1,1
CUST105173,22,female,salaried,17.2,70300,679,5,98,7,0,1,10100.0,0.638,0.263,442700.0,311800.0,300800,36,vehicle,1,1,1,1,1,1
CUST105174,28,male,contract,3.4,43800,674,1,14,3,0,3,1800.0,0.242,0.086,127600.0,38200.0,95400,48,home,1,1,1,1,0,0
CUST105175,33,female,salaried,11.7,54700,673,1,16,2,0,0,19100.0,0.333,0.435,278600.0,218800.0,224900,48,personal,0,1,1,1,1,1
CUST105176,63,female,contract,8.5,23400,704,5,113,7,0,0,0.0,0.295,0.085,91000.0,,71800,36,home_improvement,1,1,1,1,0,1
CUST105177,26,male,salaried,8.6,78400,653,3,68,4,0,3,27700.0,0.467,0.655,401400.0,359300.0,568000,24,personal,1,1,1,1,1,0
CUST105178,39,female,salaried,3.0,65400,713,3,53,4,0,1,22300.0,0.574,0.442,265900.0,230900.0,396200,60,business,1,1,1,1,0,1
CUST105179,48,female,salaried,5.3,54800,664,4,43,1,0,0,18100.0,0.222,0.447,38300.0,17500.0,153100,24,personal,1,1,1,1,1,0
CUST105180,29,male,salaried,9.8,15000,676,2,40,2,0,3,0.0,0.478,0.324,84500.0,18700.0,116500,24,consumer,1,1,1,1,0,0
CUST105181,60,female,salaried,14.7,20200,664,3,56,4,0,3,4800.0,0.212,0.363,108200.0,42000.0,91300,36,business,1,1,1,1,1,0
CUST105182,23,female,salaried,3.0,34700,710,5,98,7,0,2,15400.0,0.619,0.522,205300.0,58100.0,98200,36,vehicle,1,1,1,1,1,0
CUST105183,31,male,contract,13.6,52500,678,2,42,0,0,2,8100.0,0.595,0.308,361700.0,192700.0,289800,36,home,1,1,1,1,0,1
CUST105184,31,female,business,20.3,48400,741,1,15,0,0,2,12300.0,0.331,0.404,287200.0,156000.0,262000,36,home,1,1,0,1,0,1
CUST105185,48,male,self_employed,11.3,226400,724,5,86,4,0,0,10200.0,0.216,0.156,914900.0,246200.0,605500,24,business,1,1,1,1,1,1
CUST105186,58,female,salaried,4.8,42400,666,3,27,3,1,0,11100.0,0.192,0.434,143200.0,42800.0,87800,12,business,1,1,1,1,1,0
CUST105187,46,male,salaried,9.1,128300,656,4,61,3,0,0,15600.0,0.353,0.147,266400.0,100400.0,192100,60,business,1,1,1,1,0,1
CUST105188,29,male,self_employed,1.2,71500,612,1,10,3,1,0,21600.0,0.06,0.422,277200.0,191800.0,308000,36,vehicle,1,1,1,1,1,0
CUST105189,24,male,business,4.1,77500,718,3,31,2,0,0,8600.0,0.425,0.133,430700.0,184600.0,80600,48,home,1,1,1,1,0,1
CUST105190,51,male,business,12.6,73700,665,4,57,7,0,1,5100.0,0.606,0.344,324300.0,,485500,24,personal,1,1,1,1,1,0
CUST105191,65,female,salaried,16.6,94100,642,2,44,2,0,1,22300.0,0.135,0.494,456100.0,339800.0,580200,24,vehicle,1,1,1,1,1,1
CUST105192,62,male,business,13.2,56800,741,4,40,0,0,1,19500.0,0.139,0.534,75500.0,64600.0,260300,24,personal,1,1,1,1,0,1
CUST105193,62,male,business,4.2,39500,724,2,32,0,0,1,12200.0,0.327,0.374,97500.0,51400.0,92200,36,education,1,1,1,1,1,1
CUST105194,38,female,self_employed,5.1,46600,621,4,43,5,0,1,10000.0,0.439,0.29,269900.0,134600.0,126600,36,business,1,1,1,1,0,0
CUST105195,64,male,salaried,7.2,61500,705,4,67,1,0,3,20800.0,0.365,0.379,148100.0,117700.0,119300,48,personal,1,1,1,1,0,1
CUST105196,44,female,salaried,11.1,40300,684,4,53,3,0,1,6400.0,0.483,0.491,241100.0,163400.0,321300,24,education,1,1,1,1,0,0
CUST105197,63,female,contract,1.3,26000,726,3,49,2,0,2,8000.0,0.165,0.415,122000.0,104700.0,100900,36,vehicle,1,1,1,1,0,0
CUST105198,27,male,contract,4.6,124500,685,3,47,4,0,0,32000.0,0.375,0.388,279500.0,217100.0,586500,36,personal,1,1,1,1,0,0
CUST105199,34,female,self_employed,11.2,65200,751,4,49,3,0,1,4900.0,0.1,0.242,303600.0,175600.0,130600,12,home,1,1,1,1,0,1
CUST105200,31,female,self_employed,3.6,37500,665,1,16,1,0,1,10600.0,0.171,0.336,210900.0,188700.0,118900,60,business,1,1,1,1,1,1
CUST105201,45,male,salaried,8.9,54300,755,6,87,3,0,1,19700.0,0.296,0.602,344700.0,73500.0,312200,24,vehicle,1,1,1,1,1,1
CUST105202,38,male,salaried,9.1,57700,674,2,40,4,0,1,15900.0,0.403,0.322,47800.0,21000.0,127500,48,personal,1,0,1,1,0,0
CUST105203,43,male,self_employed,19.2,67400,764,1,19,0,0,3,12300.0,0.191,0.349,258500.0,161200.0,134700,12,home,1,1,1,1,0,1
CUST105204,51,female,self_employed,22.8,62600,754,2,39,1,0,3,700.0,0.349,0.159,221600.0,126400.0,445300,48,home_improvement,1,1,1,1,1,1
CUST105205,38,male,salaried,4.6,42000,732,2,29,1,0,1,3100.0,0.134,0.414,258600.0,226400.0,257400,18,education,1,1,1,1,0,1
CUST105206,42,male,salaried,16.5,53300,751,2,38,2,0,0,15000.0,0.206,0.616,60900.0,35100.0,321100,18,personal,1,1,1,1,0,1
CUST105207,56,female,self_employed,3.4,35800,638,1,18,3,0,3,2400.0,0.722,0.167,161300.0,125200.0,128600,36,home_improvement,1,1,1,1,1,0
CUST105208,59,male,salaried,2.6,51800,686,3,62,4,0,1,15200.0,0.601,0.415,274200.0,73300.0,151300,24,consumer,1,1,0,1,1,0
CUST105209,48,male,contract,5.5,17300,640,3,59,4,0,0,7200.0,0.472,0.447,66100.0,17400.0,38400,72,education,1,0,1,1,0,0
CUST105210,54,male,contract,13.1,84600,726,4,63,5,0,2,2700.0,0.216,0.122,271600.0,171700.0,365500,48,business,1,1,0,1,0,1
CUST105211,60,female,salaried,2.0,63200,709,3,51,3,0,2,16200.0,0.373,0.308,116600.0,86200.0,117400,36,personal,1,1,1,1,1,0
CUST105212,46,female,salaried,3.3,63600,705,3,41,4,0,2,18300.0,0.352,0.345,67300.0,42400.0,263900,72,vehicle,1,1,1,1,0,1
CUST105213,21,female,contract,9.7,47500,661,1,17,1,0,2,4700.0,0.248,0.209,162000.0,95600.0,188100,36,personal,1,1,1,1,0,0
CUST105214,40,male,salaried,4.7,124700,642,2,28,2,0,2,10300.0,0.173,0.268,434900.0,361200.0,555900,24,education,1,1,0,1,1,1
CUST105215,64,male,salaried,5.5,83500,732,3,46,2,0,0,17800.0,0.318,0.38,84200.0,51900.0,500900,36,business,1,1,1,1,0,1
CUST105216,46,male,business,4.7,53700,611,6,119,13,0,1,10200.0,0.335,0.359,40100.0,30900.0,163800,18,personal,1,1,1,1,1,0
CUST105217,61,male,salaried,5.0,78400,697,3,57,3,0,0,17000.0,0.433,0.568,234000.0,188700.0,495300,18,home_improvement,1,1,1,1,0,1
CUST105218,40,male,business,7.1,75700,678,2,33,5,0,0,12900.0,0.162,0.226,513400.0,452000.0,301000,72,consumer,1,1,1,1,1,1
CUST105219,54,female,salaried,5.7,29800,646,1,24,0,0,1,8600.0,0.247,0.539,26500.0,20400.0,179100,24,education,1,1,1,1,0,0
CUST105220,42,female,salaried,24.7,49600,780,2,35,1,0,1,3800.0,0.176,0.408,83700.0,44000.0,296200,18,vehicle,1,1,1,1,0,1
CUST105221,28,female,salaried,0.5,35300,584,2,31,1,0,1,3000.0,0.356,0.171,83100.0,24400.0,109800,36,personal,1,1,1,1,1,0
CUST105222,34,female,salaried,14.8,57100,757,0,0,0,0,1,7400.0,0.253,0.243,106700.0,46100.0,232400,36,vehicle,1,1,1,1,1,1
CUST105223,31,male,salaried,1.5,68500,689,2,44,4,0,1,24800.0,0.359,0.376,179400.0,102100.0,68500,72,personal,1,1,1,1,0,1
CUST105224,28,male,business,4.1,61600,720,2,47,1,0,1,14800.0,0.637,0.31,198700.0,100700.0,153600,36,vehicle,1,1,1,1,1,1
CUST105225,27,male,contract,6.7,55400,703,6,59,7,0,2,13600.0,0.503,0.331,243300.0,130200.0,285000,60,vehicle,1,1,1,1,0,0
CUST105226,64,male,self_employed,9.9,84200,692,3,30,0,0,1,16900.0,0.562,0.441,436600.0,218700.0,242700,12,vehicle,1,1,1,1,1,1
CUST105227,50,male,business,7.5,60800,753,2,36,0,0,3,13400.0,0.261,0.382,167700.0,141800.0,353400,36,vehicle,1,1,1,1,1,1
CUST105228,23,male,salaried,2.5,49500,634,3,66,3,0,2,5600.0,0.727,0.189,322900.0,258000.0,226700,60,medical,1,1,1,1,1,0
CUST105229,22,female,salaried,13.9,100400,657,1,18,1,0,1,6900.0,0.318,0.683,147900.0,83300.0,739600,12,personal,1,1,1,1,1,0
CUST105230,23,female,salaried,8.1,66200,737,4,50,2,0,0,2600.0,0.804,0.281,365300.0,160600.0,192000,12,vehicle,1,1,1,1,0,1
CUST105231,30,female,contract,1.2,56100,626,3,53,4,0,3,17000.0,0.754,0.327,305800.0,157500.0,47700,36,personal,1,1,1,1,1,0
CUST105232,25,female,salaried,12.3,30800,766,3,64,2,0,3,10200.0,0.334,0.434,42800.0,16900.0,113800,36,business,1,1,1,1,1,1
CUST105233,57,female,contract,1.6,79400,684,8,85,3,0,0,31300.0,0.359,0.448,243700.0,141400.0,258400,60,education,1,1,1,1,1,1
CUST105234,38,male,salaried,6.4,66500,714,1,12,0,0,1,32300.0,0.294,0.491,231800.0,50700.0,20000,60,personal,1,1,1,1,1,1
CUST105235,47,male,business,7.2,57600,684,2,26,2,0,4,19400.0,0.665,0.621,97300.0,40200.0,393500,24,personal,1,1,0,1,1,0
CUST105236,43,female,business,1.4,63200,680,3,53,4,0,1,17000.0,0.299,0.315,268200.0,64400.0,103900,36,vehicle,1,1,1,1,1,0
CUST105237,43,female,salaried,9.1,114700,744,4,55,1,0,0,15600.0,0.365,0.176,463100.0,231600.0,221200,48,education,1,1,1,1,0,1
CUST105238,34,male,business,2.9,44100,710,1,11,1,0,0,7700.0,0.309,0.737,141000.0,118400.0,297800,12,business,1,1,1,1,1,0
CUST105239,46,female,salaried,10.3,93400,721,2,19,1,0,1,21300.0,0.717,0.295,617500.0,322900.0,300900,48,business,1,1,1,1,0,1
CUST105240,54,male,salaried,7.9,51700,706,5,60,5,0,1,18800.0,0.205,0.458,123100.0,90500.0,293000,60,home,1,1,1,1,1,1
CUST105241,27,male,salaried,14.6,63600,727,3,68,4,0,1,15000.0,0.6,0.449,143300.0,85100.0,326000,24,personal,1,1,1,1,0,1
CUST105242,37,female,salaried,2.5,28700,617,6,124,8,0,1,6800.0,0.737,0.394,65000.0,35800.0,162400,36,home,1,1,1,1,0,0
CUST105243,51,female,contract,7.9,36100,714,2,25,1,0,6,8700.0,0.525,0.396,246600.0,67700.0,134700,24,medical,1,0,1,1,0,0
CUST105244,26,female,business,5.1,90400,792,3,65,1,0,1,10800.0,0.648,0.156,181400.0,135000.0,234600,72,medical,1,1,1,1,0,1
CUST105245,21,female,business,12.2,94100,759,2,41,1,0,0,20700.0,0.437,0.316,278900.0,146600.0,433100,48,business,1,1,1,1,1,1
CUST105246,40,male,self_employed,19.6,131800,825,1,21,1,0,0,10300.0,0.167,0.619,920900.0,822800.0,855000,12,medical,1,1,1,1,0,1
CUST105247,26,male,salaried,6.8,42000,701,2,44,2,0,0,6100.0,0.374,0.169,281500.0,197300.0,59800,60,business,1,1,1,1,0,1
CUST105248,40,female,contract,3.1,43800,675,3,45,3,0,2,11200.0,0.844,0.319,108700.0,92800.0,166600,60,medical,1,1,1,1,0,0
CUST105249,55,male,salaried,,36000,633,3,53,4,0,1,7500.0,0.168,0.327,94600.0,39200.0,204200,48,business,1,1,0,1,1,0
CUST105250,43,male,contract,10.4,167100,735,1,19,0,0,1,62400.0,0.257,0.444,795800.0,464500.0,422000,36,consumer,1,1,1,1,1,1
CUST105251,32,female,salaried,17.5,32900,717,1,16,0,0,1,4600.0,0.16,0.359,48700.0,23200.0,259300,36,medical,1,1,1,1,0,1
CUST105252,34,male,salaried,12.9,69600,677,4,52,4,0,1,23100.0,0.246,0.447,353000.0,251800.0,288700,36,consumer,1,1,1,1,0,1
CUST105253,63,male,salaried,9.0,94600,740,2,36,2,0,3,20300.0,0.291,0.304,101700.0,62700.0,408000,48,personal,1,1,1,1,1,1
CUST105254,39,male,business,8.0,29100,662,4,48,4,0,2,7500.0,0.672,0.406,67100.0,46000.0,155500,36,personal,1,1,1,1,0,0
CUST105255,38,female,business,7.8,21700,691,2,19,3,0,2,0.0,0.19,0.02,22200.0,8700.0,20000,60,business,1,1,1,1,1,0
CUST105256,36,male,salaried,20.7,21900,721,6,134,4,0,0,4200.0,0.162,1.066,100700.0,69000.0,114900,6,personal,1,1,1,1,1,1
CUST105257,60,male,salaried,9.3,39500,636,0,0,0,0,1,2000.0,0.588,0.506,41000.0,18800.0,215900,12,vehicle,1,1,1,1,0,0
CUST105258,29,female,salaried,3.9,101100,679,3,56,4,0,0,3600.0,0.027,0.179,97500.0,60800.0,698200,48,medical,1,1,1,1,0,1
CUST105259,58,female,salaried,7.5,120000,772,6,130,2,0,3,8900.0,0.604,0.223,141300.0,53500.0,321000,18,consumer,1,1,1,0,1,1
CUST105260,37,female,salaried,8.8,87000,714,4,48,0,0,0,15600.0,0.55,0.32,374300.0,317900.0,441300,36,personal,1,1,1,1,0,1
CUST105261,44,male,salaried,0.9,33100,802,6,123,3,0,1,10500.0,0.814,0.364,144700.0,71400.0,74100,48,education,1,1,1,0,1,1
CUST105262,50,female,self_employed,3.0,90600,719,4,62,2,0,0,15500.0,0.28,0.455,76300.0,16900.0,618400,24,consumer,1,0,1,1,1,1
CUST105263,45,male,salaried,8.2,42900,697,1,19,5,0,0,600.0,0.341,0.106,269800.0,241900.0,94600,24,business,1,1,1,1,0,1
CUST105264,64,female,salaried,14.6,51800,740,4,39,1,0,0,18600.0,0.188,0.379,339300.0,141200.0,37500,36,home,1,1,0,1,0,1
CUST105265,56,male,self_employed,7.0,52100,694,1,18,0,0,2,12000.0,0.28,0.286,43500.0,28500.0,104800,36,consumer,1,1,1,1,0,0
CUST105266,43,male,business,2.2,69500,655,8,75,5,0,1,700.0,0.314,0.117,324500.0,112000.0,266600,36,medical,1,1,1,1,0,0
CUST105267,32,female,salaried,5.7,56200,654,6,99,9,0,1,17100.0,0.372,0.342,166800.0,143500.0,101100,48,home,1,1,1,1,1,1
CUST105268,42,female,self_employed,6.0,36800,662,3,68,4,0,4,7300.0,0.749,0.303,78100.0,35000.0,138200,36,personal,1,1,1,1,1,0
CUST105269,40,female,salaried,2.4,79900,692,3,29,4,0,1,6100.0,0.171,0.289,533900.0,479800.0,408100,24,home,1,1,1,1,1,1
CUST105270,33,male,business,4.2,91500,736,6,111,9,0,2,9600.0,0.274,0.204,350200.0,275100.0,164000,18,personal,1,1,1,1,1,1
CUST105271,31,female,salaried,10.7,49100,760,0,0,0,0,3,7600.0,0.368,0.867,77200.0,33100.0,209700,6,vehicle,1,1,1,1,1,0
CUST105272,39,female,salaried,5.4,28400,680,3,37,2,0,1,9700.0,0.11,0.703,106800.0,51400.0,123300,12,education,1,1,0,1,1,0
CUST105273,50,female,salaried,10.1,97500,716,4,79,5,0,2,14400.0,0.444,0.348,328300.0,240900.0,467600,24,personal,1,1,1,1,0,1
CUST105274,61,female,contract,4.4,46600,613,5,90,10,0,5,11200.0,0.669,0.247,320800.0,69500.0,20000,60,vehicle,1,1,1,1,0,0
CUST105275,39,female,salaried,7.7,74000,685,0,0,0,0,3,6100.0,0.199,0.159,323000.0,144300.0,272600,48,medical,1,1,1,1,1,1
CUST105276,29,male,salaried,12.6,71600,666,4,85,11,0,1,21100.0,0.522,0.408,175700.0,75800.0,145700,18,consumer,1,1,1,1,1,1
CUST105277,31,female,salaried,10.8,40900,656,3,59,7,0,0,15600.0,0.535,0.493,182100.0,42000.0,109500,24,personal,1,1,1,1,0,0
CUST105278,41,female,salaried,4.5,121800,693,1,24,0,0,1,33000.0,0.181,0.384,410600.0,207300.0,165500,12,vehicle,1,1,1,0,1,0
CUST105279,65,male,salaried,12.9,142900,719,2,43,1,0,1,27800.0,0.181,0.307,398800.0,301500.0,963700,60,home_improvement,1,1,0,1,1,1
CUST105280,63,male,salaried,7.7,90900,723,3,44,1,0,0,4800.0,0.173,0.243,351100.0,117400.0,622100,36,consumer,1,1,1,1,1,1
CUST105281,46,male,salaried,4.7,56900,629,2,44,2,0,0,9700.0,0.148,0.193,309600.0,262100.0,46600,36,personal,1,1,1,1,1,0
CUST105282,52,male,salaried,2.5,54100,686,1,22,1,0,1,11800.0,0.667,0.328,387100.0,341000.0,214100,36,business,1,1,1,1,1,0
CUST105283,30,male,salaried,13.0,97800,723,1,15,0,0,1,17100.0,0.254,0.308,160000.0,109900.0,468800,36,vehicle,1,1,1,1,0,1
CUST105284,48,male,contract,2.7,147900,715,1,17,0,0,3,40100.0,0.31,0.391,236600.0,192500.0,640100,36,education,1,1,1,1,1,1
CUST105285,64,male,salaried,13.0,19300,684,3,43,2,0,2,2900.0,0.645,0.401,120200.0,72700.0,116000,24,vehicle,1,1,1,1,0,0
CUST105286,45,female,salaried,4.8,88600,600,4,81,11,0,4,33400.0,0.252,0.524,413400.0,157700.0,468500,36,vehicle,1,1,1,1,0,0
CUST105287,28,male,salaried,6.5,90000,727,4,67,5,0,0,6400.0,0.257,0.123,313400.0,217500.0,223900,48,home_improvement,1,1,1,0,0,1
CUST105288,21,female,salaried,5.2,123300,650,4,60,8,0,0,38000.0,0.361,0.368,743600.0,561000.0,265600,36,home_improvement,1,1,1,1,0,0
CUST105289,27,male,salaried,11.6,39400,643,3,56,7,0,1,8500.0,0.343,0.325,87400.0,74100.0,258800,60,vehicle,1,1,1,1,1,0
CUST105290,46,female,salaried,9.0,58000,718,2,48,0,0,1,16700.0,0.263,0.464,192300.0,137700.0,122200,12,vehicle,1,1,1,1,1,1
CUST105291,53,male,salaried,1.6,47800,618,4,83,5,0,1,13600.0,0.386,0.37,77100.0,59800.0,245400,60,vehicle,1,1,1,1,1,0
CUST105292,36,male,business,11.5,61100,750,2,22,2,0,0,12400.0,0.038,0.373,362100.0,171400.0,374800,36,business,1,1,1,1,1,1
CUST105293,37,male,self_employed,4.3,43800,681,2,20,2,0,1,11300.0,0.475,0.408,168500.0,64700.0,237000,36,vehicle,1,1,1,0,1,0
CUST105294,27,female,salaried,2.8,32800,682,0,0,0,0,1,2400.0,0.371,0.17,63600.0,24700.0,190200,60,home,1,1,1,1,0,0
CUST105295,33,male,self_employed,9.8,22100,720,3,39,3,0,0,4600.0,0.088,0.416,8300.0,4300.0,110400,24,home_improvement,1,1,1,1,0,0
CUST105296,39,male,business,5.8,25800,710,4,85,3,0,4,2000.0,0.493,0.203,24600.0,13700.0,38800,12,vehicle,1,1,1,1,0,0
CUST105297,22,male,self_employed,4.6,43800,695,0,0,0,0,0,15000.0,0.107,0.558,99100.0,20200.0,226700,24,education,1,1,0,1,0,0
CUST105298,42,male,salaried,5.5,72100,631,4,72,4,0,2,26100.0,0.294,0.454,390900.0,117100.0,239300,36,home,1,1,1,1,1,0
CUST105299,58,male,salaried,2.4,72000,717,3,40,2,0,2,22200.0,0.606,0.398,156000.0,117200.0,154700,24,business,1,1,1,1,1,1
CUST105300,53,male,contract,7.2,88200,687,2,46,2,0,3,18500.0,0.323,0.431,140600.0,108800.0,468000,24,personal,1,1,1,1,0,1
CUST105301,32,male,salaried,17.1,56100,745,2,20,2,0,0,7100.0,0.57,0.471,253700.0,65500.0,231600,12,home,1,1,1,1,1,1
CUST105302,48,male,salaried,3.7,42000,636,0,0,0,0,1,4200.0,0.659,0.174,40600.0,14000.0,149400,48,home,1,1,1,1,0,0
CUST105303,52,female,salaried,4.9,42000,677,2,19,1,0,2,5500.0,0.389,0.242,266200.0,129000.0,223700,48,personal,1,1,1,1,0,0
CUST105304,31,male,contract,12.9,38300,736,2,20,0,0,1,10200.0,0.597,0.281,45200.0,12500.0,20000,36,home,1,0,1,1,1,1
CUST105305,36,female,business,5.0,59100,693,7,138,9,0,1,18400.0,0.266,0.456,48900.0,20000.0,307700,36,personal,1,1,1,1,1,0
CUST105306,48,male,self_employed,7.2,55400,718,2,47,1,0,5,19200.0,0.466,0.445,411100.0,255600.0,327000,60,personal,1,1,1,1,1,0
CUST105307,32,female,salaried,3.4,42700,723,3,69,3,0,1,6400.0,0.156,0.167,237500.0,169300.0,26600,36,business,1,1,1,1,0,1
CUST105308,43,male,contract,22.7,47500,769,0,0,0,0,1,15400.0,0.29,0.525,287500.0,69100.0,228600,24,personal,1,1,1,1,0,1
CUST105309,33,female,business,10.4,91100,645,7,141,20,0,1,25100.0,0.115,0.35,317700.0,205700.0,245500,36,education,1,1,1,1,0,1
CUST105310,39,female,business,8.8,66400,805,3,41,1,0,1,8000.0,0.316,0.169,143900.0,85200.0,116100,36,business,1,1,1,1,0,1
CUST105311,31,male,business,3.1,32800,639,3,51,3,0,2,2000.0,0.358,0.193,87400.0,60200.0,104200,24,education,1,1,1,1,1,0
CUST105312,48,male,salaried,1.8,52100,707,3,43,2,0,2,14000.0,0.651,0.318,254000.0,60100.0,154500,60,consumer,1,1,0,1,1,0
CUST105313,41,male,business,3.1,99300,737,2,34,0,0,2,18400.0,0.193,0.301,330000.0,123300.0,553000,48,education,1,1,1,1,0,1
CUST105314,41,female,salaried,8.5,49800,707,3,54,3,0,1,7700.0,0.341,0.469,65600.0,18200.0,187800,12,vehicle,1,1,1,1,1,1
CUST105315,46,male,business,5.6,38400,680,4,72,4,0,3,17100.0,0.359,0.515,57600.0,37800.0,96800,36,business,1,1,1,1,1,0
CUST105316,50,male,salaried,11.4,75900,676,3,37,5,0,1,28400.0,0.434,0.945,228000.0,178900.0,520300,12,vehicle,1,1,1,1,0,0
CUST105317,35,female,self_employed,6.6,107000,711,4,84,4,0,1,8300.0,0.553,0.32,243400.0,110200.0,621900,24,vehicle,1,1,1,1,0,1
CUST105318,62,male,salaried,6.9,87500,729,0,0,0,0,2,21600.0,0.275,0.318,74500.0,23400.0,299200,48,home,0,1,1,1,0,1
CUST105319,52,female,business,5.2,51800,686,1,20,3,0,0,0.0,0.397,0.083,256300.0,62700.0,258100,60,home_improvement,1,1,1,1,0,1
CUST105320,45,male,salaried,3.1,45700,717,1,15,3,0,2,7900.0,0.601,0.375,285700.0,192600.0,110600,12,personal,1,1,1,1,0,1
CUST105321,44,male,self_employed,8.6,112800,715,4,66,6,0,2,14600.0,0.584,0.191,713200.0,397000.0,419000,60,consumer,1,1,1,1,1,1
CUST105322,49,male,salaried,,37900,706,4,89,7,0,0,7500.0,0.505,0.282,38000.0,19800.0,76200,24,personal,1,1,1,1,1,0
CUST105323,21,male,self_employed,7.1,43700,753,1,15,0,0,2,12200.0,0.469,0.361,184800.0,82200.0,128700,36,consumer,1,1,1,1,0,1
CUST105324,33,male,salaried,17.8,72200,747,5,87,3,0,0,12400.0,0.274,0.402,383200.0,175300.0,199400,12,personal,1,1,1,1,1,1
CUST105325,26,male,salaried,4.3,154600,691,0,0,0,0,2,31700.0,0.178,0.267,1017400.0,269700.0,463400,48,personal,1,1,1,1,0,1
CUST105326,35,female,salaried,3.3,42100,612,5,79,11,0,3,9500.0,0.467,0.293,76400.0,25300.0,168900,60,education,1,1,1,1,1,0
CUST105327,38,female,business,17.2,73400,748,4,60,0,0,1,20400.0,0.216,0.348,175600.0,145300.0,372400,72,personal,1,1,1,1,1,1
CUST105328,26,male,business,4.8,18700,698,5,113,7,0,0,3300.0,0.645,0.277,118100.0,48500.0,90400,48,vehicle,1,1,1,1,0,0
CUST105329,32,male,salaried,2.1,173800,677,4,92,4,0,1,38700.0,0.239,0.371,1067900.0,496800.0,1237100,48,personal,1,1,1,1,1,1
CUST105330,48,male,salaried,7.3,25700,707,2,25,3,0,0,10800.0,0.53,0.868,150900.0,59200.0,69000,6,personal,1,1,1,1,1,0
CUST105331,58,male,salaried,1.5,29400,658,3,47,4,0,0,1700.0,0.232,0.713,167500.0,55900.0,231300,12,personal,1,1,1,1,0,0
CUST105332,34,female,salaried,8.2,60100,648,2,29,1,0,2,11600.0,0.332,0.349,242700.0,66600.0,225000,24,personal,1,1,1,1,0,0
CUST105333,36,male,business,23.0,34600,713,3,52,2,0,0,13100.0,0.098,0.486,230700.0,105000.0,178600,48,personal,1,1,1,1,0,1
CUST105334,31,male,salaried,17.5,56300,666,4,68,4,0,1,200.0,0.139,0.16,308700.0,171300.0,316800,36,home_improvement,1,1,1,1,1,1
CUST105335,44,male,contract,12.4,60200,808,2,30,2,0,2,13400.0,0.386,0.3,275400.0,226100.0,166800,36,consumer,1,1,1,1,1,1
CUST105336,63,male,salaried,2.5,93400,671,4,78,6,0,1,25700.0,0.525,0.424,412900.0,236200.0,665100,48,business,1,1,1,1,1,1
CUST105337,39,male,contract,8.6,25400,759,4,83,1,0,0,4700.0,0.144,0.302,70100.0,62700.0,71100,24,home,0,1,1,1,1,1
CUST105338,36,female,salaried,9.9,36200,653,1,22,0,0,0,3000.0,0.264,0.203,71900.0,17700.0,156600,36,personal,1,1,1,1,0,0
CUST105339,61,female,business,21.9,30100,743,3,50,4,0,0,3000.0,0.1,0.175,28300.0,14400.0,162900,72,medical,1,1,1,0,0,1
CUST105340,32,female,salaried,18.1,32000,680,0,0,0,0,3,0.0,0.327,0.123,206700.0,107300.0,94300,24,vehicle,1,0,1,1,0,0
CUST105341,54,female,self_employed,16.4,82000,708,2,40,4,0,0,30800.0,0.038,0.416,427500.0,154500.0,159300,48,home_improvement,1,1,1,1,1,1
CUST105342,33,female,salaried,6.2,52200,675,2,42,2,0,2,17900.0,0.598,0.442,258200.0,73700.0,309000,60,personal,1,1,1,1,0,0
CUST105343,44,male,salaried,15.8,95100,730,2,39,1,0,1,10500.0,0.628,0.206,234200.0,123100.0,655400,72,personal,1,1,1,1,1,1
CUST105344,49,male,salaried,5.9,121900,708,4,49,3,0,0,22500.0,0.471,0.333,585600.0,482500.0,433800,24,home,1,1,1,1,0,1
CUST105345,50,male,salaried,4.9,50600,657,4,59,9,0,3,9600.0,0.323,0.372,91900.0,28100.0,332700,36,consumer,1,1,1,1,0,0
CUST105346,44,male,self_employed,9.9,120300,800,2,29,1,1,0,21500.0,0.409,0.263,63400.0,23400.0,611200,60,personal,1,1,1,1,1,1
CUST105347,38,female,contract,5.3,64500,711,3,62,1,0,1,9000.0,0.168,0.724,61900.0,47300.0,452100,12,consumer,1,1,1,1,0,1
CUST105348,46,male,salaried,5.9,40900,621,3,27,3,0,2,11400.0,0.229,0.488,70400.0,53700.0,205500,24,business,1,1,1,1,0,0
CUST105349,35,male,salaried,11.1,93500,688,4,65,3,0,3,28900.0,0.544,0.594,559300.0,174400.0,479300,18,vehicle,1,0,1,1,0,0
CUST105350,35,male,self_employed,1.2,121000,640,2,23,3,0,1,23900.0,0.331,0.457,472500.0,424500.0,754300,24,medical,1,1,1,0,1,0
CUST105351,63,male,salaried,7.0,98400,709,4,45,3,0,1,7500.0,0.384,0.384,284000.0,101100.0,545300,18,vehicle,1,1,1,1,0,1
CUST105352,63,male,salaried,2.4,63300,645,0,0,0,0,2,21900.0,0.691,0.398,307100.0,203200.0,118100,36,business,1,0,1,1,0,0
CUST105353,64,male,salaried,1.1,43500,652,3,46,2,0,1,4800.0,0.461,0.258,68700.0,38900.0,231200,36,vehicle,1,1,1,1,1,0
CUST105354,35,female,salaried,12.2,63900,695,0,0,0,0,1,21900.0,0.63,0.464,386800.0,248900.0,139600,18,consumer,1,1,1,1,1,0
CUST105355,40,male,salaried,6.1,26800,665,3,34,2,0,1,11500.0,0.163,0.458,72700.0,63500.0,47000,60,vehicle,1,1,1,1,0,0
CUST105356,24,female,contract,11.4,73600,752,4,71,1,0,1,3700.0,0.634,0.121,333200.0,109000.0,311700,60,home,1,1,1,1,1,1
CUST105357,25,male,business,7.5,77200,713,2,28,2,0,4,9700.0,0.598,0.205,472100.0,366400.0,443000,72,vehicle,1,1,1,1,1,1
CUST105358,47,male,contract,7.9,82100,719,5,79,1,0,0,5300.0,0.688,0.282,520400.0,348800.0,428400,24,personal,1,1,0,1,0,0
CUST105359,59,female,business,17.3,52800,751,1,15,0,0,1,8400.0,0.297,0.286,315900.0,90700.0,241100,36,business,1,1,1,1,1,1
CUST105360,62,male,salaried,4.2,96000,727,5,74,1,0,0,5200.0,0.646,0.17,657800.0,325000.0,398700,36,home_improvement,1,1,1,1,1,1
CUST105361,60,female,salaried,1.1,177400,712,2,24,2,0,1,34700.0,0.132,0.318,1179000.0,385900.0,1041400,48,personal,1,1,1,1,0,1
CUST105362,29,female,salaried,3.0,77500,677,5,112,3,0,1,16300.0,0.214,0.351,455600.0,162200.0,391500,36,home,1,1,1,1,1,1
CUST105363,62,male,self_employed,6.2,110800,726,2,20,2,0,2,24500.0,0.248,0.29,680400.0,559000.0,184000,24,vehicle,1,1,1,1,1,1
CUST105364,27,female,business,9.4,80500,664,1,17,2,0,1,3100.0,0.351,0.214,470200.0,391200.0,508200,36,business,1,1,1,1,1,0
CUST105365,55,male,contract,6.4,54000,661,3,58,5,0,0,1500.0,0.139,0.039,275600.0,191800.0,28300,48,medical,1,1,1,1,0,0
CUST105366,21,male,salaried,10.0,74900,748,4,90,2,0,3,19800.0,0.484,0.287,424000.0,126500.0,121200,72,business,1,1,1,0,0,1
CUST105367,58,female,salaried,3.1,53100,646,2,41,3,0,1,13800.0,0.09,0.288,267100.0,57500.0,90800,60,personal,1,1,1,1,0,0
CUST105368,61,male,salaried,14.5,82700,715,3,67,5,0,1,21900.0,0.729,0.764,116100.0,34000.0,495700,12,home,1,1,1,1,0,0
CUST105369,33,female,self_employed,9.8,28500,699,8,170,6,0,3,7400.0,0.716,0.418,179900.0,149600.0,108600,24,vehicle,1,1,1,1,1,0
CUST105370,45,female,salaried,9.8,41700,740,3,52,2,0,0,5700.0,0.535,0.347,58100.0,47400.0,210900,24,consumer,1,1,1,1,1,0
CUST105371,33,male,self_employed,17.2,33000,768,4,64,0,0,3,8700.0,0.5,0.438,176800.0,89200.0,206900,36,business,1,1,1,1,1,1
CUST105372,55,male,self_employed,7.9,42400,723,2,31,1,0,0,1000.0,0.303,0.205,28800.0,20000.0,184100,24,vehicle,1,1,1,1,1,1
CUST105373,49,female,salaried,7.7,82400,710,1,17,2,0,2,27600.0,0.267,0.533,436200.0,273300.0,586100,36,personal,1,1,1,1,0,1
CUST105374,65,female,self_employed,14.3,50300,718,4,68,4,0,2,7300.0,0.347,0.295,331200.0,226600.0,270700,36,business,1,1,1,1,0,1
CUST105375,63,male,salaried,6.9,93300,763,4,91,1,0,0,22200.0,0.092,0.327,614300.0,421100.0,499900,60,vehicle,1,1,1,1,1,1
CUST105376,56,male,salaried,3.8,125000,722,3,50,1,0,1,14100.0,0.631,0.2,224100.0,100300.0,391800,36,vehicle,1,1,1,1,1,1
CUST105377,35,female,salaried,8.3,28700,696,1,18,1,0,1,500.0,0.148,0.234,126900.0,73400.0,149400,24,education,1,1,1,1,1,1
CUST105378,49,female,salaried,1.2,73500,741,2,35,1,0,1,17300.0,0.651,0.356,94900.0,40000.0,319400,36,consumer,1,1,1,1,0,1
CUST105379,61,male,business,8.0,55400,729,3,64,2,0,0,20800.0,0.226,0.483,317100.0,83600.0,356700,60,personal,1,1,1,1,1,1
CUST105380,33,male,self_employed,4.2,90800,565,3,36,0,0,0,9400.0,0.52,0.14,469800.0,281000.0,198400,60,personal,1,1,1,1,0,0
CUST105381,48,female,business,1.8,46000,659,0,0,0,0,0,6100.0,0.492,0.175,149500.0,69600.0,117000,60,home,1,1,1,1,1,0
CUST105382,24,female,salaried,9.5,88400,664,4,90,6,0,0,18000.0,0.143,0.298,614800.0,371700.0,200600,24,home,1,1,1,1,0,1
CUST105383,47,male,salaried,11.8,33800,706,5,110,5,0,0,8500.0,0.247,0.335,20000.0,15400.0,101300,36,education,1,1,1,1,0,1
CUST105384,35,male,business,5.0,115700,695,3,67,5,0,0,20300.0,0.034,0.249,795200.0,697200.0,407600,48,personal,1,1,1,1,1,1
CUST105385,54,female,salaried,4.7,177800,756,6,117,3,0,0,39100.0,0.448,0.262,378700.0,197900.0,272500,36,vehicle,1,1,1,1,0,1
CUST105386,22,male,salaried,18.3,30300,679,3,41,1,0,1,5700.0,0.144,0.267,40200.0,29100.0,57000,24,vehicle,1,1,1,1,0,1
CUST105387,45,male,salaried,14.3,64000,695,1,20,0,0,4,5900.0,0.715,0.781,194300.0,76600.0,528700,12,education,1,1,1,1,0,0
CUST105388,59,male,business,2.5,50800,738,4,79,1,0,1,5800.0,0.65,0.248,343000.0,133900.0,244500,36,medical,1,0,1,1,0,1
CUST105389,63,male,salaried,5.5,91100,751,5,91,4,0,3,5800.0,0.372,0.151,391700.0,166700.0,380900,48,vehicle,1,1,1,1,1,1
CUST105390,54,male,contract,4.2,64400,755,4,38,2,0,1,20200.0,0.39,0.345,360200.0,174600.0,144600,72,personal,1,1,1,1,1,1
CUST105391,60,male,salaried,10.2,85000,725,1,15,1,0,2,26600.0,0.438,0.345,562000.0,386600.0,98100,36,personal,1,1,1,0,1,1
CUST105392,51,female,self_employed,5.0,74500,615,2,37,3,0,2,20800.0,0.285,0.458,522100.0,465300.0,319900,24,vehicle,1,1,1,1,1,0
CUST105393,62,female,salaried,1.6,44200,707,2,37,3,0,2,7900.0,0.176,0.316,303500.0,121300.0,145800,24,education,1,1,1,1,1,0
CUST105394,46,male,salaried,5.6,95100,677,3,47,4,0,2,17100.0,0.522,0.23,243300.0,135100.0,229800,48,consumer,1,1,1,1,0,1
CUST105395,21,female,salaried,13.2,43900,664,2,32,2,0,0,15300.0,0.455,0.48,206000.0,109500.0,208300,36,personal,1,1,1,1,0,0
CUST105396,49,male,salaried,4.3,78300,678,4,57,3,0,1,7700.0,0.304,0.231,201600.0,108600.0,499700,48,consumer,1,1,1,1,0,0
CUST105397,32,male,self_employed,7.2,82500,731,1,14,1,0,1,28400.0,0.496,0.446,105600.0,77700.0,202300,24,home,1,1,0,1,0,1
CUST105398,42,male,salaried,9.2,41600,717,1,22,2,0,1,14900.0,0.559,0.48,171600.0,143400.0,182900,36,education,1,1,0,1,1,0
CUST105399,50,male,salaried,11.1,130600,752,2,40,0,0,1,14400.0,0.682,0.214,393700.0,150500.0,487800,36,personal,1,0,1,1,1,1
CUST105400,24,female,salaried,9.5,50700,680,2,31,1,0,0,10500.0,0.198,0.8,76200.0,27600.0,360600,12,personal,1,1,1,1,0,1
CUST105401,60,male,salaried,3.1,76800,649,1,16,3,0,1,11400.0,0.167,0.333,119600.0,93200.0,170500,12,business,1,1,1,1,1,0
CUST105402,65,female,salaried,12.4,46800,717,2,27,1,0,4,12500.0,0.489,0.456,202000.0,169400.0,212300,24,personal,1,1,1,1,1,0
CUST105403,58,female,self_employed,15.7,77100,698,2,22,2,0,1,4900.0,0.64,0.163,535100.0,147800.0,368100,48,consumer,1,1,1,1,1,1
CUST105404,29,female,salaried,8.4,59000,739,3,32,1,0,1,8400.0,0.51,0.229,284300.0,167100.0,184500,36,consumer,1,1,1,1,0,1
CUST105405,44,female,salaried,10.6,35000,750,0,0,0,0,2,11000.0,0.24,0.864,163100.0,32600.0,115500,6,home,1,1,1,1,1,0
CUST105406,22,male,self_employed,11.6,68600,758,7,114,5,0,2,25400.0,0.347,0.402,405800.0,201100.0,79600,36,medical,1,1,1,1,0,1
CUST105407,64,female,contract,6.9,120700,714,1,20,2,0,1,43100.0,0.164,0.921,357100.0,122400.0,408400,6,personal,1,1,1,1,0,1
CUST105408,44,female,contract,3.8,38300,685,1,12,0,0,1,0.0,0.119,0.142,159000.0,141900.0,130600,24,vehicle,1,1,1,1,0,0
CUST105409,63,female,salaried,9.6,44000,667,2,41,7,0,0,20700.0,0.024,0.622,169300.0,84900.0,240100,36,business,1,1,1,1,0,0
CUST105410,26,female,salaried,7.0,20700,699,2,28,0,0,0,2300.0,0.524,0.316,87500.0,26600.0,152400,36,consumer,1,1,1,1,1,0
CUST105411,21,male,salaried,4.2,56200,681,4,74,6,0,3,6500.0,0.792,0.165,121900.0,85600.0,199800,72,personal,1,1,1,1,0,0
CUST105412,38,female,salaried,10.4,41200,669,0,0,0,0,0,14800.0,0.629,0.946,232200.0,107000.0,145100,6,personal,1,1,1,1,1,0
CUST105413,34,male,salaried,12.3,26200,711,4,62,6,0,1,4800.0,0.556,0.273,187200.0,117500.0,85000,36,personal,1,1,1,1,1,1
CUST105414,58,male,business,4.2,62900,674,1,11,0,0,3,16300.0,0.594,0.295,153000.0,59700.0,108600,48,personal,1,1,1,1,0,0
CUST105415,33,male,contract,2.5,50500,616,4,41,7,1,0,19200.0,0.166,0.466,126600.0,26600.0,156400,36,home_improvement,1,1,1,1,1,0
CUST105416,39,male,salaried,4.8,76200,724,3,40,2,0,2,11700.0,0.279,0.347,259200.0,156800.0,353700,24,education,1,1,1,1,0,1
CUST105417,64,female,self_employed,5.0,68500,658,0,0,0,0,3,22400.0,0.245,0.381,219400.0,101300.0,132800,36,home_improvement,1,1,1,1,1,0
CUST105418,32,male,business,9.8,105300,686,3,34,2,0,0,14800.0,0.472,0.177,434400.0,383800.0,185400,48,home_improvement,1,1,1,1,1,1
CUST105419,50,female,salaried,14.8,108500,749,4,90,2,0,2,10100.0,0.325,0.164,103000.0,41600.0,185300,24,personal,1,1,1,1,1,1
CUST105420,44,male,salaried,3.7,50400,662,1,18,3,0,0,14600.0,0.493,0.397,339900.0,85200.0,194300,36,business,1,1,1,1,0,0
CUST105421,35,female,salaried,3.1,33900,659,5,94,11,0,1,12200.0,0.536,0.459,143700.0,77600.0,120700,36,home,1,1,1,1,1,0
CUST105422,29,male,salaried,4.3,59300,693,3,63,3,0,0,18600.0,0.328,0.863,407600.0,120900.0,391100,12,vehicle,1,1,1,1,0,0
CUST105423,46,male,salaried,17.6,62800,780,3,63,0,0,2,8700.0,0.149,0.201,206000.0,55000.0,187700,48,personal,1,1,1,1,0,1
CUST105424,36,female,self_employed,10.9,78400,737,4,94,2,0,2,12100.0,0.536,0.206,107800.0,69600.0,290300,72,personal,1,1,1,1,0,1
CUST105425,45,female,self_employed,22.2,35600,731,2,26,0,0,1,16700.0,0.558,0.601,87900.0,26500.0,168600,36,home_improvement,1,1,1,1,1,1
CUST105426,64,male,contract,3.2,90900,697,3,54,3,0,0,5000.0,0.193,0.213,582900.0,262600.0,518500,36,personal,1,0,1,1,0,1
CUST105427,25,male,salaried,8.6,49600,674,4,85,3,0,0,8900.0,0.09,0.338,206400.0,48600.0,141700,18,education,1,1,1,1,1,1
CUST105428,31,male,self_employed,3.9,59700,696,7,147,7,0,0,25200.0,0.216,0.537,43100.0,17900.0,247200,36,medical,1,1,1,1,0,0
CUST105429,41,male,self_employed,9.9,123100,735,2,24,0,0,0,39200.0,0.318,0.544,813800.0,380200.0,500500,18,consumer,1,1,1,1,1,1
CUST105430,57,male,business,8.8,42800,735,0,0,0,0,1,18100.0,0.041,0.484,247700.0,92600.0,125400,48,vehicle,1,1,1,1,0,1
CUST105431,33,female,salaried,1.4,34400,727,4,39,1,0,2,9300.0,0.355,0.303,89800.0,76900.0,40600,36,home,1,1,1,1,0,0
CUST105432,62,female,salaried,5.0,134500,727,4,93,3,0,3,15700.0,0.404,0.201,141900.0,30100.0,545900,48,personal,1,1,0,1,1,1
CUST105433,21,male,salaried,7.3,106200,624,3,33,6,0,1,5200.0,0.245,0.229,757300.0,369100.0,458700,24,home_improvement,1,1,1,1,0,1
CUST105434,65,male,self_employed,4.6,31500,711,5,94,6,0,2,12100.0,0.494,0.406,211300.0,81600.0,41000,60,personal,1,1,1,1,0,0
CUST105435,29,female,salaried,12.8,22200,710,4,67,5,0,0,9100.0,0.213,0.692,2700.0,2000.0,75100,12,home,1,1,1,1,1,0
CUST105436,21,female,salaried,13.5,116500,747,5,48,2,0,0,9200.0,0.338,0.215,280100.0,,571900,36,personal,1,1,1,1,0,1
CUST105437,46,male,self_employed,1.7,41700,624,1,12,5,0,2,13900.0,0.406,0.537,266400.0,185300.0,101800,12,medical,1,1,1,1,1,0
CUST105438,21,male,salaried,6.8,81600,703,2,19,1,0,2,4800.0,0.583,0.125,179600.0,161600.0,259500,48,home,1,1,1,1,0,1
CUST105439,47,female,salaried,3.8,198400,667,3,28,2,0,1,25700.0,0.306,0.414,1363200.0,493700.0,1016500,18,business,1,1,1,1,1,1
CUST105440,27,male,salaried,6.9,31700,706,3,49,2,0,2,2800.0,0.475,0.115,35100.0,20900.0,20000,24,business,1,1,1,1,1,0
CUST105441,53,male,salaried,7.8,102400,704,5,49,1,0,1,37900.0,0.324,0.56,571300.0,279600.0,465800,24,home,1,1,1,1,1,1
CUST105442,47,male,contract,14.4,51600,697,2,38,0,0,2,7100.0,0.315,0.368,46000.0,39500.0,142700,12,home_improvement,1,1,1,1,0,0
CUST105443,49,male,salaried,3.4,46100,695,4,93,3,0,0,16300.0,0.216,0.485,181900.0,137400.0,217400,36,business,1,1,1,1,1,0
CUST105444,44,female,business,3.0,74600,737,3,51,3,0,2,26400.0,0.386,0.419,319500.0,262900.0,350900,72,home_improvement,1,1,1,1,0,1
CUST105445,50,female,salaried,9.3,104900,680,1,13,2,0,0,18600.0,0.311,0.228,249100.0,128300.0,319300,60,personal,1,1,1,1,0,1
CUST105446,58,male,business,19.9,50400,721,3,63,3,0,3,7800.0,0.259,0.804,338900.0,202800.0,196200,6,business,1,1,1,1,1,1
CUST105447,57,female,salaried,1.9,45600,705,2,22,2,0,4,14600.0,0.397,0.329,302600.0,73900.0,20000,48,personal,1,1,1,1,1,0
CUST105448,23,female,contract,10.5,41100,689,4,77,3,0,0,4200.0,0.345,0.364,271000.0,107200.0,129300,12,home,1,1,1,1,0,0
CUST105449,59,female,salaried,12.1,60100,728,1,12,0,0,1,14700.0,0.405,1.149,381300.0,101400.0,326000,6,education,1,1,0,1,1,1
CUST105450,41,female,salaried,9.1,65700,728,3,42,0,0,1,10800.0,0.368,0.315,154100.0,133500.0,356000,36,consumer,1,1,1,1,1,1
CUST105451,34,male,salaried,5.8,29200,730,2,39,1,0,2,11700.0,0.322,0.433,72300.0,37700.0,45300,48,vehicle,1,1,1,1,1,0
CUST105452,56,male,business,9.2,44900,660,2,41,3,0,2,11300.0,0.455,0.318,299400.0,247900.0,71300,24,home,1,1,1,1,1,0
CUST105453,45,male,salaried,5.2,79100,675,4,91,5,0,2,6600.0,0.258,0.099,449200.0,190500.0,73600,60,consumer,1,1,1,1,0,1
CUST105454,50,female,salaried,8.7,69000,697,0,0,0,0,2,7400.0,0.425,0.197,205700.0,42700.0,371400,60,personal,1,1,1,1,1,1
CUST105455,46,male,salaried,3.3,71500,628,1,14,0,0,3,7400.0,0.589,0.13,308000.0,99100.0,91600,48,consumer,1,1,1,1,1,0
CUST105456,36,female,salaried,7.5,52000,668,4,48,4,0,4,11000.0,0.28,0.313,264800.0,149000.0,315100,60,personal,1,1,1,1,1,0
CUST105457,37,female,self_employed,6.3,115400,675,1,23,0,0,0,13900.0,0.152,0.163,205300.0,67400.0,293300,60,home_improvement,1,1,1,1,1,1
CUST105458,30,female,salaried,3.0,100500,699,2,38,0,0,0,16200.0,0.423,0.614,159700.0,114100.0,545900,12,business,1,1,1,1,1,0
CUST105459,57,male,salaried,12.0,46800,778,3,38,1,0,3,8300.0,0.343,0.246,286500.0,70000.0,154600,48,home_improvement,1,1,1,1,0,1
CUST105460,39,male,salaried,2.9,73900,661,2,40,4,0,0,15200.0,0.352,0.272,465900.0,308400.0,175500,36,vehicle,1,1,1,1,1,1
CUST105461,34,female,contract,7.8,31000,628,5,104,11,0,1,13500.0,0.294,0.444,197200.0,173200.0,20000,72,consumer,1,1,1,1,1,0
CUST105462,27,female,salaried,7.0,93500,656,4,83,5,0,2,5500.0,0.623,0.208,395900.0,222700.0,500900,36,business,0,1,1,1,0,0
CUST105463,58,male,self_employed,4.5,26500,652,3,35,1,0,0,4200.0,0.177,0.294,124200.0,89900.0,215400,60,medical,1,1,1,1,1,0
CUST105464,28,female,self_employed,10.0,83700,669,1,18,3,0,2,24300.0,0.567,0.373,254600.0,70300.0,497000,72,home,1,1,1,1,1,0
CUST105465,36,female,salaried,14.0,39900,759,4,55,1,0,2,12200.0,0.241,0.585,191600.0,43200.0,267600,24,home_improvement,1,1,1,1,0,1
CUST105466,57,male,contract,4.4,39200,712,2,37,3,0,0,6800.0,0.311,0.251,176600.0,55000.0,108900,36,vehicle,1,1,1,1,1,0
CUST105467,37,female,business,3.4,52100,693,2,20,2,0,0,16800.0,0.59,0.513,72600.0,61700.0,356800,36,vehicle,1,1,1,1,1,0
CUST105468,23,male,salaried,10.1,15000,636,2,37,3,0,1,6900.0,0.368,0.999,53200.0,32200.0,97100,12,education,1,1,1,1,1,0
CUST105469,46,male,contract,10.9,73700,734,5,103,2,0,1,4700.0,0.113,0.249,233700.0,160200.0,490900,36,personal,1,1,1,1,1,1
CUST105470,58,female,salaried,2.5,79200,556,2,42,6,0,1,16600.0,0.309,0.251,211300.0,142700.0,197100,60,home,1,1,1,1,1,0
CUST105471,52,female,salaried,14.7,57900,683,3,42,3,0,2,14800.0,0.214,0.545,317400.0,114400.0,201000,12,education,1,1,1,1,0,0
CUST105472,27,female,salaried,10.0,188400,698,1,19,1,0,1,46400.0,0.252,0.281,569900.0,151700.0,315200,48,business,0,1,1,1,1,1
CUST105473,56,female,salaried,7.1,85200,712,4,90,2,0,1,11300.0,0.737,0.278,389100.0,274700.0,594400,48,business,1,1,1,1,1,1
CUST105474,28,female,contract,8.6,52600,707,3,31,2,0,0,4100.0,0.334,0.201,162200.0,74900.0,232300,36,consumer,1,0,1,1,1,1
CUST105475,64,male,salaried,5.1,139400,710,1,11,0,0,0,21100.0,0.341,0.316,507800.0,443400.0,552400,24,vehicle,1,1,1,1,0,1
CUST105476,25,male,self_employed,3.2,64200,758,4,90,2,0,0,9400.0,0.061,0.273,290900.0,208600.0,390500,48,consumer,1,1,1,1,0,1
CUST105477,28,male,self_employed,20.6,36400,693,2,25,3,0,1,9300.0,0.225,0.337,114200.0,45100.0,178500,60,business,1,1,1,1,0,1
CUST105478,35,female,contract,11.0,35600,712,1,12,0,0,2,6600.0,0.343,0.321,85900.0,52500.0,232100,48,home,1,1,1,1,1,1
CUST105479,28,male,salaried,5.1,142100,702,3,33,0,0,2,39200.0,0.696,0.737,938100.0,219700.0,786300,12,business,1,1,1,1,1,1
CUST105480,45,male,salaried,3.7,26000,713,3,48,3,0,2,2400.0,0.27,0.134,98400.0,83900.0,78800,72,personal,1,1,1,1,1,0
CUST105481,24,female,salaried,2.5,35700,633,3,39,6,0,0,8800.0,0.322,0.328,174800.0,92500.0,209700,72,business,1,1,1,1,0,0
CUST105482,40,male,salaried,4.6,51700,693,4,91,5,1,2,14800.0,0.335,0.424,24400.0,14400.0,171400,24,home,1,1,1,1,1,0
CUST105483,36,female,self_employed,14.0,80200,755,4,91,1,0,2,3800.0,0.377,0.108,531200.0,369500.0,292700,60,personal,1,1,1,1,1,1
CUST105484,60,female,salaried,6.6,55800,680,2,21,1,0,2,18800.0,0.457,0.504,285400.0,230300.0,335500,36,business,1,1,1,1,0,0
CUST105485,56,male,self_employed,4.5,103800,720,5,64,1,0,2,13900.0,0.529,0.346,667100.0,185400.0,527800,24,personal,1,1,1,1,1,1
CUST105486,49,female,salaried,8.1,148300,728,3,46,2,0,2,21700.0,0.412,0.262,875200.0,313500.0,823800,48,consumer,1,1,1,1,0,1
CUST105487,61,male,salaried,11.4,35100,660,4,45,3,0,0,7100.0,0.222,0.245,83600.0,39200.0,54000,36,personal,1,1,1,1,1,0
CUST105488,36,female,salaried,12.6,63500,681,4,84,8,0,1,8100.0,0.194,0.17,402100.0,232900.0,97100,36,personal,1,1,1,1,1,1
CUST105489,45,female,self_employed,10.4,77500,756,1,12,0,0,1,16600.0,0.622,0.451,283000.0,92100.0,329700,18,consumer,1,1,1,1,1,1
CUST105490,40,male,salaried,2.1,97100,788,4,56,0,0,2,16900.0,0.209,0.229,207900.0,72200.0,257700,48,consumer,1,1,1,0,1,1
CUST105491,28,male,contract,0.9,43900,698,3,38,1,0,2,3100.0,0.501,0.08,198000.0,46400.0,20000,48,home_improvement,1,1,1,1,1,0
CUST105492,30,male,salaried,12.6,67300,721,5,71,4,0,1,17000.0,0.133,0.328,430800.0,295000.0,181700,36,business,1,1,1,1,0,1
CUST105493,52,male,salaried,1.1,98800,728,1,11,0,0,0,36300.0,0.445,0.668,73200.0,21900.0,713200,24,vehicle,1,1,1,1,0,1
CUST105494,52,male,salaried,22.2,81900,714,2,43,1,0,0,6400.0,0.186,0.214,537800.0,249500.0,401500,36,consumer,1,1,1,1,0,1
CUST105495,24,male,self_employed,9.9,96000,703,4,71,1,0,1,10600.0,0.356,0.292,490100.0,385000.0,626800,36,education,1,1,1,1,1,1
CUST105496,44,female,salaried,7.2,25000,581,5,97,13,0,2,2600.0,0.25,0.124,40000.0,24100.0,35100,72,education,1,0,1,1,1,0
CUST105497,49,male,salaried,8.6,31700,665,4,68,4,0,0,4300.0,0.387,0.24,64700.0,16700.0,118800,36,vehicle,1,1,1,1,0,0
CUST105498,49,male,business,5.2,69400,670,3,30,3,0,0,11400.0,0.62,0.259,113200.0,68000.0,316400,48,home,1,1,1,1,0,0
CUST105499,33,male,business,10.7,72300,814,3,56,1,0,0,17000.0,0.174,0.249,423400.0,192700.0,47400,48,business,1,1,1,1,0,1
CUST105500,22,male,salaried,1.5,59300,729,1,10,0,0,2,16300.0,0.509,0.402,86800.0,66000.0,90400,12,vehicle,1,1,1,1,0,1
CUST105501,29,female,contract,1.4,76500,638,4,43,1,0,2,23600.0,0.566,0.366,172200.0,135800.0,319300,72,education,1,1,1,1,0,0
CUST105502,60,male,self_employed,5.3,59400,700,3,65,4,0,1,11200.0,0.658,0.236,71900.0,56400.0,135700,48,home_improvement,1,1,1,1,0,0
CUST105503,41,female,salaried,9.8,52100,747,3,51,3,0,2,6300.0,0.18,0.206,131000.0,114400.0,213800,48,vehicle,1,1,1,1,0,1
CUST105504,61,male,salaried,1.5,43200,764,3,65,1,0,1,8600.0,0.115,0.332,132500.0,69100.0,207200,36,education,1,1,1,1,1,1
CUST105505,26,female,contract,,106400,748,3,53,4,0,1,2500.0,0.336,0.111,467500.0,140800.0,447000,48,home_improvement,1,1,1,1,0,1
CUST105506,53,female,self_employed,7.3,35500,715,3,62,7,0,2,13100.0,0.791,0.466,191300.0,78100.0,206000,60,home_improvement,1,0,1,1,0,0
CUST105507,44,female,contract,9.7,118100,689,3,70,2,0,1,9600.0,0.428,0.215,747800.0,205200.0,379700,24,education,0,1,1,1,0,1
CUST105508,24,male,salaried,15.2,109900,760,4,86,2,0,1,34200.0,0.218,0.419,145100.0,64300.0,425100,36,personal,1,1,1,1,0,1
CUST105509,47,female,salaried,4.1,46300,666,2,41,5,0,2,9800.0,0.209,0.386,48800.0,38300.0,194100,24,personal,1,1,1,1,0,0
CUST105510,36,male,salaried,4.2,79200,706,3,35,1,0,1,11000.0,0.29,0.208,107400.0,46700.0,330300,60,personal,1,1,1,0,1,1
CUST105511,41,female,salaried,7.1,78900,750,3,50,1,0,1,19500.0,0.332,0.632,486200.0,224300.0,545900,18,personal,1,1,1,1,1,1
CUST105512,33,male,self_employed,4.1,70900,744,1,18,0,0,2,22500.0,0.364,0.427,254400.0,106400.0,280200,36,home_improvement,1,1,1,1,1,1
CUST105513,26,female,contract,9.2,18900,660,6,71,7,0,2,2200.0,0.575,0.263,97400.0,49800.0,100000,36,vehicle,1,1,1,1,0,0
CUST105514,40,female,salaried,14.4,62000,701,7,69,8,0,2,5000.0,0.432,0.094,430300.0,103300.0,20000,24,personal,1,1,1,1,1,1
CUST105515,61,male,self_employed,9.1,77300,756,2,26,0,0,0,15200.0,0.242,0.313,363700.0,164500.0,323300,36,medical,1,1,1,1,0,1
CUST105516,25,male,salaried,7.7,22500,716,6,108,6,0,0,10300.0,0.365,0.593,51700.0,33500.0,109700,36,education,1,1,1,1,0,0
CUST105517,56,male,salaried,6.1,49800,698,4,60,4,0,1,3400.0,0.583,0.13,82200.0,17600.0,111000,36,education,1,1,1,1,0,0
CUST105518,31,female,self_employed,6.6,103600,668,1,17,1,0,5,8500.0,0.663,0.167,453200.0,353200.0,315400,36,vehicle,1,1,1,1,0,0
CUST105519,35,female,salaried,5.9,101600,684,2,44,4,0,2,25100.0,0.526,0.354,619500.0,553500.0,651700,60,personal,1,1,1,1,1,0
CUST105520,41,male,salaried,7.1,39100,615,1,10,1,0,0,5700.0,0.431,0.3,154500.0,58700.0,217700,36,education,1,1,1,1,1,0
CUST105521,24,female,salaried,7.2,102000,757,2,42,0,0,1,23100.0,0.312,0.375,436300.0,135200.0,546300,36,vehicle,1,1,1,1,0,1
CUST105522,59,male,salaried,9.9,47000,682,2,37,1,0,0,8200.0,0.665,0.211,297900.0,210800.0,82700,48,personal,1,1,1,1,1,1
CUST105523,40,male,salaried,9.7,117100,695,2,19,1,0,0,40700.0,0.153,0.367,328600.0,255500.0,163800,72,vehicle,1,1,1,1,0,1
CUST105524,58,female,self_employed,3.5,69700,599,2,43,3,0,2,25800.0,0.274,0.548,289500.0,62600.0,148600,12,business,1,1,1,1,0,0
CUST105525,33,female,salaried,6.1,37800,740,2,38,2,0,2,12400.0,0.502,0.417,52000.0,34600.0,121300,36,personal,1,1,1,1,1,1
CUST105526,50,female,business,2.6,208600,734,5,49,1,0,1,65000.0,0.322,0.933,138700.0,50100.0,778300,6,home,1,1,1,1,1,1
CUST105527,26,male,self_employed,2.3,162400,633,3,59,4,0,1,29200.0,0.711,0.29,635600.0,464100.0,428000,24,personal,1,1,1,1,0,0
CUST105528,21,male,contract,11.6,118300,737,6,109,5,0,2,8500.0,0.376,0.147,86700.0,25000.0,534900,60,education,1,1,1,1,1,1
CUST105529,31,female,business,15.6,107800,732,0,0,0,0,1,15700.0,0.204,0.269,368700.0,246600.0,319200,24,business,1,1,1,1,1,1
CUST105530,43,male,contract,7.9,47600,748,3,39,0,0,3,7900.0,0.314,0.221,71000.0,53700.0,125300,48,vehicle,0,1,1,1,0,1
CUST105531,41,female,self_employed,14.9,150300,746,3,33,0,0,0,46000.0,0.328,0.781,939400.0,423600.0,856100,12,consumer,1,1,1,1,1,1
CUST105532,62,female,contract,20.4,58100,718,2,27,3,0,4,15600.0,0.307,0.341,214400.0,165100.0,202200,48,business,1,1,1,0,1,1
CUST105533,35,male,salaried,1.4,64400,692,1,15,1,0,1,14800.0,0.241,0.367,319100.0,264100.0,424900,48,consumer,1,1,0,1,1,0
CUST105534,32,female,salaried,10.6,22200,769,5,92,3,0,1,7400.0,0.297,0.42,89500.0,46800.0,69400,36,home_improvement,1,1,1,1,0,1
CUST105535,53,male,salaried,3.7,34800,709,3,63,3,0,1,2900.0,0.547,0.198,156100.0,96200.0,96100,24,business,1,1,1,1,1,1
CUST105536,22,female,salaried,3.3,42500,700,1,14,1,0,0,14200.0,0.474,0.741,86300.0,36400.0,207400,12,consumer,1,1,1,1,0,0
CUST105537,59,female,self_employed,3.4,149300,710,0,0,0,0,1,43400.0,0.165,0.357,293900.0,135500.0,472200,48,vehicle,1,1,1,1,0,1
CUST105538,35,female,contract,3.9,92300,709,2,26,2,0,0,31800.0,0.418,0.491,101000.0,50300.0,487500,36,consumer,1,1,1,1,1,1
CUST105539,35,male,self_employed,15.2,33200,716,5,103,2,0,0,5900.0,0.536,0.232,83300.0,38000.0,130800,72,home,1,1,1,1,1,1
CUST105540,40,female,salaried,6.3,82100,734,1,23,0,0,0,9000.0,0.479,0.219,409500.0,332300.0,538300,60,personal,1,1,1,1,0,1
CUST105541,31,female,self_employed,7.6,70200,752,7,97,1,0,2,20000.0,0.088,0.799,479400.0,283800.0,432700,12,business,1,1,1,1,0,1
CUST105542,64,female,salaried,7.8,29900,667,2,26,2,0,2,8200.0,0.391,0.333,81800.0,20600.0,105000,60,home_improvement,1,1,1,1,1,0
CUST105543,27,female,contract,2.7,225500,704,3,36,3,0,0,63800.0,0.099,0.39,1080700.0,928400.0,1163200,48,education,1,1,1,1,1,1
CUST105544,65,male,business,11.8,65000,615,5,90,10,0,2,19900.0,0.667,0.383,75100.0,51700.0,179300,36,consumer,1,1,1,1,1,0
CUST105545,42,female,business,4.6,63900,775,3,43,2,0,3,20800.0,0.467,0.443,362600.0,141900.0,359300,48,medical,1,1,1,1,0,0
CUST105546,24,female,salaried,5.2,78200,706,2,20,2,1,2,10500.0,0.268,0.218,196800.0,66200.0,156600,24,business,1,1,1,0,0,0
CUST105547,33,female,business,18.2,60700,792,3,57,0,0,1,24300.0,0.386,0.428,382700.0,202900.0,120400,72,business,1,1,1,1,1,1
CUST105548,49,female,business,1.0,62900,710,3,58,2,0,0,17600.0,0.355,0.396,228700.0,,262200,36,home,1,1,1,1,0,1
CUST105549,61,female,contract,3.1,67600,608,1,21,3,0,1,23100.0,0.345,0.66,291500.0,181100.0,129000,6,personal,1,1,1,1,0,0
CUST105550,38,male,salaried,8.5,68800,782,4,44,0,0,1,9500.0,0.63,0.325,215600.0,111000.0,463300,36,personal,1,1,1,1,0,1
CUST105551,34,male,salaried,5.2,149400,734,2,21,1,0,1,19900.0,0.104,0.184,220700.0,162500.0,272100,36,medical,1,1,1,1,1,1
CUST105552,52,female,salaried,9.5,41400,689,3,34,2,0,2,13500.0,0.291,0.658,43600.0,28000.0,329600,24,medical,1,1,1,1,0,0
CUST105553,36,male,business,3.8,28000,555,3,41,7,2,0,7200.0,0.338,0.465,189000.0,151800.0,139600,24,medical,1,1,0,1,1,0
CUST105554,61,female,business,20.3,53000,717,5,90,5,1,0,15300.0,0.272,0.487,382700.0,329800.0,252000,24,medical,0,1,1,1,0,0
CUST105555,23,male,salaried,9.9,20200,657,5,54,6,0,3,4600.0,0.62,0.361,48000.0,37100.0,64600,24,personal,1,1,1,1,0,0
CUST105556,54,male,salaried,5.4,48500,711,1,14,0,0,0,12700.0,0.242,0.368,18800.0,10100.0,248200,48,consumer,1,1,1,0,0,1
CUST105557,44,female,business,13.5,86900,707,2,42,2,0,2,19000.0,0.14,0.482,342100.0,90300.0,412400,18,home,1,1,1,1,1,1
CUST105558,41,female,business,17.6,54200,737,1,19,0,0,1,6500.0,0.406,0.209,258700.0,141800.0,58200,12,vehicle,1,1,1,1,1,1
CUST105559,30,male,salaried,13.8,19200,643,2,20,2,0,1,0.0,0.341,0.043,8200.0,4100.0,39900,48,education,1,1,1,1,1,0
CUST105560,22,female,salaried,2.7,38900,651,4,39,5,0,1,10800.0,0.407,0.931,105200.0,36300.0,305000,12,personal,1,1,1,1,1,0
CUST105561,54,female,self_employed,5.9,121700,759,4,53,3,0,2,10500.0,0.485,0.651,43400.0,35400.0,824500,12,home,1,1,1,1,1,1
CUST105562,62,female,salaried,6.7,71000,734,1,23,0,0,0,16800.0,0.129,0.332,286300.0,225500.0,488500,72,home,1,1,1,0,1,1
CUST105563,46,male,salaried,9.1,32400,734,1,17,0,0,2,9900.0,0.275,0.406,224000.0,106100.0,196100,60,education,1,1,1,1,0,0
CUST105564,63,male,self_employed,14.7,95500,778,5,57,3,0,0,25300.0,0.572,0.341,466200.0,132200.0,261100,36,consumer,1,1,1,1,1,1
CUST105565,38,male,salaried,4.2,37300,591,2,13,7,1,2,8100.0,0.379,0.297,123100.0,70700.0,142200,48,personal,1,1,1,1,0,0
CUST105566,49,female,business,6.8,68700,627,1,15,1,0,0,22200.0,0.22,0.459,327200.0,115800.0,167800,18,home,1,1,1,1,0,0
CUST105567,22,male,contract,6.7,107100,627,3,35,7,0,2,12200.0,0.287,0.256,561600.0,453100.0,549000,36,medical,1,1,1,1,1,0
CUST105568,60,male,salaried,14.8,120800,720,5,101,4,0,1,26100.0,0.184,0.296,334600.0,145400.0,232300,24,vehicle,1,1,1,1,1,1
CUST105569,51,female,salaried,9.5,74200,722,2,45,1,0,1,13200.0,0.199,0.265,449400.0,365600.0,388000,60,home,1,1,1,1,0,1
CUST105570,35,male,salaried,1.7,99500,705,4,65,7,0,1,33800.0,0.367,0.495,483400.0,309500.0,555200,36,home,1,1,1,1,1,0
CUST105571,29,male,salaried,1.1,41000,704,6,90,6,0,0,7000.0,0.159,0.276,212900.0,137000.0,206400,48,education,1,1,1,1,0,1
CUST105572,36,male,business,11.4,51900,741,3,51,0,0,1,6300.0,0.071,0.233,168200.0,112400.0,207800,36,personal,0,1,1,1,1,1
CUST105573,39,male,salaried,5.7,57300,717,4,51,5,0,1,15500.0,0.66,0.378,371100.0,291700.0,294400,48,vehicle,1,0,1,1,0,0
CUST105574,64,male,salaried,11.9,107000,757,3,60,0,0,2,37600.0,0.429,0.57,622800.0,309800.0,280900,12,medical,1,1,1,1,0,1
CUST105575,49,female,contract,10.9,38900,727,2,34,0,0,2,4000.0,0.483,0.185,137800.0,95000.0,191900,60,home,1,1,1,1,0,1
CUST105576,36,male,salaried,14.1,66800,721,3,64,2,0,0,23700.0,0.647,0.484,341500.0,252400.0,310100,36,home_improvement,1,1,1,1,0,1
CUST105577,35,male,self_employed,8.4,36000,633,4,79,9,0,0,11000.0,0.312,0.5,0.0,0.0,125900,18,home,1,1,1,1,0,0
CUST105578,41,male,salaried,12.8,30800,743,2,43,1,0,1,10200.0,0.203,0.446,56100.0,31900.0,126800,36,consumer,1,1,1,1,0,1
CUST105579,58,female,salaried,5.6,57400,796,3,36,0,0,1,15700.0,0.586,0.557,291300.0,253300.0,390100,24,education,1,1,1,1,0,1
CUST105580,35,male,contract,6.5,22900,738,3,62,1,0,2,5100.0,0.512,0.237,47300.0,37900.0,20000,60,vehicle,1,1,1,1,1,0
CUST105581,49,male,business,6.2,45800,615,2,35,1,0,4,2700.0,0.422,0.255,314900.0,105800.0,323400,36,vehicle,1,1,1,1,1,0
CUST105582,30,female,salaried,10.5,74600,779,3,54,0,0,2,8300.0,0.299,0.236,476200.0,327600.0,334400,36,home,1,1,1,1,1,1
CUST105583,22,female,contract,14.4,42900,625,3,60,6,0,2,11300.0,0.364,0.402,169500.0,117300.0,284800,48,vehicle,1,1,1,1,1,0
CUST105584,40,female,salaried,7.4,58400,725,2,42,2,0,2,14500.0,0.188,0.324,235300.0,105800.0,158300,36,vehicle,1,1,1,1,1,1
CUST105585,28,male,salaried,5.2,57800,693,0,0,0,0,0,4100.0,0.158,0.13,217200.0,121100.0,123200,36,personal,1,1,1,1,0,1
CUST105586,54,female,self_employed,7.7,229000,778,6,137,1,0,2,75600.0,0.44,0.375,448400.0,363700.0,246100,24,personal,1,1,1,1,1,1
CUST105587,48,male,self_employed,8.7,47300,649,8,151,9,0,1,8100.0,0.36,0.366,307500.0,210100.0,55400,6,education,1,1,1,1,0,0
CUST105588,54,male,salaried,6.9,43400,642,3,33,3,0,1,10700.0,0.308,0.488,59100.0,26000.0,125600,12,business,1,1,1,1,1,0
CUST105589,46,female,business,1.9,90400,607,0,0,0,0,1,9200.0,0.243,0.23,65600.0,56800.0,417700,36,education,1,1,1,1,1,0
CUST105590,23,male,self_employed,11.3,95500,672,4,82,10,0,0,23900.0,0.127,0.378,391600.0,79400.0,292300,24,home,1,1,1,1,0,1
CUST105591,59,female,self_employed,5.5,20600,652,2,27,7,0,3,1700.0,0.411,0.109,84900.0,45300.0,20000,36,home_improvement,1,1,1,1,0,0
CUST105592,35,male,contract,5.6,63400,741,2,26,0,0,1,12500.0,0.248,0.414,365700.0,233600.0,248000,18,medical,1,1,1,1,1,1
CUST105593,56,male,salaried,8.8,62100,658,6,84,6,0,1,14000.0,0.508,0.303,115600.0,81200.0,288100,60,vehicle,1,1,1,1,1,0
CUST105594,57,male,salaried,5.6,70400,672,3,57,3,0,1,20400.0,0.364,0.385,159100.0,45200.0,161700,24,medical,1,1,1,1,1,0
CUST105595,42,male,self_employed,5.8,36800,673,2,19,3,0,2,1600.0,0.106,0.141,47000.0,24800.0,129400,36,personal,1,1,1,1,0,0
CUST105596,58,female,contract,11.3,61700,663,5,101,9,0,3,23100.0,0.687,0.507,148300.0,82400.0,196100,24,business,1,1,1,1,1,0
CUST105597,36,male,salaried,5.6,71600,712,3,58,2,0,2,20800.0,0.161,0.409,374500.0,277900.0,203100,24,medical,1,0,1,1,1,1
CUST105598,35,female,salaried,2.7,119400,743,2,32,0,0,1,31700.0,0.086,0.316,598600.0,396300.0,291400,48,education,1,1,1,0,1,1
CUST105599,29,female,salaried,3.1,33700,699,1,21,0,0,2,8200.0,0.265,0.34,147300.0,42800.0,196200,60,medical,1,1,1,1,1,0
CUST105600,57,female,salaried,11.2,76100,721,4,69,3,0,1,11800.0,0.453,0.45,157700.0,71300.0,403600,18,personal,1,1,1,1,0,1
CUST105601,36,male,salaried,16.3,92900,715,1,21,0,0,2,24800.0,0.346,0.343,44600.0,28200.0,85300,12,personal,1,1,1,1,1,1
CUST105602,53,female,self_employed,8.2,65300,684,5,94,6,0,5,12500.0,0.642,0.24,68400.0,44600.0,151200,48,personal,1,1,1,1,0,0
CUST105603,37,male,salaried,,99100,761,5,95,0,0,1,29000.0,0.254,0.475,144400.0,103200.0,434700,24,vehicle,1,1,1,1,1,1
CUST105604,36,male,business,5.7,19700,701,1,17,1,0,3,4500.0,0.405,0.322,80500.0,20000.0,132200,72,personal,1,1,1,1,0,0
CUST105605,28,male,salaried,22.2,64300,734,2,25,3,0,0,20900.0,0.514,0.382,234400.0,123000.0,264900,72,education,1,1,1,0,1,1
CUST105606,44,female,self_employed,14.3,23700,661,1,8,3,0,1,6100.0,0.194,0.349,88500.0,59500.0,78400,36,education,1,1,1,1,0,0
CUST105607,41,male,business,5.8,47500,666,3,35,4,0,1,8200.0,0.282,0.277,304300.0,207700.0,178300,36,vehicle,1,0,1,1,1,0
CUST105608,28,male,business,3.8,44700,725,1,16,0,0,2,3300.0,0.523,0.123,121500.0,79400.0,52600,24,vehicle,1,1,1,1,1,1
CUST105609,50,female,salaried,16.5,43700,711,3,67,2,0,2,10300.0,0.457,0.269,275700.0,82300.0,52000,36,business,1,1,1,1,0,1
CUST105610,22,male,self_employed,16.6,171200,781,1,17,0,0,3,55500.0,0.278,0.451,899200.0,733500.0,780500,36,home,1,0,1,1,1,1
CUST105611,41,male,salaried,6.8,111000,656,2,19,3,1,2,22700.0,0.247,0.282,539100.0,171300.0,412100,48,consumer,1,1,1,1,1,0
CUST105612,30,female,salaried,6.7,50500,692,2,22,0,0,1,19700.0,0.432,0.455,229000.0,204300.0,117800,36,education,1,1,0,1,1,1
CUST105613,26,female,salaried,11.8,125800,694,4,45,3,0,1,36500.0,0.287,0.467,582100.0,513200.0,799500,36,business,1,1,1,1,1,1
CUST105614,46,male,business,8.9,60500,677,1,14,1,0,0,18500.0,0.192,0.443,394300.0,117600.0,298200,36,vehicle,1,1,1,1,1,1
CUST105615,21,female,salaried,6.3,59400,664,2,22,6,0,1,13200.0,0.097,0.339,187000.0,63100.0,415200,60,business,1,1,1,1,1,1
CUST105616,56,male,salaried,15.2,46200,693,3,51,3,0,1,10400.0,0.309,0.281,189100.0,164700.0,154000,60,consumer,1,1,1,1,1,1
CUST105617,34,female,self_employed,2.2,83400,654,1,10,1,0,5,11900.0,0.495,0.288,248800.0,168600.0,435600,36,home,1,1,1,1,0,0
CUST105618,62,female,salaried,1.5,67300,667,5,110,5,0,1,16400.0,0.463,0.283,367000.0,189200.0,157900,60,home,1,1,0,1,1,0
CUST105619,27,female,salaried,7.3,46100,655,1,19,1,0,1,15200.0,0.554,0.663,76500.0,47300.0,92300,6,home,1,1,1,1,1,0
CUST105620,61,male,self_employed,2.3,50800,692,3,28,2,0,1,5700.0,0.473,0.357,199800.0,66500.0,224100,18,education,1,1,1,1,1,0
CUST105621,53,female,self_employed,2.3,57400,633,2,32,2,0,2,11400.0,0.276,0.275,62500.0,38400.0,158100,36,personal,1,1,1,1,1,0
CUST105622,23,male,self_employed,9.0,84200,725,2,33,1,0,3,21600.0,0.269,0.504,349300.0,103600.0,499900,24,personal,1,1,1,1,0,1
CUST105623,35,female,salaried,1.0,80600,726,4,66,2,0,2,21900.0,0.325,0.487,216000.0,144900.0,207900,12,personal,1,1,1,1,0,1
CUST105624,59,male,business,6.3,65400,740,5,102,3,0,0,9800.0,0.47,0.382,363200.0,180200.0,363700,24,personal,1,1,1,1,1,1
CUST105625,31,female,salaried,10.4,41900,742,4,70,2,0,1,6100.0,0.676,0.257,90900.0,33500.0,168600,36,consumer,1,1,1,1,0,1
CUST105626,25,female,contract,7.5,87100,756,3,62,1,0,0,10500.0,0.266,1.119,285900.0,70800.0,521800,6,home,1,1,1,1,0,1
CUST105627,52,male,business,5.3,36200,635,1,15,1,0,0,4100.0,0.544,0.201,167000.0,135700.0,114300,36,home,1,1,1,1,0,0
CUST105628,24,male,self_employed,5.6,37800,664,4,51,1,0,4,1100.0,0.532,0.118,218000.0,180300.0,60500,18,medical,1,1,1,1,1,0
CUST105629,46,female,salaried,3.4,34100,686,2,31,1,0,2,9700.0,0.536,0.773,239200.0,,200000,12,vehicle,1,1,1,1,1,0
CUST105630,35,male,contract,2.7,33000,699,1,21,1,0,3,10000.0,0.261,0.438,88200.0,51700.0,160900,36,consumer,1,1,1,1,1,0
CUST105631,36,male,salaried,11.7,102000,728,0,0,0,0,2,6100.0,0.514,0.125,55800.0,25500.0,239900,36,vehicle,1,1,1,1,0,1
CUST105632,34,male,self_employed,6.4,20600,655,6,131,7,1,1,6800.0,0.407,0.396,6300.0,3600.0,81400,60,vehicle,1,1,1,1,1,0
CUST105633,30,male,self_employed,12.0,104700,708,2,25,1,0,1,17800.0,0.216,0.253,685200.0,282900.0,416800,48,education,1,1,1,1,0,1
CUST105634,59,female,salaried,5.7,39900,704,3,66,3,0,0,12400.0,0.399,0.487,145200.0,60700.0,252800,36,vehicle,1,1,1,1,0,0
CUST105635,29,female,contract,14.8,38800,647,0,0,0,0,0,3500.0,0.592,0.191,267600.0,63800.0,140900,36,education,1,1,1,1,0,0
CUST105636,38,female,salaried,2.8,53200,723,3,70,2,0,1,5600.0,0.467,0.23,146200.0,84100.0,318900,48,consumer,1,1,1,1,0,1
CUST105637,22,male,contract,9.6,15000,656,2,41,5,0,2,2500.0,0.221,0.221,0.0,0.0,29100,36,personal,1,0,1,1,0,0
CUST105638,34,female,contract,0.9,106900,655,0,0,0,0,3,28000.0,0.287,0.408,598000.0,374300.0,561700,36,home_improvement,1,1,1,1,0,0
CUST105639,43,male,self_employed,6.4,89400,707,3,49,2,0,3,11500.0,0.407,0.223,321400.0,240700.0,608500,72,consumer,1,1,1,1,0,1
CUST105640,45,male,self_employed,15.9,74000,662,1,16,1,0,2,8400.0,0.222,0.293,39100.0,8600.0,478600,36,consumer,1,1,1,1,1,1
CUST105641,58,female,salaried,8.6,31500,751,2,44,2,0,0,11600.0,0.401,0.507,34100.0,14100.0,78800,18,personal,1,1,1,1,1,1
CUST105642,63,male,salaried,4.1,90200,751,3,68,4,0,2,32000.0,0.307,0.466,233300.0,145200.0,603100,60,home,1,1,1,1,1,1
CUST105643,48,male,salaried,16.9,74400,683,6,87,15,0,1,13800.0,0.383,0.818,344600.0,71100.0,282400,6,business,1,1,1,1,0,1
CUST105644,33,female,self_employed,9.6,67800,663,3,27,3,0,1,5300.0,0.317,0.548,152500.0,91600.0,382300,12,personal,1,1,1,1,0,0
CUST105645,37,male,self_employed,7.1,82300,642,3,47,4,0,0,24900.0,0.217,0.457,60000.0,31400.0,228100,18,vehicle,1,1,1,1,0,0
CUST105646,58,male,business,9.0,96700,715,1,18,1,0,1,100.0,0.351,0.185,69100.0,39300.0,639300,36,vehicle,1,1,0,1,1,1
CUST105647,45,female,contract,12.3,102900,699,4,65,3,0,0,2600.0,0.361,0.174,261800.0,173800.0,275900,18,home,1,1,1,1,1,1
CUST105648,53,male,business,23.4,121500,782,2,24,0,0,0,26400.0,0.309,0.303,100500.0,29500.0,188500,18,home_improvement,1,1,1,1,1,1
CUST105649,63,male,salaried,6.1,89700,706,4,53,3,0,2,32400.0,0.659,0.543,593400.0,390300.0,587700,36,personal,1,1,1,1,0,0
CUST105650,42,male,salaried,2.5,64900,710,2,21,1,0,1,7000.0,0.233,0.906,214000.0,130000.0,310700,6,business,0,1,1,1,0,0
CUST105651,53,male,salaried,7.4,83800,756,2,40,0,0,2,19500.0,0.319,0.343,203200.0,95100.0,332400,36,consumer,1,1,1,1,0,1
CUST105652,54,male,contract,5.4,41700,713,3,57,3,0,2,7300.0,0.324,0.282,158000.0,103800.0,160300,36,personal,1,1,1,1,1,0
CUST105653,58,female,salaried,11.6,84800,680,4,68,4,0,0,8000.0,0.29,0.174,555400.0,242900.0,241900,36,consumer,1,1,1,1,1,1
CUST105654,43,male,salaried,8.1,55900,702,1,16,0,0,0,18300.0,0.411,0.401,224700.0,104100.0,148700,36,consumer,0,1,1,1,1,1
CUST105655,44,male,salaried,7.3,71900,740,1,22,2,0,1,11600.0,0.303,0.206,349600.0,156400.0,153600,48,home_improvement,1,1,1,1,0,1
CUST105656,52,female,salaried,7.6,33300,723,1,19,0,0,1,9000.0,0.369,0.32,158700.0,109200.0,118100,72,home_improvement,1,1,0,1,0,0
CUST105657,41,female,salaried,7.7,61400,677,2,37,5,0,2,15500.0,0.334,0.264,366700.0,91100.0,25500,36,business,1,1,1,1,1,1
CUST105658,36,male,salaried,6.9,47700,694,3,42,3,0,3,17700.0,0.532,0.434,146900.0,114300.0,216200,72,vehicle,1,1,1,1,0,0
CUST105659,31,female,salaried,1.5,81400,653,3,49,2,1,2,8600.0,0.518,0.478,321200.0,125300.0,545800,18,education,1,1,1,1,0,0
CUST105660,42,female,salaried,10.3,70200,721,6,80,4,0,2,8100.0,0.313,0.145,94200.0,54600.0,74900,36,business,1,1,1,1,0,1
CUST105661,44,female,self_employed,5.5,61500,700,3,53,1,0,2,5800.0,0.223,0.148,411000.0,,239800,72,business,1,1,1,1,1,1
CUST105662,30,female,salaried,5.1,104600,713,3,42,3,0,2,18500.0,0.674,0.21,686300.0,463000.0,165100,48,home,1,1,1,1,1,1
CUST105663,39,female,contract,4.6,39500,683,2,22,0,0,0,5400.0,0.134,0.218,137200.0,68800.0,115100,36,education,1,1,0,1,0,0
CUST105664,35,female,self_employed,3.4,56300,765,4,51,1,0,2,23100.0,0.773,0.537,199200.0,95900.0,256000,36,vehicle,1,1,1,1,1,0
CUST105665,53,female,salaried,9.1,89700,670,4,86,6,0,1,28200.0,0.597,0.418,542500.0,216000.0,335700,36,home_improvement,1,1,1,1,0,0
CUST105666,65,female,salaried,20.4,68300,741,2,40,2,0,0,5900.0,0.056,0.287,25200.0,17500.0,329100,24,vehicle,1,1,1,1,1,1
CUST105667,26,male,salaried,27.7,48000,754,3,53,1,0,0,13000.0,0.278,0.388,228200.0,64400.0,101600,18,vehicle,1,1,1,1,0,1
CUST105668,47,male,salaried,0.9,23000,674,0,0,0,0,3,4700.0,0.438,0.3,117600.0,42200.0,39800,18,business,1,1,1,1,1,0
CUST105669,29,male,self_employed,13.8,38500,667,1,18,0,0,0,2800.0,0.188,0.145,126100.0,91700.0,100700,36,business,1,1,1,1,1,1
CUST105670,49,male,salaried,4.3,112800,717,2,23,1,0,3,25900.0,0.538,0.359,685400.0,485800.0,263500,18,personal,1,1,1,1,1,1
CUST105671,28,male,contract,16.1,68500,722,2,43,1,0,0,11700.0,0.162,0.295,346300.0,188100.0,409700,48,consumer,1,1,1,1,1,1
CUST105672,35,female,salaried,,69000,703,2,46,2,0,2,27200.0,0.487,0.512,306000.0,124100.0,293000,36,education,0,1,1,1,1,0
CUST105673,64,female,salaried,2.9,93100,711,2,37,3,0,2,26300.0,0.29,0.346,655600.0,460700.0,283100,48,personal,1,1,1,1,1,1
CUST105674,48,male,salaried,12.5,24800,682,2,21,1,0,1,9800.0,0.35,0.537,140400.0,57000.0,126700,36,vehicle,1,1,1,1,1,0
CUST105675,34,female,self_employed,11.9,37600,626,1,11,1,0,0,13600.0,0.233,0.473,122200.0,65100.0,200200,48,personal,1,1,1,1,0,0
CUST105676,32,female,self_employed,11.5,100000,751,6,130,2,0,0,17300.0,0.223,0.373,124600.0,87200.0,480500,24,personal,1,1,1,1,0,1
CUST105677,41,female,salaried,8.7,38200,606,2,31,3,0,0,8700.0,0.196,0.317,157100.0,32200.0,204000,60,education,1,1,1,1,1,0
CUST105678,37,female,salaried,2.6,95400,789,4,83,1,0,1,18300.0,0.368,0.225,500400.0,208500.0,153300,48,home,1,0,1,1,1,1
CUST105679,63,female,salaried,5.9,63100,650,0,0,0,0,0,7300.0,0.337,0.185,43700.0,12100.0,260700,60,personal,1,1,0,1,1,0
CUST105680,65,male,salaried,16.0,76300,742,4,88,4,0,1,24400.0,0.447,0.499,151700.0,53600.0,328000,24,business,1,1,1,1,0,1
CUST105681,29,male,salaried,6.1,254300,722,4,69,3,0,3,78500.0,0.174,0.764,170300.0,69100.0,1388200,12,vehicle,1,1,1,1,1,1
CUST105682,55,male,salaried,13.6,115800,746,3,69,0,0,1,41000.0,0.161,0.416,729600.0,345500.0,513500,72,education,1,1,1,1,0,1
CUST105683,57,female,salaried,2.8,63500,646,1,18,4,0,0,9600.0,0.178,0.352,438600.0,207200.0,459900,36,business,1,1,1,1,1,0
CUST105684,40,male,salaried,14.5,79300,712,1,10,0,0,0,23000.0,0.579,0.308,421000.0,155500.0,68100,48,home,1,1,1,1,1,1
CUST105685,33,female,contract,11.6,52500,683,7,81,3,0,0,16700.0,0.461,0.426,51900.0,27800.0,341300,60,personal,1,1,1,1,0,1
CUST105686,46,male,salaried,6.1,131100,632,4,50,6,0,1,18900.0,0.257,0.164,530500.0,123500.0,158700,60,consumer,1,1,1,1,1,0
CUST105687,23,female,self_employed,8.2,72800,743,4,37,3,0,2,13500.0,0.701,0.346,97000.0,59000.0,420500,36,vehicle,1,1,0,1,0,1
CUST105688,34,male,salaried,8.5,42800,705,4,44,4,0,1,9900.0,0.112,0.293,118500.0,54300.0,62900,24,business,1,1,1,1,1,1
CUST105689,50,male,salaried,13.5,39100,661,2,33,5,0,4,6200.0,0.519,0.235,257200.0,168200.0,179300,60,medical,1,1,1,1,1,0
CUST105690,52,male,salaried,13.9,64300,769,3,53,1,0,0,6800.0,0.328,0.164,247800.0,50400.0,267400,72,vehicle,1,1,1,1,1,1
CUST105691,21,male,salaried,6.3,42800,682,0,0,0,0,4,4600.0,0.475,0.29,105300.0,25000.0,280600,36,vehicle,1,1,1,1,1,0
CUST105692,34,female,contract,15.7,21700,653,3,55,2,0,2,500.0,0.432,0.248,1100.0,800.0,117200,24,medical,1,1,0,1,0,0
CUST105693,25,female,business,7.0,79700,790,4,87,1,0,1,20400.0,0.514,0.604,585700.0,329800.0,333300,12,education,1,1,1,1,0,1
CUST105694,58,male,self_employed,2.3,58100,609,4,45,3,0,2,20500.0,0.135,0.392,331100.0,281400.0,163200,72,vehicle,1,1,1,1,1,0
CUST105695,39,male,salaried,5.3,58000,688,2,35,1,0,1,13300.0,0.228,0.295,387700.0,159300.0,273900,72,education,1,1,1,1,0,1
CUST105696,63,male,self_employed,5.1,25600,638,2,23,1,0,1,6000.0,0.169,0.283,145600.0,41300.0,59400,48,home,1,1,1,1,0,0
CUST105697,42,male,salaried,4.8,47700,663,3,65,7,0,0,3700.0,0.225,0.158,316300.0,273600.0,138500,36,business,1,1,1,1,1,0
CUST105698,51,male,self_employed,10.1,72600,650,3,35,4,0,2,3800.0,0.591,0.184,512100.0,327200.0,343700,36,vehicle,1,1,1,1,1,0
CUST105699,36,male,self_employed,6.2,23600,692,10,123,7,0,1,9600.0,0.492,0.719,123900.0,63900.0,176700,24,education,1,1,1,1,1,0
CUST105700,30,male,self_employed,10.8,142500,744,5,87,3,0,1,16700.0,0.359,0.631,999900.0,281200.0,879300,12,business,1,1,1,1,0,1
CUST105701,65,male,self_employed,3.0,54500,683,5,106,4,0,4,12900.0,0.445,0.356,352800.0,112300.0,233100,36,home,1,1,1,1,1,0
CUST105702,40,female,salaried,6.8,111600,651,3,34,5,0,4,12300.0,0.249,0.16,313900.0,84900.0,200700,36,consumer,1,1,1,1,0,0
CUST105703,26,female,salaried,4.5,84200,693,1,16,1,0,1,24800.0,0.344,0.408,289900.0,138200.0,345100,36,personal,1,1,1,1,0,1
CUST105704,34,male,salaried,2.1,53400,723,4,39,1,0,1,6100.0,0.372,0.426,374100.0,197500.0,299800,18,home_improvement,1,1,1,1,0,1
CUST105705,23,male,salaried,10.6,36400,704,1,24,0,0,4,5400.0,0.373,0.417,199400.0,60600.0,176300,18,vehicle,1,1,1,1,0,0
CUST105706,37,male,salaried,7.5,54800,690,3,44,7,0,3,12300.0,0.47,0.29,66300.0,45700.0,216200,60,home,1,1,1,1,1,0
CUST105707,30,male,business,7.7,68400,742,5,89,1,0,2,5300.0,0.199,0.129,188500.0,,252900,72,personal,1,1,1,1,1,1
CUST105708,28,male,salaried,4.0,77200,664,5,104,6,0,0,11000.0,0.039,0.199,243100.0,56200.0,156800,36,vehicle,1,1,1,1,0,1
CUST105709,46,female,business,15.1,45200,720,3,39,0,0,1,7700.0,0.334,0.351,64200.0,19900.0,293600,36,home_improvement,1,1,1,1,1,1
CUST105710,48,male,salaried,3.4,81100,696,2,30,2,0,2,5100.0,0.244,0.182,162400.0,109100.0,462800,48,vehicle,1,1,1,1,1,1
CUST105711,63,male,self_employed,1.6,58300,707,1,13,1,0,2,700.0,0.315,0.057,269900.0,89900.0,47300,18,personal,1,1,1,1,1,1
CUST105712,35,female,salaried,4.0,88200,702,4,70,2,0,1,16000.0,0.096,0.4,145000.0,57200.0,693400,36,home,1,1,1,1,0,1
CUST105713,28,male,contract,3.4,39900,612,3,28,5,0,1,6400.0,0.743,0.352,195500.0,157200.0,183300,24,education,1,1,1,1,0,0
CUST105714,28,female,self_employed,9.6,78200,718,0,0,0,0,1,17700.0,0.398,0.378,455200.0,150100.0,285300,24,vehicle,1,1,1,1,0,1
CUST105715,32,male,salaried,14.6,38000,701,5,108,7,0,3,5900.0,0.247,0.166,0.0,0.0,20000,48,business,1,1,1,1,0,1
CUST105716,63,male,salaried,7.0,79900,731,4,68,4,0,3,21400.0,0.288,0.315,118100.0,39600.0,135800,36,vehicle,1,1,1,1,1,1
CUST105717,44,female,salaried,8.1,23900,637,3,46,11,0,5,0.0,0.314,0.033,65400.0,32700.0,47500,60,personal,1,1,1,1,0,0
CUST105718,22,male,business,13.8,48400,672,4,43,1,0,4,17400.0,0.42,0.456,188500.0,165600.0,278800,60,medical,1,1,1,1,1,0
CUST105719,38,male,business,12.3,106700,768,3,33,0,0,1,13200.0,0.486,0.192,330000.0,286200.0,263300,36,home_improvement,1,1,1,1,0,1
CUST105720,65,male,salaried,2.1,36300,648,1,16,0,0,0,3600.0,0.087,0.848,209500.0,141700.0,163100,6,vehicle,1,1,1,1,0,0
CUST105721,41,male,self_employed,2.0,36500,760,1,14,0,0,1,6600.0,0.447,0.233,145000.0,,34500,18,business,1,1,1,1,1,1
CUST105722,25,male,salaried,9.9,32000,760,2,20,0,0,1,1500.0,0.53,0.081,146600.0,75000.0,77500,72,personal,1,1,1,1,1,1
CUST105723,27,male,self_employed,10.7,72600,714,2,32,2,0,2,31100.0,0.288,0.6,133400.0,48500.0,449700,36,business,1,1,0,1,1,0
CUST105724,40,female,salaried,10.1,38900,702,2,45,3,0,2,13300.0,0.708,0.416,109900.0,80800.0,103900,36,education,1,1,1,1,0,0
CUST105725,35,female,contract,10.3,26300,630,2,20,2,0,3,3200.0,0.653,0.277,103600.0,31400.0,147500,36,home_improvement,1,1,1,1,0,0
CUST105726,42,male,business,3.0,48800,610,1,21,2,0,2,14400.0,0.257,0.329,59800.0,42000.0,59500,36,business,1,1,1,1,0,0
CUST105727,49,male,salaried,13.3,53900,748,7,102,3,0,2,11300.0,0.283,0.254,347900.0,151200.0,115100,48,personal,1,1,1,1,1,1
CUST105728,54,male,salaried,11.4,31100,736,2,26,0,0,2,4400.0,0.654,0.161,100000.0,25100.0,35700,60,home,1,1,1,1,0,1
CUST105729,50,male,salaried,5.2,15000,659,5,64,6,0,1,3500.0,0.333,0.305,83800.0,65300.0,64600,60,personal,1,1,1,1,0,0
CUST105730,62,female,salaried,10.7,65800,719,1,14,1,0,2,16300.0,0.272,0.369,223300.0,162200.0,479700,60,consumer,1,0,1,1,1,1
CUST105731,31,male,salaried,4.2,81800,742,1,13,1,0,0,29100.0,0.33,0.414,71100.0,41700.0,227900,48,personal,1,1,1,1,1,1
CUST105732,38,female,self_employed,6.4,98700,678,0,0,0,0,1,41300.0,0.334,0.468,527600.0,395900.0,293600,60,vehicle,1,1,1,0,1,0
CUST105733,28,male,salaried,8.4,87700,726,4,90,6,0,1,7400.0,0.541,0.327,450200.0,329200.0,511100,24,home_improvement,1,1,1,0,1,1
CUST105734,52,male,business,1.8,73600,711,4,71,9,0,0,10600.0,0.452,0.273,524800.0,162600.0,340500,36,education,1,1,1,1,0,1
CUST105735,31,male,contract,3.0,96900,682,2,42,2,0,0,26900.0,0.18,0.638,366800.0,191100.0,627800,18,home,1,1,1,1,0,0
CUST105736,22,male,salaried,6.8,105500,713,3,35,1,0,1,17600.0,0.445,0.203,481600.0,354800.0,185300,48,education,1,1,1,1,1,1
CUST105737,57,male,business,17.1,61100,657,0,0,0,0,0,6200.0,0.698,0.218,183200.0,47700.0,256300,36,business,1,1,1,1,1,0
CUST105738,22,male,salaried,7.7,74100,725,4,64,4,0,1,19700.0,0.176,0.614,37900.0,8100.0,464700,18,business,1,0,1,0,0,1
CUST105739,31,female,business,4.7,35000,656,2,33,1,0,1,9000.0,0.178,0.537,208600.0,60500.0,117700,12,home,1,1,1,1,0,0
CUST105740,36,male,contract,13.2,56200,744,1,14,1,0,3,17700.0,0.418,0.506,248700.0,162700.0,386200,36,personal,1,1,1,1,0,1
CUST105741,42,male,salaried,5.9,222700,710,4,37,3,0,1,47000.0,0.175,0.452,1352300.0,974500.0,964000,18,vehicle,1,1,1,1,1,1
CUST105742,38,male,contract,9.2,70400,737,0,0,0,0,2,23800.0,0.151,0.437,228900.0,182600.0,251700,36,personal,1,1,1,1,0,1
CUST105743,21,male,salaried,4.2,65400,597,4,60,8,0,2,16600.0,0.114,0.479,314500.0,280400.0,354100,24,vehicle,1,1,1,1,0,0
CUST105744,38,male,salaried,4.4,21100,696,3,43,2,0,0,7200.0,0.419,0.708,23500.0,12400.0,185500,24,business,1,1,1,1,0,0
CUST105745,60,male,salaried,9.5,111500,733,2,27,3,0,0,28800.0,0.141,0.437,546500.0,248000.0,719000,36,home,1,1,1,1,0,1
CUST105746,39,female,salaried,5.6,121700,717,3,37,5,0,1,31300.0,0.325,0.398,683900.0,319200.0,410200,24,personal,1,1,1,1,1,1
CUST105747,34,female,contract,3.9,73400,715,2,20,0,0,1,24700.0,0.542,0.483,37700.0,27900.0,387600,36,personal,1,1,1,1,1,1
CUST105748,48,male,self_employed,5.5,99000,787,3,33,0,0,1,20100.0,0.132,0.37,154300.0,90600.0,596700,36,personal,1,1,0,1,1,1
CUST105749,56,female,contract,30.0,258400,868,3,41,1,0,1,76500.0,0.316,0.556,1362500.0,1082100.0,1210400,18,vehicle,1,1,1,1,1,1
CUST105750,30,male,salaried,10.5,69800,664,2,25,1,0,0,15300.0,0.282,0.336,150500.0,61200.0,294000,36,education,1,1,1,1,1,1
CUST105751,53,male,business,10.8,49300,671,3,53,4,0,0,6100.0,0.227,0.51,31500.0,15600.0,342400,18,vehicle,1,1,1,1,1,0
CUST105752,38,male,salaried,8.0,88000,773,2,38,0,0,1,25800.0,0.145,0.602,260900.0,124900.0,652800,24,vehicle,1,1,1,1,1,1
CUST105753,27,male,salaried,8.2,34400,690,4,41,7,0,1,13000.0,0.425,0.455,75000.0,22500.0,190700,72,personal,1,1,1,1,0,0
CUST105754,35,female,salaried,9.1,80200,738,1,15,1,0,2,28500.0,0.517,0.568,139700.0,86200.0,204300,12,personal,1,1,1,1,0,1
CUST105755,44,female,salaried,10.1,49400,670,3,49,8,0,2,16000.0,0.419,0.409,186500.0,109500.0,152000,36,home_improvement,1,1,1,1,0,0
CUST105756,65,female,self_employed,5.8,130400,719,8,111,1,0,0,49300.0,0.443,0.45,732200.0,309800.0,448200,48,consumer,1,1,1,1,0,1
CUST105757,58,female,contract,10.1,28500,668,1,21,0,0,1,11000.0,0.505,0.401,3200.0,1200.0,20000,48,medical,1,1,1,1,1,0
CUST105758,28,male,salaried,2.8,78300,697,6,80,4,0,3,14700.0,0.581,0.286,229400.0,151100.0,277200,36,consumer,1,1,1,1,1,0
CUST105759,41,female,salaried,6.4,92800,698,2,34,6,0,0,20700.0,0.242,0.368,274200.0,76300.0,484900,36,vehicle,1,1,1,1,1,1
CUST105760,23,female,salaried,10.6,30500,644,4,45,3,0,2,5000.0,0.57,0.819,176200.0,55700.0,239900,12,home_improvement,1,1,1,1,1,0
CUST105761,43,female,salaried,3.7,81100,723,3,65,4,0,4,8600.0,0.35,0.196,93100.0,77000.0,350800,48,personal,1,1,1,1,0,1
CUST105762,29,male,salaried,13.7,102300,724,3,53,1,0,1,37700.0,0.619,0.391,214600.0,79200.0,81800,36,home,1,1,0,1,0,1
CUST105763,25,male,business,9.8,86200,726,2,36,4,0,0,10800.0,0.186,0.193,509100.0,280800.0,210200,36,education,1,1,1,1,0,1
CUST105764,53,female,contract,0.9,57300,646,3,26,4,0,3,4900.0,0.391,0.186,290100.0,237000.0,104100,18,home,1,1,1,1,0,0
CUST105765,62,female,business,5.0,76400,608,5,48,7,0,0,9500.0,0.037,0.255,200200.0,135000.0,477400,48,medical,1,1,1,1,0,0
CUST105766,28,male,self_employed,4.3,37500,756,5,60,0,0,1,6200.0,0.326,0.343,206200.0,51600.0,239600,36,vehicle,1,1,0,1,1,1
CUST105767,58,male,salaried,7.2,42600,720,3,59,4,0,2,4900.0,0.162,0.176,46000.0,14400.0,125100,48,education,1,1,1,1,1,1
CUST105768,47,male,business,7.9,66700,669,5,86,4,0,1,19700.0,0.274,0.479,48000.0,39900.0,73300,6,home_improvement,1,1,1,1,0,1
CUST105769,42,male,contract,7.0,59600,666,4,86,6,0,0,10900.0,0.262,0.567,401000.0,160700.0,274600,12,home_improvement,1,1,1,1,1,0
CUST105770,51,female,salaried,15.2,130400,681,2,18,2,0,2,32000.0,0.293,0.522,368600.0,205000.0,432500,12,business,1,1,1,1,1,1
CUST105771,31,female,self_employed,7.1,116300,768,1,18,0,0,0,24200.0,0.224,0.292,602100.0,446000.0,703300,72,vehicle,1,1,1,1,1,1
CUST105772,33,male,salaried,2.4,74700,781,4,56,0,0,0,14500.0,0.585,0.716,500700.0,428800.0,468100,12,home,1,1,1,1,0,1
CUST105773,51,male,business,5.7,80000,742,3,53,1,0,0,12000.0,0.492,0.24,98700.0,32500.0,260100,36,medical,1,1,1,0,0,1
CUST105774,58,male,business,4.8,126500,700,1,11,0,0,2,25900.0,0.402,0.39,123600.0,44300.0,842700,36,home,1,1,1,1,0,1
CUST105775,30,male,salaried,6.7,58900,749,3,65,4,0,0,9300.0,0.034,0.238,335300.0,234100.0,226100,48,consumer,1,1,1,1,0,1
CUST105776,63,male,salaried,6.5,65400,745,7,158,3,0,2,13600.0,0.265,0.285,313500.0,144900.0,362400,72,business,1,1,1,1,0,1
CUST105777,56,male,self_employed,3.5,58200,669,2,37,3,0,2,9100.0,0.517,0.282,125900.0,46100.0,263100,36,personal,1,1,1,1,1,0
CUST105778,32,female,salaried,13.6,26600,742,3,32,1,0,1,3600.0,0.547,0.215,75600.0,22300.0,76500,36,home_improvement,1,1,1,1,1,1
CUST105779,52,male,self_employed,4.4,67900,633,3,48,6,0,1,22500.0,0.558,0.509,236400.0,200100.0,145000,12,home,0,1,1,1,0,0
CUST105780,36,male,self_employed,5.4,58200,680,6,53,7,0,2,5000.0,0.48,0.262,283400.0,117700.0,246500,24,personal,1,1,1,1,1,0
CUST105781,38,male,business,7.3,27200,651,7,100,5,0,4,10300.0,0.393,0.433,107100.0,54700.0,89100,60,education,1,1,1,1,0,0
CUST105782,45,male,business,10.5,92600,762,5,75,0,0,1,7100.0,0.183,0.236,91100.0,40000.0,532700,36,business,1,1,1,1,0,1
CUST105783,24,male,salaried,6.2,81900,711,4,76,4,0,2,18200.0,0.419,0.785,279500.0,80600.0,553100,12,home,1,1,1,1,1,1
CUST105784,36,male,self_employed,8.2,57100,746,2,35,1,0,2,20100.0,0.514,1.051,132500.0,47400.0,239600,6,personal,1,1,1,1,0,1
CUST105785,22,female,salaried,20.2,70700,721,1,18,0,0,1,6500.0,0.369,0.146,47300.0,10600.0,91600,24,business,1,0,1,1,0,1
CUST105786,60,female,self_employed,9.4,98300,703,2,29,1,0,0,19300.0,0.234,0.45,49000.0,32900.0,298900,12,home_improvement,1,1,1,1,0,1
CUST105787,21,male,salaried,6.7,73800,682,1,14,3,0,2,13900.0,0.68,0.292,125200.0,43600.0,275300,36,business,1,1,1,1,0,0
CUST105788,65,female,salaried,6.7,39400,623,1,21,0,0,0,8200.0,0.263,0.262,100900.0,64500.0,126700,60,consumer,1,1,0,1,0,0
CUST105789,58,female,contract,9.3,117700,701,7,126,7,0,3,17000.0,0.67,0.168,469800.0,179300.0,166900,60,personal,1,1,1,1,1,1
CUST105790,42,male,business,8.2,59900,741,6,64,2,0,1,15900.0,0.134,0.43,317300.0,238400.0,355400,36,business,1,1,1,1,0,1
CUST105791,40,female,business,7.2,56000,690,6,114,6,0,0,9400.0,0.141,0.793,354500.0,107900.0,209900,6,education,1,1,1,1,0,0
CUST105792,52,male,salaried,6.7,122900,721,1,19,1,0,0,6100.0,0.447,0.089,114300.0,88500.0,346200,72,medical,1,1,0,1,1,1
CUST105793,39,female,salaried,1.0,51400,677,2,46,2,0,1,5100.0,0.207,0.605,228600.0,171400.0,311700,12,education,1,1,1,1,0,0
CUST105794,23,male,salaried,5.3,72400,662,2,24,2,0,1,10700.0,0.473,0.467,230300.0,139000.0,415900,18,education,1,1,1,1,0,0
CUST105795,35,female,business,6.8,53900,728,4,45,3,0,2,15700.0,0.565,0.534,154800.0,65000.0,313400,24,consumer,1,1,1,1,0,0
CUST105796,51,male,business,6.2,29200,705,1,11,2,0,1,2700.0,0.447,0.131,74300.0,40200.0,20000,18,vehicle,1,1,1,1,0,0
CUST105797,63,female,salaried,,88900,788,4,56,0,0,0,19500.0,0.387,0.298,269000.0,193700.0,417800,60,vehicle,1,1,1,1,0,1
CUST105798,29,female,salaried,6.7,45200,683,5,75,5,0,3,1100.0,0.775,0.057,300100.0,207500.0,71300,48,vehicle,1,1,1,1,1,0
CUST105799,63,male,self_employed,8.2,71100,625,6,84,12,0,0,15900.0,0.162,0.329,348100.0,77000.0,179600,24,medical,1,1,1,1,1,0
CUST105800,39,male,self_employed,2.5,131900,648,3,63,6,0,0,31600.0,0.204,0.333,825100.0,555200.0,441600,36,vehicle,1,1,1,1,1,0
CUST105801,23,male,salaried,1.6,35400,671,3,27,6,0,2,7100.0,0.502,0.283,130300.0,99900.0,140700,48,business,1,1,1,1,0,0
CUST105802,65,female,salaried,5.9,69700,729,2,28,2,0,0,7100.0,0.635,0.231,197400.0,76700.0,216100,24,personal,1,0,1,1,1,1
CUST105803,58,male,self_employed,12.4,66800,702,5,98,7,0,2,22000.0,0.225,0.49,215200.0,170900.0,386400,36,consumer,1,1,1,1,1,0
CUST105804,29,male,business,13.3,53000,738,0,0,0,0,1,9100.0,0.542,0.199,269800.0,222500.0,70400,48,business,1,1,1,1,1,1
CUST105805,28,male,salaried,13.7,25900,688,6,87,3,0,1,7800.0,0.369,1.165,173900.0,123900.0,134200,6,business,1,1,1,1,1,0
CUST105806,57,male,salaried,6.7,32000,763,1,16,0,0,2,11700.0,0.303,0.532,41000.0,30800.0,192000,36,home,1,1,1,1,1,1
CUST105807,45,male,salaried,8.8,47200,660,2,28,0,0,1,18000.0,0.267,0.48,272800.0,56800.0,280200,60,home,1,1,1,1,0,0
CUST105808,23,male,salaried,9.2,18300,613,4,45,3,0,1,7100.0,0.415,0.459,82700.0,52800.0,31100,24,home,1,1,1,1,0,0
CUST105809,58,female,salaried,6.8,49700,701,1,12,0,0,2,12500.0,0.377,0.318,59300.0,13800.0,78900,24,business,1,1,0,1,1,0
CUST105810,58,male,contract,2.8,61200,700,2,38,6,0,1,23300.0,0.146,0.4,361600.0,149000.0,56100,48,education,1,1,1,1,0,0
CUST105811,39,female,contract,6.0,26600,641,2,25,3,0,0,3400.0,0.155,0.19,86100.0,38900.0,99200,60,education,1,1,1,1,0,0
CUST105812,25,male,salaried,3.4,37100,750,3,55,2,0,1,0.0,0.694,0.123,186900.0,41500.0,218600,48,medical,0,1,1,1,0,0
CUST105813,35,female,business,8.1,38900,640,3,62,7,0,1,6500.0,0.156,0.318,79000.0,38600.0,211300,36,business,1,1,1,1,0,0
CUST105814,21,female,salaried,2.4,68900,644,3,29,1,0,2,20100.0,0.552,0.403,444500.0,391800.0,275200,36,consumer,1,1,1,1,0,0
CUST105815,22,male,salaried,2.6,34000,698,5,104,6,0,0,7100.0,0.632,0.355,38900.0,23100.0,179200,36,business,1,1,1,1,1,1
CUST105816,25,female,self_employed,14.0,70100,702,2,22,0,0,1,14300.0,0.349,0.366,77400.0,21000.0,273300,24,vehicle,1,1,1,1,1,1
CUST105817,24,male,self_employed,6.5,55900,694,3,60,3,0,0,9000.0,0.537,0.317,181000.0,129300.0,156600,18,home_improvement,1,1,1,1,1,0
CUST105818,53,male,salaried,3.9,92200,739,2,40,2,0,0,19500.0,0.288,1.052,274600.0,89300.0,464700,6,education,1,1,1,1,1,1
CUST105819,49,female,self_employed,12.7,100600,704,3,57,0,0,2,37500.0,0.739,0.523,604100.0,200000.0,724900,48,home,1,1,1,1,1,1
CUST105820,36,female,self_employed,4.9,47200,656,2,26,2,0,2,16800.0,0.447,0.403,89200.0,51000.0,159100,72,consumer,1,1,1,1,1,0
CUST105821,53,female,salaried,8.6,48900,704,3,57,3,0,2,7700.0,0.76,0.381,240700.0,102300.0,393100,36,home_improvement,1,1,1,1,1,0
CUST105822,27,male,salaried,20.5,72400,742,2,48,0,0,1,7600.0,0.514,0.214,61500.0,24400.0,283300,36,personal,1,1,1,1,1,1
CUST105823,58,female,business,1.9,85600,677,3,62,4,0,0,7900.0,0.131,0.138,398200.0,308100.0,139700,36,home_improvement,1,1,1,1,0,1
CUST105824,54,male,business,2.9,79900,660,2,39,1,0,3,5200.0,0.619,0.137,433600.0,95100.0,104000,18,home_improvement,1,1,1,1,0,0
CUST105825,50,female,self_employed,1.8,38500,701,2,29,1,0,1,7500.0,0.447,0.219,28800.0,22100.0,33300,36,vehicle,1,1,1,1,1,0
CUST105826,50,female,salaried,16.7,76800,696,3,44,1,0,0,25300.0,0.293,0.435,134700.0,104700.0,292100,36,business,1,1,1,1,0,1
CUST105827,65,male,self_employed,19.3,218000,761,4,39,1,0,0,48200.0,0.204,0.735,1125200.0,923200.0,1343800,12,education,1,1,1,1,0,1
CUST105828,25,male,salaried,6.6,107200,715,6,133,11,0,5,12900.0,0.604,0.482,742500.0,174200.0,697200,18,personal,1,1,1,1,1,0
CUST105829,55,male,salaried,4.7,53700,607,3,55,5,0,1,15100.0,0.1,0.388,238700.0,200200.0,275300,48,business,1,1,1,0,1,0
CUST105830,47,male,salaried,3.8,146100,757,4,85,3,0,1,31300.0,0.457,0.383,871800.0,475500.0,444100,18,home,1,1,1,1,1,1
CUST105831,43,female,business,14.1,54400,671,2,19,1,0,2,15800.0,0.205,0.538,117000.0,82800.0,161800,12,education,1,1,1,1,1,0
CUST105832,42,male,salaried,1.1,61500,663,3,44,10,0,2,14600.0,0.509,0.41,27300.0,23800.0,381800,36,consumer,1,1,1,1,0,0
CUST105833,59,male,salaried,9.8,45800,773,3,63,0,0,1,300.0,0.27,0.402,91600.0,61000.0,217600,12,business,1,1,1,1,0,1
CUST105834,60,male,salaried,7.1,127300,666,1,21,1,0,1,32800.0,0.384,0.316,434000.0,325800.0,267800,36,personal,1,1,1,1,0,1
CUST105835,30,female,salaried,7.4,60700,673,4,87,1,0,0,0.0,0.314,0.342,103000.0,35200.0,373600,18,home,1,1,1,1,0,0
CUST105836,60,female,salaried,7.2,64200,745,5,82,3,0,1,3200.0,0.403,0.107,214700.0,106900.0,131900,36,business,1,1,1,1,1,1
CUST105837,59,female,salaried,5.1,42500,710,5,63,2,0,1,14500.0,0.49,0.372,37800.0,14100.0,47700,36,business,1,1,1,1,0,0
CUST105838,40,male,contract,10.6,114500,726,4,54,2,0,3,44500.0,0.68,0.436,83600.0,39200.0,259300,48,personal,1,1,1,1,0,1
CUST105839,32,male,salaried,3.1,25300,662,2,37,3,0,0,2500.0,0.381,0.201,157600.0,117700.0,46400,18,business,1,0,1,1,1,0
CUST105840,45,female,self_employed,9.4,172500,722,4,50,2,0,1,42100.0,0.457,0.308,747500.0,224100.0,199900,18,vehicle,1,1,1,1,0,1
CUST105841,59,female,business,4.2,29300,653,2,20,2,0,0,3300.0,0.504,0.205,138900.0,43800.0,97800,36,vehicle,1,1,1,1,0,0
CUST105842,39,male,salaried,18.4,194700,801,2,34,0,0,0,31300.0,0.199,0.233,1164600.0,881000.0,505300,36,personal,0,1,1,1,0,1
CUST105843,55,male,salaried,11.4,152100,762,5,100,0,0,1,24000.0,0.339,0.196,560500.0,298600.0,211600,36,business,1,1,1,1,1,1
CUST105844,30,female,salaried,24.3,84300,777,3,32,1,0,0,17800.0,0.319,0.374,211900.0,58900.0,247100,18,business,1,1,1,1,0,1
CUST105845,60,male,salaried,8.7,38000,786,4,52,0,0,3,13000.0,0.305,0.521,61100.0,49900.0,163300,24,personal,1,1,1,1,1,1
CUST105846,53,male,salaried,8.8,68600,769,4,47,1,0,1,17600.0,0.299,0.319,73400.0,30300.0,155400,36,consumer,1,1,1,0,1,1
CUST105847,41,female,salaried,3.7,67200,695,0,0,0,0,2,15600.0,0.278,0.28,303700.0,108000.0,115000,36,home,1,1,1,1,0,0
CUST105848,51,male,contract,10.9,42000,747,0,0,0,0,1,10600.0,0.24,0.358,156900.0,92600.0,160300,36,business,1,1,1,1,0,0
CUST105849,31,male,salaried,6.6,39900,641,2,37,3,0,0,4400.0,0.184,0.185,167700.0,91400.0,178900,60,home,1,1,1,1,1,0
CUST105850,25,male,contract,10.2,69600,705,1,20,0,0,2,26700.0,0.199,0.569,187200.0,109500.0,310000,24,personal,1,1,1,1,1,1
CUST105851,21,female,contract,3.2,37400,738,2,25,1,0,1,12500.0,0.268,1.152,134500.0,31200.0,183400,6,education,1,1,1,1,1,1
CUST105852,57,female,salaried,9.8,93600,658,2,22,4,0,1,10100.0,0.159,0.366,250600.0,216100.0,580900,24,medical,1,1,1,1,1,1
CUST105853,52,female,salaried,6.3,42700,714,5,107,3,0,0,8000.0,0.217,0.274,239900.0,189200.0,132600,36,business,1,1,1,1,1,1
CUST105854,62,male,self_employed,2.2,38000,701,0,0,0,0,3,12800.0,0.506,0.605,175700.0,142000.0,183700,18,home_improvement,1,1,1,1,1,0
CUST105855,65,male,salaried,7.4,166500,709,1,16,0,0,2,56200.0,0.517,0.407,1091500.0,428600.0,275600,24,personal,1,1,1,1,1,1
CUST105856,39,female,business,16.1,149900,726,3,38,1,0,0,49500.0,0.536,0.44,991500.0,770000.0,592400,36,personal,1,1,1,1,0,1
CUST105857,29,female,contract,5.8,51000,651,4,82,6,0,2,3200.0,0.739,0.392,67300.0,23100.0,201800,12,personal,1,1,1,1,0,0
CUST105858,35,female,self_employed,7.8,51600,624,4,55,9,0,2,15400.0,0.292,0.325,350500.0,170100.0,97100,72,home,1,1,1,1,0,0
CUST105859,30,female,self_employed,9.0,24100,688,1,21,2,0,1,1500.0,0.395,0.135,134600.0,34500.0,84400,48,personal,1,1,1,1,0,0
CUST105860,30,male,salaried,4.9,26200,642,3,67,2,0,3,3900.0,0.389,0.242,168100.0,96800.0,117600,48,personal,1,1,0,1,1,0
CUST105861,65,male,self_employed,7.3,83800,621,4,39,5,0,0,18700.0,0.327,0.313,441400.0,359100.0,362900,48,medical,1,1,1,1,0,0
CUST105862,56,female,business,2.1,67000,657,2,34,6,0,0,7600.0,0.308,0.191,35100.0,20800.0,187300,36,education,1,1,1,1,1,0
CUST105863,38,male,salaried,9.0,24400,699,2,22,2,0,0,0.0,0.213,0.382,42900.0,21000.0,111800,12,personal,1,1,1,1,1,0
CUST105864,29,male,self_employed,19.1,41200,739,0,0,0,0,1,10400.0,0.41,0.336,273800.0,128900.0,206400,60,medical,1,1,1,1,1,1
CUST105865,56,male,salaried,10.6,44500,682,7,115,11,0,0,10600.0,0.513,0.338,26900.0,19500.0,159500,36,home,1,1,1,1,1,0
CUST105866,59,male,business,4.1,85900,642,0,0,0,0,1,26700.0,0.333,0.513,216900.0,111800.0,416600,24,personal,1,1,1,1,1,0
CUST105867,59,female,contract,8.2,63400,678,3,42,3,0,0,13600.0,0.358,0.353,162700.0,63800.0,316900,36,business,1,1,1,1,1,1
CUST105868,36,female,self_employed,2.6,174300,754,0,0,0,0,1,31300.0,0.662,0.357,115500.0,50900.0,1115000,36,medical,1,0,1,1,0,1
CUST105869,33,female,contract,6.4,48700,640,4,84,4,0,2,9100.0,0.526,0.263,195700.0,140100.0,89100,24,personal,1,1,1,1,1,0
CUST105870,29,female,salaried,22.1,41600,717,4,92,4,0,3,10100.0,0.893,0.299,38900.0,23800.0,84300,36,vehicle,1,1,1,1,0,1
CUST105871,31,male,business,8.4,104100,737,5,104,1,0,2,17100.0,0.397,0.27,363600.0,113300.0,529100,48,consumer,1,1,1,0,1,1
CUST105872,65,female,salaried,1.5,27700,619,2,41,7,0,1,4300.0,0.411,0.34,45800.0,14800.0,184700,36,personal,1,1,1,1,1,0
CUST105873,34,female,salaried,0.8,28800,592,1,18,3,0,0,6000.0,0.556,0.493,65200.0,32900.0,98500,12,education,1,1,1,1,1,0
CUST105874,59,female,self_employed,5.9,24900,662,3,66,3,0,1,8700.0,0.334,0.566,57000.0,20100.0,97000,18,education,1,1,1,1,1,0
CUST105875,30,female,self_employed,4.7,65600,682,2,33,1,0,1,26100.0,0.167,0.547,348800.0,187900.0,353200,36,vehicle,1,1,1,1,1,0
CUST105876,36,female,contract,7.8,150900,757,2,28,2,0,2,41000.0,0.901,0.409,98000.0,42000.0,996900,48,personal,1,1,1,1,1,1
CUST105877,39,female,salaried,3.4,55800,723,0,0,0,0,3,15000.0,0.361,0.321,306400.0,218600.0,174300,60,personal,1,1,1,1,1,0
CUST105878,31,female,business,13.6,48100,674,2,38,0,0,1,7200.0,0.159,0.675,199500.0,57900.0,151500,6,personal,1,1,1,1,0,0
CUST105879,41,male,salaried,4.7,39200,653,5,73,7,0,1,7500.0,0.45,0.862,261700.0,148400.0,157700,6,home,1,1,1,1,0,0
CUST105880,51,male,contract,7.3,79500,685,3,28,2,0,2,17400.0,0.16,0.532,296300.0,162100.0,299000,12,medical,1,1,0,1,0,1
CUST105881,46,female,salaried,8.2,38900,661,2,37,3,0,1,3900.0,0.119,0.17,38900.0,,130900,48,personal,1,1,1,1,0,0
CUST105882,48,male,salaried,14.4,60200,666,3,45,3,0,1,12600.0,0.257,0.344,289900.0,172700.0,292900,36,business,1,1,1,1,0,0
CUST105883,52,male,business,2.2,38900,644,7,63,7,0,2,10700.0,0.3,0.55,113400.0,72800.0,128200,12,home_improvement,1,1,1,1,1,0
CUST105884,58,female,self_employed,4.1,57200,705,3,53,1,0,0,16400.0,0.484,0.391,384700.0,297500.0,358800,60,home,1,1,1,1,0,1
CUST105885,64,male,contract,4.4,88600,662,3,50,1,0,0,20900.0,0.183,0.534,370800.0,245200.0,317400,12,business,1,1,1,1,1,1
CUST105886,48,female,salaried,10.4,51700,653,3,32,4,0,4,6600.0,0.658,0.268,261200.0,150700.0,348200,48,consumer,1,1,1,1,0,0
CUST105887,22,female,salaried,2.2,24800,720,3,28,2,0,2,1500.0,0.283,0.175,35600.0,28400.0,102200,36,personal,1,1,0,1,0,0
CUST105888,39,male,salaried,7.4,26700,720,4,44,0,0,2,1000.0,0.504,0.514,168100.0,148300.0,152600,12,personal,1,1,1,1,1,0
CUST105889,36,male,salaried,2.9,45200,663,3,39,0,0,3,15600.0,0.465,0.743,293500.0,175600.0,215800,12,vehicle,1,1,1,1,0,0
CUST105890,40,male,salaried,2.1,99400,653,0,0,0,0,0,15700.0,0.06,0.283,435700.0,131500.0,299000,24,education,1,1,1,1,0,0
CUST105891,33,male,self_employed,2.3,30900,649,4,52,0,0,0,10000.0,0.263,0.342,22900.0,8100.0,20000,36,education,1,1,1,0,1,0
CUST105892,34,male,business,10.6,32100,708,1,19,0,0,3,3000.0,0.2,0.236,237500.0,150400.0,164200,36,home,1,1,1,1,0,0
CUST105893,51,female,self_employed,6.1,33300,704,2,29,5,0,1,13000.0,0.45,0.524,198900.0,85100.0,106700,24,personal,1,1,1,1,1,0
CUST105894,30,male,business,14.1,38100,704,0,0,0,0,5,7800.0,0.298,0.369,76800.0,68000.0,112500,18,vehicle,1,1,1,1,0,0
CUST105895,46,male,salaried,2.3,41400,703,2,39,3,0,4,4000.0,0.33,0.223,125700.0,85500.0,188900,36,personal,1,1,1,1,1,0
CUST105896,36,male,salaried,13.8,52800,675,3,31,2,0,2,14700.0,0.3,0.312,171600.0,95600.0,85900,48,business,1,1,1,1,1,1
CUST105897,53,female,salaried,3.9,33100,668,2,32,4,0,2,6300.0,0.524,0.242,227600.0,110500.0,81700,48,vehicle,1,1,1,1,0,0
CUST105898,51,male,salaried,9.6,42400,666,3,51,3,0,2,13100.0,0.259,0.443,174200.0,110700.0,136300,24,personal,1,1,1,1,1,0
CUST105899,65,female,salaried,11.3,29100,725,1,20,1,0,0,0.0,0.533,0.135,203100.0,123100.0,141500,36,education,1,1,1,1,1,1
CUST105900,65,female,salaried,4.0,53100,672,4,44,0,0,1,12800.0,0.263,0.344,126600.0,91400.0,328000,60,personal,1,1,1,1,0,0
CUST105901,60,male,business,8.4,32100,645,3,25,5,0,2,1300.0,0.609,0.437,155700.0,50300.0,152900,12,personal,1,1,1,1,1,0
CUST105902,60,male,self_employed,1.6,58200,620,2,37,5,0,1,3500.0,0.165,0.235,283100.0,96100.0,366800,36,personal,1,0,1,1,0,0
CUST105903,35,male,salaried,12.8,50700,731,2,30,2,0,1,300.0,0.156,0.195,209600.0,60800.0,345900,36,personal,1,1,1,1,1,1
CUST105904,30,female,salaried,6.2,140400,768,5,84,1,0,3,28600.0,0.278,0.39,857500.0,555700.0,942300,36,vehicle,1,1,1,1,0,1
CUST105905,23,male,business,4.7,39000,718,2,24,0,0,0,9800.0,0.093,0.338,77000.0,67900.0,162200,48,education,1,1,1,1,1,1
CUST105906,56,female,contract,19.6,54400,696,1,13,1,0,0,4100.0,0.127,0.171,138300.0,60200.0,249300,48,home,1,1,1,1,1,1
CUST105907,65,female,self_employed,10.0,189200,766,5,120,0,0,4,27000.0,0.885,0.27,1236500.0,1019900.0,867400,36,education,1,1,1,1,0,1
CUST105908,26,male,self_employed,18.7,46200,693,3,31,2,0,0,14500.0,0.58,0.395,175200.0,152200.0,90200,24,education,1,0,1,1,0,1
CUST105909,21,male,contract,6.9,77400,627,2,39,3,0,3,28600.0,0.619,0.462,419500.0,255300.0,128400,18,consumer,1,1,1,1,1,0
CUST105910,60,male,self_employed,4.7,95700,685,1,21,0,0,0,19700.0,0.363,0.284,62800.0,24700.0,179700,24,medical,1,1,1,1,1,1
CUST105911,65,male,salaried,10.0,38000,612,2,34,4,0,4,15200.0,0.199,0.492,226100.0,118500.0,167400,48,medical,1,1,1,1,1,0
CUST105912,33,female,salaried,11.8,105100,745,4,62,2,0,0,1500.0,0.153,0.346,242300.0,58100.0,418300,12,vehicle,1,1,1,1,0,1
CUST105913,23,female,salaried,6.1,63100,711,2,35,1,0,2,11900.0,0.428,0.232,82700.0,62100.0,199300,72,personal,1,1,1,1,1,1
CUST105914,42,female,business,20.9,57500,736,4,62,2,0,4,9200.0,0.572,0.207,326600.0,99100.0,97300,36,vehicle,1,1,1,0,1,1
CUST105915,42,male,salaried,4.9,70600,701,3,32,1,0,0,22400.0,0.514,0.664,155300.0,105200.0,293800,12,vehicle,1,1,1,1,1,0
CUST105916,27,male,business,3.0,75100,733,3,52,2,0,3,18100.0,0.436,0.376,314900.0,174000.0,487800,48,home,1,1,1,1,1,1
CUST105917,48,female,contract,4.9,90300,738,1,18,1,0,0,12700.0,0.563,0.278,212400.0,68200.0,444900,36,home,1,1,1,1,1,1
CUST105918,43,male,salaried,4.9,87700,746,1,21,2,0,0,29500.0,0.133,0.69,441200.0,342700.0,558200,18,education,1,1,1,1,1,1
CUST105919,34,female,salaried,5.7,79400,738,1,15,0,0,0,9600.0,0.191,0.295,171800.0,139100.0,496200,36,personal,1,1,1,1,0,1
CUST105920,64,female,salaried,6.6,58600,709,6,70,2,0,1,19200.0,0.648,0.429,380200.0,301600.0,214400,36,personal,0,1,1,1,1,0
CUST105921,56,female,self_employed,9.9,72500,701,3,44,1,0,0,13300.0,0.572,0.208,487500.0,197000.0,105700,60,vehicle,1,1,1,1,0,1
CUST105922,59,female,business,3.4,16700,654,1,16,0,0,1,8100.0,0.495,1.039,20400.0,12000.0,111000,12,personal,1,1,1,1,1,0
CUST105923,42,female,self_employed,8.2,56200,673,4,77,3,0,2,1600.0,0.329,0.602,105400.0,45900.0,386700,12,business,1,1,1,1,0,0
CUST105924,38,male,salaried,0.8,92600,668,2,45,3,0,2,5200.0,0.509,0.163,410100.0,195700.0,356400,36,home_improvement,1,1,1,1,0,0
CUST105925,35,male,salaried,9.4,32400,685,4,74,2,0,0,14800.0,0.531,0.599,56600.0,19800.0,165800,36,education,1,1,1,1,0,0
CUST105926,25,female,business,6.4,51100,739,3,54,6,0,0,13900.0,0.358,0.337,5700.0,4200.0,160000,48,business,1,1,1,1,1,1
CUST105927,61,male,self_employed,3.0,85400,715,1,16,1,0,2,16100.0,0.355,0.21,275700.0,197500.0,107700,60,vehicle,1,1,1,1,0,1
CUST105928,48,male,business,6.9,62000,679,2,23,1,0,1,8600.0,0.231,0.238,104300.0,26200.0,371000,60,personal,1,1,1,1,1,0
CUST105929,42,male,salaried,6.4,47400,703,0,0,0,0,2,6700.0,0.229,0.507,210700.0,83400.0,208200,12,personal,1,1,1,1,1,0
CUST105930,53,male,salaried,16.8,65500,664,1,9,1,0,0,20000.0,0.111,0.445,178400.0,92200.0,329900,36,personal,1,1,1,1,0,1
CUST105931,30,female,self_employed,4.8,96500,639,3,39,6,0,3,28300.0,0.562,0.428,229800.0,80000.0,468300,36,home_improvement,1,1,1,1,0,0
CUST105932,61,male,salaried,8.3,90700,716,3,33,0,0,3,26600.0,0.682,0.438,53400.0,23400.0,472700,36,home,1,1,1,1,1,1
CUST105933,61,male,business,8.9,53900,677,2,30,2,0,0,9400.0,0.11,0.385,38800.0,10300.0,408500,36,home,1,1,1,1,1,1
CUST105934,55,male,salaried,8.4,28400,653,1,22,2,0,1,3600.0,0.23,0.398,137800.0,,92600,12,personal,1,1,1,1,0,0
CUST105935,27,male,salaried,7.6,63200,729,5,89,6,0,0,17900.0,0.138,0.406,263600.0,100600.0,278500,36,education,1,1,1,1,1,1
CUST105936,61,female,business,5.0,41800,767,4,52,0,0,2,6000.0,0.274,0.216,92000.0,25700.0,181300,60,personal,1,1,1,1,0,1
CUST105937,34,female,salaried,5.4,124400,692,5,82,3,0,1,42600.0,0.233,0.433,809600.0,246800.0,202600,18,vehicle,1,1,1,1,1,1
CUST105938,54,male,salaried,,105200,698,0,0,0,0,2,26000.0,0.53,0.285,398800.0,160100.0,143200,36,consumer,1,1,1,1,0,0
CUST105939,36,female,salaried,5.2,56600,691,2,34,2,0,1,14800.0,0.198,0.483,268300.0,83000.0,301100,24,vehicle,1,1,1,1,0,0
CUST105940,37,male,salaried,1.3,49200,665,2,19,3,0,2,14800.0,0.335,0.424,317900.0,119300.0,145000,24,vehicle,1,1,1,1,1,0
CUST105941,45,male,self_employed,4.1,50300,698,0,0,0,0,2,17900.0,0.559,0.472,77100.0,30400.0,210800,36,education,1,1,1,1,0,0
CUST105942,64,male,salaried,8.3,53500,675,4,71,1,0,1,12700.0,0.063,0.394,51800.0,46400.0,201100,24,business,1,1,1,1,0,1
CUST105943,43,male,self_employed,13.8,55600,731,3,71,1,0,1,15200.0,0.323,0.502,90500.0,60200.0,152400,12,business,1,1,0,1,1,1
CUST105944,33,male,self_employed,8.9,34100,670,6,58,2,0,2,7700.0,0.491,0.282,121000.0,96700.0,69000,36,medical,1,1,1,1,1,0
CUST105945,65,male,salaried,4.2,50800,646,4,61,3,0,0,1500.0,0.189,0.074,47100.0,12500.0,108700,48,vehicle,1,1,1,1,1,1
CUST105946,42,male,business,5.7,217700,784,2,36,0,0,2,20500.0,0.311,0.183,964400.0,373500.0,1160800,60,vehicle,1,1,1,1,0,1
CUST105947,48,male,salaried,6.6,79900,682,2,30,2,0,2,20500.0,0.65,0.356,442400.0,193200.0,381600,48,personal,1,1,1,1,0,1
CUST105948,49,male,salaried,19.6,55900,678,2,20,2,0,0,12900.0,0.563,0.425,414700.0,305300.0,195600,18,medical,1,1,1,1,0,1
CUST105949,58,male,self_employed,10.2,67500,670,0,0,0,0,4,11900.0,0.503,0.217,173100.0,64200.0,165600,60,vehicle,1,1,1,1,1,0
CUST105950,48,female,salaried,2.5,69200,715,1,15,1,0,3,15600.0,0.695,0.313,193800.0,142800.0,291300,48,personal,1,1,1,1,1,1
CUST105951,26,female,salaried,1.9,31000,627,7,112,7,0,2,5800.0,0.413,0.547,56100.0,27000.0,134000,12,education,1,1,1,0,0,0
CUST105952,51,female,salaried,6.0,64600,676,2,36,4,0,1,4700.0,0.128,0.196,227900.0,135100.0,286400,36,home_improvement,1,1,1,1,0,0
CUST105953,37,female,salaried,5.0,95300,796,0,0,0,0,2,32000.0,0.513,0.357,551300.0,479600.0,123500,60,business,1,1,1,1,0,1
CUST105954,46,male,self_employed,15.5,92300,717,2,29,1,0,0,21300.0,0.499,0.311,591400.0,529300.0,178700,24,home,1,1,1,1,0,1
CUST105955,29,female,self_employed,9.4,72900,637,5,73,2,0,1,10600.0,0.359,0.414,137200.0,113200.0,235000,12,vehicle,1,1,1,1,1,0
CUST105956,26,male,self_employed,10.1,25500,708,4,58,2,0,0,9100.0,0.049,0.444,138700.0,,107200,48,home_improvement,1,1,1,1,1,1
CUST105957,39,female,business,4.5,56500,713,3,66,6,0,1,800.0,0.227,0.206,177400.0,86100.0,194600,18,business,1,1,1,1,1,1
CUST105958,57,female,business,5.7,98900,638,4,61,7,0,0,36900.0,0.359,0.414,498200.0,245300.0,196400,48,business,1,1,1,1,0,0
CUST105959,61,male,business,11.6,26000,617,5,45,5,0,1,500.0,0.47,0.254,47800.0,20700.0,146800,24,home,1,1,1,1,0,0
CUST105960,52,male,contract,10.1,74800,664,2,22,4,0,2,15400.0,0.214,0.301,307000.0,191400.0,255400,36,education,1,1,1,1,1,0
CUST105961,31,female,salaried,2.8,50700,683,3,32,1,0,0,20000.0,0.276,0.502,231200.0,106700.0,260500,48,personal,1,0,1,1,1,0
CUST105962,27,female,business,4.4,127700,707,1,17,1,0,1,23900.0,0.203,0.354,768300.0,316200.0,512300,24,vehicle,1,1,1,1,0,1
CUST105963,30,male,self_employed,9.3,35900,731,6,135,3,0,2,5700.0,0.38,0.244,125800.0,61200.0,146200,48,personal,1,1,1,1,1,1
CUST105964,50,male,salaried,8.8,50600,747,2,22,0,0,2,4200.0,0.84,0.233,21600.0,16500.0,273100,36,vehicle,1,1,1,1,0,1
CUST105965,54,female,salaried,12.7,35100,708,2,39,1,0,2,2600.0,0.464,0.219,228700.0,170100.0,183200,36,home_improvement,1,1,1,1,1,1
CUST105966,31,male,salaried,7.3,64300,713,2,39,3,0,2,7600.0,0.383,0.273,250500.0,185700.0,239600,24,home,1,1,1,1,0,1
CUST105967,26,female,salaried,13.8,93000,757,1,19,0,0,1,23200.0,0.327,0.703,303000.0,66100.0,506000,12,business,1,1,1,1,0,1
CUST105968,44,male,self_employed,6.7,54100,629,2,35,3,1,0,9300.0,0.517,0.251,60300.0,15100.0,102600,24,home,1,1,1,1,1,0
CUST105969,48,male,business,1.2,39600,670,1,12,1,0,1,6400.0,0.467,0.297,202400.0,49700.0,128200,24,home,1,1,1,1,0,0
CUST105970,41,female,contract,,80500,646,3,64,8,0,2,7100.0,0.387,0.194,273500.0,126500.0,307300,36,business,1,1,1,1,0,0
CUST105971,58,female,business,16.0,31400,721,1,13,1,0,0,9000.0,0.311,0.379,87700.0,66000.0,104400,36,home,1,1,1,1,1,1
CUST105972,29,male,salaried,2.3,65200,687,1,19,0,0,1,5500.0,0.33,1.152,379300.0,337700.0,417500,6,personal,1,1,1,1,0,0
CUST105973,56,male,contract,2.7,48400,745,2,36,0,0,3,7300.0,0.329,0.659,259300.0,136700.0,295300,12,education,1,1,1,1,0,0
CUST105974,39,male,salaried,10.6,29900,675,3,34,2,0,1,8800.0,0.487,0.36,204100.0,97400.0,47000,24,home,1,1,1,1,1,0
CUST105975,36,male,salaried,12.0,48800,730,4,63,1,0,3,2800.0,0.377,0.242,142800.0,81700.0,215700,24,consumer,1,1,1,1,1,1
CUST105976,34,male,salaried,4.8,35700,664,3,52,2,0,2,6700.0,0.284,0.525,174600.0,41000.0,216900,18,home,1,1,1,1,1,0
CUST105977,40,male,salaried,0.3,76200,712,3,62,1,0,2,16400.0,0.606,0.25,369300.0,198500.0,159200,60,medical,1,1,1,1,1,1
CUST105978,54,female,salaried,4.9,39500,584,1,13,0,0,2,1900.0,0.658,0.18,88300.0,69900.0,250700,48,medical,1,1,1,1,1,0
CUST105979,62,male,salaried,4.4,41300,641,2,20,2,0,2,10800.0,0.568,0.291,53500.0,38600.0,72400,60,education,1,1,1,1,0,0
CUST105980,23,female,business,7.4,53200,666,5,55,5,0,1,18600.0,0.085,0.565,126900.0,48200.0,274600,24,personal,1,1,1,1,1,0
CUST105981,51,male,salaried,9.5,100500,695,2,22,0,0,3,31200.0,0.344,0.513,595700.0,373300.0,734200,36,education,1,1,1,1,0,0
CUST105982,35,male,salaried,1.6,103900,647,0,0,0,0,2,19100.0,0.456,0.284,642900.0,149400.0,250400,24,home_improvement,1,1,1,1,0,0
CUST105983,44,female,salaried,1.7,119100,700,4,39,5,0,3,21300.0,0.227,0.232,664000.0,446000.0,229200,36,personal,1,1,1,1,1,0
CUST105984,22,female,business,5.6,100300,756,3,37,2,0,0,25100.0,0.136,0.331,237400.0,159300.0,293300,36,vehicle,1,1,1,1,0,1
CUST105985,25,male,salaried,5.5,21000,643,2,19,3,0,0,200.0,0.432,0.07,74100.0,20400.0,30400,24,home,1,1,1,1,1,0
CUST105986,49,male,salaried,2.1,65200,710,7,156,5,0,0,5600.0,0.505,0.257,346500.0,84300.0,401700,36,personal,1,0,1,1,1,1
CUST105987,24,female,salaried,10.3,67000,699,2,24,2,0,0,19200.0,0.089,0.375,167000.0,141500.0,284000,48,personal,1,1,0,1,0,0
CUST105988,62,male,contract,5.1,78900,660,2,19,3,0,0,28900.0,0.524,0.411,413000.0,147700.0,169700,48,home,1,1,1,1,1,0
CUST105989,51,female,business,4.6,48300,662,4,67,5,0,2,5400.0,0.299,0.141,291500.0,95600.0,34400,24,business,1,1,1,1,0,0
CUST105990,45,male,self_employed,10.8,93800,665,5,64,6,0,2,18000.0,0.746,1.014,491400.0,336900.0,462400,6,home,1,1,1,1,1,0
CUST105991,60,female,self_employed,11.9,25700,626,4,62,6,0,2,1600.0,0.117,0.473,136900.0,104900.0,190000,18,home_improvement,1,1,1,1,0,0
CUST105992,62,male,salaried,7.0,71800,738,2,44,4,0,0,22600.0,0.12,0.787,183500.0,151000.0,407100,12,consumer,1,1,1,1,1,1
CUST105993,52,female,salaried,5.1,71000,646,2,31,3,0,2,17700.0,0.689,0.322,266200.0,175400.0,246600,48,home_improvement,1,1,1,1,1,0
CUST105994,48,male,salaried,12.4,199600,686,4,58,2,0,1,72000.0,0.102,0.618,1094400.0,596000.0,1233200,24,medical,1,1,1,1,1,1
CUST105995,35,male,contract,4.2,85800,698,5,103,7,0,0,16000.0,0.307,0.321,320600.0,154700.0,276100,24,personal,1,1,1,1,1,1
CUST105996,58,male,contract,8.5,74500,660,2,25,1,0,2,18500.0,0.342,0.256,542700.0,252700.0,20000,36,personal,1,1,1,1,1,1
CUST105997,25,female,salaried,6.1,72500,661,1,17,1,0,3,15900.0,0.196,0.286,276000.0,137600.0,115600,24,vehicle,1,1,1,1,1,1
CUST105998,43,female,salaried,7.9,123800,721,7,67,3,0,2,34300.0,0.589,0.369,300300.0,141000.0,821400,72,personal,1,0,1,1,0,1
CUST105999,48,male,salaried,8.1,72100,685,3,53,1,0,3,16400.0,0.241,0.408,284800.0,80100.0,469800,36,personal,1,1,1,1,0,0
CUST106000,59,male,self_employed,6.8,75200,671,1,16,1,0,1,10600.0,0.468,0.277,180300.0,37800.0,367000,36,home_improvement,1,1,1,1,1,1
CUST106001,40,female,self_employed,7.1,111400,683,2,26,0,0,2,35500.0,0.177,0.582,498800.0,260300.0,528300,18,personal,1,1,1,1,1,1
CUST106002,25,female,salaried,5.3,62000,671,3,34,2,0,0,6000.0,0.408,0.204,324400.0,83800.0,159900,24,home,1,1,1,1,1,1
CUST106003,27,male,salaried,13.3,119600,770,0,0,0,0,1,17000.0,0.598,0.175,588300.0,456100.0,234100,60,education,1,1,1,0,1,1
CUST106004,42,female,self_employed,2.2,57100,618,1,20,1,0,0,18900.0,0.265,0.675,117300.0,41000.0,353100,18,business,1,1,1,1,1,0
CUST106005,43,male,salaried,0.9,45400,635,1,17,3,0,1,15500.0,0.155,0.37,337100.0,175600.0,76700,60,consumer,1,1,1,1,0,0
CUST106006,33,female,business,7.2,94600,709,5,99,6,0,1,26200.0,0.266,0.438,607100.0,485300.0,547300,36,home,1,1,1,1,1,1
CUST106007,24,female,business,17.5,35300,694,5,77,3,0,3,7600.0,0.451,0.768,281800.0,77300.0,117100,6,medical,1,1,1,1,1,0
CUST106008,32,male,salaried,7.3,96500,760,4,90,2,0,3,29700.0,0.201,0.372,568800.0,426900.0,372500,60,business,1,1,1,1,0,1
CUST106009,52,male,salaried,16.4,72600,714,5,61,4,0,2,22600.0,0.913,0.382,365300.0,83600.0,247100,48,personal,1,1,1,1,1,1
CUST106010,47,female,salaried,7.9,51200,673,1,10,0,0,0,18500.0,0.175,0.863,118800.0,50700.0,154200,6,home_improvement,1,1,1,1,0,0
CUST106011,29,male,salaried,11.7,35700,660,4,62,6,0,1,15300.0,0.525,0.49,96200.0,81600.0,157300,72,personal,1,1,1,1,1,0
CUST106012,26,female,self_employed,10.2,84900,692,5,81,4,0,3,11400.0,0.315,0.464,258200.0,65700.0,503300,18,medical,1,1,1,1,1,1
CUST106013,63,female,salaried,8.7,40500,623,4,43,5,0,2,4600.0,0.57,0.234,171100.0,65500.0,234100,48,personal,1,1,1,1,0,0
CUST106014,61,female,salaried,7.5,42100,737,3,47,1,0,1,8100.0,0.285,0.268,89900.0,66100.0,229500,72,medical,1,1,1,1,1,1
CUST106015,45,female,salaried,6.3,71000,701,3,32,4,0,0,20500.0,0.287,0.32,367200.0,241700.0,54000,24,business,1,1,1,1,1,1
CUST106016,35,female,salaried,2.1,100500,652,1,13,2,0,2,26200.0,0.76,0.312,629900.0,519400.0,312300,60,consumer,1,1,1,1,0,0
CUST106017,51,female,business,1.8,167700,769,3,60,0,0,1,32100.0,0.37,0.321,425400.0,113700.0,392600,18,personal,1,1,1,1,1,1
CUST106018,24,female,self_employed,18.0,59900,738,2,44,2,0,4,21600.0,0.536,0.44,311400.0,177800.0,227300,48,home_improvement,1,1,1,1,1,1
CUST106019,34,female,salaried,11.7,44000,685,2,38,4,0,1,2800.0,0.283,0.56,48400.0,20800.0,261900,12,business,1,1,1,1,1,0
CUST106020,31,male,self_employed,5.5,44300,659,5,93,7,0,4,13500.0,0.368,0.593,221300.0,99400.0,306000,24,personal,1,1,1,1,1,0
CUST106021,37,male,salaried,2.7,89800,647,4,78,6,0,0,9500.0,0.42,0.251,405200.0,342200.0,156300,12,personal,1,0,1,1,0,0
CUST106022,37,male,self_employed,5.9,89000,705,4,56,0,0,2,8700.0,0.374,0.289,296300.0,237900.0,409000,24,vehicle,1,1,1,1,1,1
CUST106023,65,female,salaried,9.3,164600,772,4,50,2,0,2,47800.0,0.401,0.331,966700.0,450600.0,242500,36,vehicle,1,1,1,1,0,1
CUST106024,39,male,salaried,3.7,47300,626,4,75,5,0,1,600.0,0.395,0.242,128100.0,54600.0,259900,24,education,1,1,1,1,1,0
CUST106025,46,female,self_employed,3.9,48700,689,3,38,4,0,2,7800.0,0.318,0.192,298600.0,257700.0,74200,48,personal,1,1,1,0,1,0
CUST106026,21,male,salaried,6.0,39000,730,2,32,2,0,1,6500.0,0.168,0.234,57600.0,19300.0,62700,24,personal,1,1,1,1,0,1
CUST106027,23,male,salaried,16.3,22400,701,2,28,0,0,2,0.0,0.581,0.128,71100.0,36700.0,103400,36,education,1,1,1,1,1,1
CUST106028,29,male,salaried,12.7,74000,720,5,82,3,0,0,3600.0,0.251,0.145,95000.0,61000.0,343500,48,personal,1,1,1,1,0,1
CUST106029,39,male,salaried,6.5,21300,620,3,41,4,0,2,9400.0,0.306,1.49,30500.0,24500.0,134000,6,personal,1,1,1,1,1,0
CUST106030,45,male,salaried,14.9,54700,757,0,0,0,0,1,17600.0,0.641,0.577,161700.0,74600.0,83700,6,personal,1,1,1,1,1,1
CUST106031,61,female,contract,22.4,142700,630,1,22,1,0,1,47000.0,0.102,0.536,130000.0,63100.0,706000,24,consumer,1,1,1,1,0,1
CUST106032,33,male,self_employed,5.0,56400,605,2,34,2,0,1,600.0,0.573,0.059,216200.0,185700.0,162600,60,education,1,1,1,1,1,0
CUST106033,48,female,salaried,3.6,59200,659,2,40,2,0,1,17700.0,0.479,0.353,176100.0,60100.0,115200,36,personal,1,1,1,1,1,0
CUST106034,37,male,self_employed,12.8,68700,784,2,41,1,0,0,0.0,0.253,0.165,149700.0,93900.0,409000,36,consumer,1,1,1,1,0,1
CUST106035,43,male,salaried,6.0,49000,706,3,60,3,0,1,5800.0,0.306,0.35,44700.0,20900.0,136400,12,medical,1,1,1,1,0,1
CUST106036,51,male,contract,8.2,78700,702,3,69,3,0,1,15300.0,0.419,0.274,394800.0,331000.0,150800,24,medical,1,1,1,1,1,1
CUST106037,60,male,salaried,1.0,52900,718,1,20,4,0,1,3600.0,0.132,0.425,55100.0,48000.0,339700,18,home_improvement,1,1,1,1,0,1
CUST106038,54,male,self_employed,7.1,55900,798,2,30,0,0,3,13600.0,0.264,0.393,265000.0,192900.0,301900,36,personal,1,1,1,1,1,1
CUST106039,31,female,self_employed,15.5,55500,718,2,41,1,0,0,17000.0,0.175,0.382,68600.0,46700.0,50300,12,education,1,1,1,1,1,1
CUST106040,45,female,self_employed,4.1,44100,729,1,16,1,0,1,7000.0,0.342,0.235,267400.0,54300.0,202200,60,personal,1,1,1,1,1,1
CUST106041,37,male,salaried,14.3,55400,756,1,20,0,0,2,4300.0,0.241,0.17,403400.0,113800.0,246100,48,personal,1,1,1,1,1,1
CUST106042,39,female,contract,6.0,96000,715,1,13,2,0,0,32400.0,0.442,0.356,265200.0,84800.0,130400,72,vehicle,1,1,1,1,1,1
CUST106043,56,male,salaried,11.6,141300,763,3,70,2,0,3,43200.0,0.332,0.39,625900.0,347200.0,568500,48,business,1,1,1,1,1,1
CUST106044,40,male,salaried,11.3,125200,753,2,44,2,0,0,21100.0,0.472,0.252,836700.0,553900.0,498900,48,medical,1,0,1,1,1,1
CUST106045,41,female,salaried,11.0,17400,670,2,20,0,0,2,600.0,0.514,0.082,16800.0,3800.0,20000,24,personal,1,1,1,1,1,0
CUST106046,34,male,contract,12.4,52000,663,1,16,0,0,1,2900.0,0.406,0.152,266800.0,131000.0,120700,24,vehicle,1,1,1,1,1,1
CUST106047,39,female,self_employed,1.5,40800,660,5,66,4,0,0,12900.0,0.234,0.326,237100.0,148500.0,20000,48,personal,1,1,1,1,1,0
CUST106048,65,female,salaried,11.4,115000,786,4,79,1,0,1,25300.0,0.473,0.4,691200.0,508200.0,372900,18,medical,1,1,1,1,0,1
CUST106049,36,male,salaried,3.8,71500,665,3,32,4,0,0,9700.0,0.188,0.197,478800.0,225300.0,265100,60,home_improvement,1,1,1,1,0,1
CUST106050,26,male,business,4.6,35500,639,2,32,0,0,0,2700.0,0.302,0.344,79600.0,21200.0,228100,24,education,1,1,1,1,0,0
CUST106051,21,female,contract,9.8,29000,780,1,20,0,0,0,5500.0,0.45,0.256,195100.0,156600.0,115700,60,home_improvement,1,1,1,1,0,1
CUST106052,57,female,salaried,13.6,111300,688,2,26,2,0,0,7000.0,0.273,0.177,577300.0,192600.0,457500,36,personal,1,1,1,1,0,1
CUST106053,26,female,contract,5.6,55300,739,8,165,3,0,2,10000.0,0.42,0.356,40700.0,9300.0,348300,36,vehicle,1,1,1,1,1,1
CUST106054,34,female,self_employed,13.6,103600,709,6,115,5,0,0,25600.0,0.099,0.485,72900.0,57300.0,590900,24,vehicle,1,1,1,1,1,1
CUST106055,24,male,salaried,11.3,26600,712,6,89,1,0,3,4300.0,0.224,0.257,29200.0,21100.0,152000,60,vehicle,1,0,1,1,0,0
CUST106056,59,male,salaried,11.4,59200,580,1,18,4,0,1,15600.0,0.085,0.288,249700.0,123400.0,87100,60,personal,1,1,0,1,0,0
CUST106057,24,male,salaried,5.1,208000,769,3,66,3,0,0,29900.0,0.168,0.322,561400.0,245100.0,667700,18,business,1,1,1,1,0,1
CUST106058,63,male,salaried,3.0,54700,748,2,43,1,0,1,5300.0,0.211,0.225,257000.0,222500.0,251900,36,personal,1,1,1,1,0,1
CUST106059,49,female,salaried,11.0,99400,727,3,29,1,0,1,27000.0,0.378,0.33,284800.0,99200.0,280200,48,personal,1,1,1,1,0,1
CUST106060,49,female,business,5.3,44700,629,5,49,1,0,2,16900.0,0.362,0.471,133100.0,72700.0,150300,36,home,1,1,1,1,1,0
CUST106061,39,female,salaried,3.0,40800,716,3,44,1,0,2,10600.0,0.265,0.975,38000.0,18900.0,175100,6,business,1,1,1,1,0,0
CUST106062,58,male,salaried,30.0,79400,753,2,32,0,0,2,13100.0,0.369,0.207,369100.0,138900.0,238500,72,business,1,1,1,1,0,1
CUST106063,27,male,contract,8.0,68900,707,4,63,5,0,0,11900.0,0.277,0.265,473400.0,356700.0,456000,72,business,1,1,1,1,1,1
CUST106064,59,female,business,13.2,45600,760,0,0,0,0,2,17600.0,0.281,0.455,98400.0,30300.0,188500,60,home_improvement,1,1,1,1,0,1
CUST106065,65,male,contract,13.2,41300,728,4,78,2,0,2,4900.0,0.163,0.196,238200.0,178000.0,38500,12,personal,1,1,1,1,0,1
CUST106066,35,male,salaried,10.4,65000,703,4,62,2,0,0,15500.0,0.284,0.351,417500.0,335600.0,440300,60,home,1,1,1,1,1,1
CUST106067,49,male,salaried,2.0,101400,650,7,71,6,0,1,16300.0,0.419,1.234,616900.0,503000.0,653200,6,consumer,1,1,1,1,1,0
CUST106068,25,male,self_employed,6.1,53000,687,4,46,2,0,2,20100.0,0.233,0.57,48900.0,40000.0,363200,36,home,1,1,1,1,0,0
CUST106069,29,male,self_employed,17.1,68900,747,1,24,0,0,1,23400.0,0.214,0.417,249400.0,76100.0,192300,36,vehicle,1,1,1,1,1,1
CUST106070,64,male,contract,8.7,63100,710,0,0,0,0,1,9000.0,0.157,0.248,316700.0,235900.0,159000,24,personal,1,1,1,1,1,0
CUST106071,44,female,salaried,2.8,45600,667,2,24,2,0,3,2300.0,0.874,0.111,220300.0,139900.0,166600,60,business,1,1,0,1,0,0
CUST106072,54,female,salaried,17.4,56100,678,1,20,1,0,2,12900.0,0.424,0.328,290900.0,138100.0,394200,72,personal,1,1,1,1,1,1
CUST106073,45,male,business,9.0,56200,714,3,63,3,0,1,19700.0,0.43,0.426,315500.0,,254300,60,personal,1,1,1,1,1,1
CUST106074,60,female,salaried,2.2,46900,706,5,83,2,0,1,12100.0,0.183,0.278,46300.0,16700.0,67200,72,education,1,1,1,1,1,1
CUST106075,34,male,salaried,15.3,91300,762,4,79,1,0,0,15100.0,0.41,0.327,575600.0,,531000,36,vehicle,1,1,1,1,1,1
CUST106076,21,female,salaried,3.5,115900,647,1,10,1,1,0,39600.0,0.251,0.359,708100.0,561400.0,148000,72,business,1,1,1,1,0,0
CUST106077,52,female,salaried,3.5,48700,697,3,34,2,0,1,6300.0,0.28,0.379,143800.0,91700.0,292100,24,business,1,1,0,1,1,0
CUST106078,55,male,business,7.6,37600,688,5,63,7,0,1,16100.0,0.759,0.54,290000.0,89000.0,50600,12,medical,1,1,1,1,0,0
CUST106079,58,male,salaried,8.4,126600,640,5,99,6,0,1,10200.0,0.222,0.244,381500.0,174500.0,743400,36,home_improvement,1,1,1,1,1,1
CUST106080,55,male,salaried,20.2,46800,680,2,35,3,0,2,12700.0,0.319,0.436,71700.0,32400.0,184900,24,consumer,1,1,1,1,1,0
CUST106081,23,male,salaried,13.9,56500,617,1,14,0,0,1,19800.0,0.141,0.503,148200.0,68800.0,310900,36,vehicle,1,1,1,1,1,0
CUST106082,54,female,business,3.7,47200,695,7,135,5,0,1,2600.0,0.341,0.213,199100.0,78700.0,267700,36,personal,1,1,1,1,0,0
CUST106083,51,male,business,8.4,84900,714,1,17,1,0,1,8800.0,0.314,0.172,579000.0,356200.0,209600,36,personal,1,1,1,1,1,1
CUST106084,65,male,salaried,16.7,30000,726,2,35,1,0,1,8900.0,0.321,0.387,210900.0,157300.0,97900,36,business,1,1,1,1,0,1
CUST106085,38,female,salaried,2.8,30800,658,2,34,2,0,0,14100.0,0.381,0.557,93300.0,29000.0,184000,60,personal,1,1,1,1,0,0
CUST106086,62,male,salaried,4.5,48800,707,3,28,2,0,2,9200.0,0.314,0.206,94300.0,36900.0,20000,24,personal,1,1,1,1,0,1
CUST106087,43,male,self_employed,3.9,54700,721,3,58,2,0,3,17400.0,0.272,0.457,169600.0,79500.0,365000,48,home,1,1,1,1,1,1
CUST106088,61,female,salaried,9.2,61200,637,3,35,1,0,3,24900.0,0.29,0.525,226600.0,140400.0,348400,48,medical,1,1,1,1,1,0
CUST106089,41,male,salaried,12.8,91000,745,5,76,4,0,1,14500.0,0.517,0.206,83300.0,46100.0,303700,72,business,1,1,1,1,0,1
CUST106090,37,male,salaried,5.4,48400,629,5,72,8,0,0,6800.0,0.353,0.289,9700.0,4700.0,258300,36,personal,1,1,1,1,0,0
CUST106091,53,female,self_employed,6.2,46400,722,1,12,1,0,2,14700.0,0.548,0.43,252100.0,81500.0,188700,36,vehicle,1,1,1,1,0,1
CUST106092,28,male,salaried,6.6,38400,726,3,68,4,0,4,7700.0,0.645,0.321,210500.0,129500.0,277900,60,personal,1,1,1,1,1,0
CUST106093,46,male,salaried,13.1,53300,693,3,51,3,0,1,8800.0,0.419,0.344,171700.0,154200.0,114400,12,home,1,1,1,1,0,1
CUST106094,41,female,self_employed,4.4,55300,663,3,53,1,0,2,10500.0,0.461,0.333,147900.0,41500.0,284200,36,education,1,1,1,1,0,0
CUST106095,54,male,salaried,1.7,60300,701,3,57,3,0,0,7500.0,0.164,0.476,57800.0,15600.0,381600,18,home,1,1,1,1,0,1
CUST106096,21,male,salaried,7.6,68000,703,2,26,0,0,3,8200.0,0.55,0.155,91300.0,73200.0,112800,48,home,1,1,1,1,0,1
CUST106097,58,male,self_employed,16.3,105600,717,6,83,7,0,2,18900.0,0.512,0.318,493700.0,147300.0,703000,48,vehicle,1,1,1,1,1,1
CUST106098,48,female,salaried,22.0,147300,796,2,21,1,0,4,5200.0,0.577,0.134,153000.0,84800.0,520800,36,business,1,1,1,1,0,1
CUST106099,53,male,salaried,9.5,123100,661,2,24,2,0,2,21900.0,0.463,0.257,499800.0,323500.0,466000,48,personal,1,1,1,1,1,0
CUST106100,35,male,self_employed,4.8,51500,680,4,81,7,0,3,18500.0,0.57,0.454,128600.0,32900.0,233400,48,medical,1,1,1,1,0,0
CUST106101,31,male,business,9.5,53800,709,3,70,2,0,2,17000.0,0.631,0.43,380900.0,221800.0,221100,36,vehicle,1,1,0,1,0,0
CUST106102,21,male,salaried,4.5,160800,725,3,52,2,0,1,25300.0,0.681,0.24,295700.0,70200.0,480200,36,personal,1,1,1,1,0,1
CUST106103,62,female,salaried,12.6,41700,663,1,17,1,0,1,6500.0,0.347,0.19,236700.0,136600.0,68000,48,business,1,1,1,1,0,0
CUST106104,63,male,salaried,3.4,58100,657,6,107,7,0,0,11800.0,0.464,0.34,52700.0,46800.0,285500,36,personal,1,1,1,1,0,0
CUST106105,25,female,salaried,8.6,77800,730,2,22,2,0,0,13300.0,0.482,0.392,68500.0,50300.0,413400,24,home,1,1,1,1,0,1
CUST106106,39,female,contract,17.0,67200,760,1,10,0,0,1,21800.0,0.379,0.686,42900.0,20900.0,437700,18,education,1,1,1,1,0,1
CUST106107,61,female,self_employed,12.1,32800,698,1,22,1,0,2,8900.0,0.395,0.392,208500.0,186500.0,94700,24,personal,1,1,1,1,1,0
CUST106108,59,female,salaried,9.0,70900,712,3,56,7,0,0,4200.0,0.322,0.295,220600.0,130600.0,301200,18,vehicle,1,1,1,1,0,1
CUST106109,46,male,contract,1.7,61300,683,3,56,4,0,1,8600.0,0.358,0.254,390500.0,294100.0,125500,18,personal,1,1,1,1,0,0
CUST106110,45,male,self_employed,4.4,35300,646,4,51,5,0,0,2900.0,0.316,0.205,201500.0,142300.0,156400,36,home,1,1,1,1,0,0
CUST106111,25,female,salaried,15.5,77700,733,4,39,1,0,3,6500.0,0.395,0.133,356500.0,207600.0,136800,36,education,1,1,1,1,1,1
CUST106112,38,male,salaried,6.8,74300,625,1,19,1,0,3,16300.0,0.756,0.246,141200.0,60200.0,118500,60,medical,1,1,1,1,1,0
CUST106113,28,female,salaried,10.6,85600,729,3,57,0,0,0,24200.0,0.642,0.829,512600.0,331300.0,561200,12,home,1,1,0,1,1,1
CUST106114,30,male,self_employed,5.8,55100,656,4,87,5,0,1,2200.0,0.17,0.062,165900.0,143800.0,57900,48,home_improvement,1,1,1,1,1,1
CUST106115,30,female,business,10.4,80400,674,2,20,4,0,0,20700.0,0.035,0.377,258300.0,226900.0,347300,36,business,1,1,1,1,1,1
CUST106116,53,female,self_employed,7.9,152000,730,2,20,0,0,1,8500.0,0.51,0.126,971100.0,821100.0,765400,72,consumer,1,1,1,1,0,1
CUST106117,28,male,salaried,14.5,51400,714,1,13,0,0,0,6200.0,0.362,0.274,110100.0,61100.0,189600,24,vehicle,1,0,1,0,1,1
CUST106118,29,male,salaried,12.4,20000,699,1,22,2,0,2,900.0,0.619,0.142,148700.0,108900.0,92800,48,personal,1,1,1,1,1,0
CUST106119,33,female,salaried,14.5,45500,625,0,0,0,0,4,10000.0,0.477,0.347,283000.0,143700.0,139300,24,education,1,1,1,1,1,0
CUST106120,63,male,contract,5.1,58600,628,0,0,0,0,2,17700.0,0.728,0.815,196700.0,59000.0,360900,12,education,1,1,1,1,0,0
CUST106121,43,female,contract,4.7,63000,686,4,45,7,0,3,24200.0,0.418,0.488,369400.0,223700.0,234900,36,vehicle,1,1,1,1,1,0
CUST106122,58,male,self_employed,3.2,56000,702,2,45,3,0,2,10100.0,0.317,0.36,32500.0,17800.0,240800,24,home_improvement,1,1,1,1,1,1
CUST106123,46,male,salaried,17.5,31800,618,5,73,7,0,1,8600.0,0.162,0.332,75300.0,55100.0,141000,72,education,1,1,1,1,1,0
CUST106124,45,female,self_employed,5.4,51100,648,2,42,0,0,0,6900.0,0.398,0.223,144100.0,103500.0,325400,72,consumer,1,1,1,1,1,1
CUST106125,31,male,self_employed,3.5,49400,710,2,19,1,0,3,10300.0,0.337,0.232,307600.0,166600.0,84500,72,personal,1,1,1,1,1,0
CUST106126,53,male,salaried,10.2,52600,786,2,33,1,0,0,11900.0,0.352,0.323,120100.0,29200.0,243800,48,vehicle,1,1,1,0,1,1
CUST106127,63,male,salaried,0.9,144000,683,2,29,1,0,0,33400.0,0.496,0.426,1002400.0,563400.0,502000,18,medical,1,1,1,1,1,1
CUST106128,31,male,salaried,5.3,29000,717,2,35,1,0,0,3800.0,0.775,0.446,157000.0,107000.0,219400,24,business,1,1,1,1,1,0
CUST106129,26,male,salaried,6.9,44500,647,2,16,4,0,2,16300.0,0.77,0.44,114700.0,99200.0,197900,60,home,1,1,1,1,0,0
CUST106130,43,male,salaried,2.1,46300,648,4,65,7,0,1,2800.0,0.34,0.214,324300.0,204700.0,256700,36,consumer,1,1,1,1,0,0
CUST106131,62,male,self_employed,7.4,187900,702,0,0,0,0,1,43700.0,0.271,0.29,1254100.0,483300.0,390000,36,business,1,1,1,1,0,1
CUST106132,54,male,salaried,4.2,38500,622,3,40,2,0,1,9500.0,0.62,0.479,225600.0,66100.0,215000,24,business,1,1,1,1,1,0
CUST106133,63,female,salaried,14.5,75500,676,3,47,4,0,0,27900.0,0.193,0.442,76200.0,34200.0,198300,36,vehicle,0,1,1,1,1,1
CUST106134,32,male,salaried,,33100,632,3,37,2,0,2,5800.0,0.395,0.35,217600.0,166300.0,208800,36,home_improvement,1,1,1,1,0,0
CUST106135,46,male,salaried,12.5,25400,690,2,26,0,0,2,11000.0,0.312,0.734,6800.0,4300.0,137700,18,home,1,1,1,1,0,0
CUST106136,38,male,salaried,6.4,97200,745,2,30,2,0,1,13200.0,0.455,0.855,63100.0,14200.0,419700,6,home,1,1,1,1,1,1
CUST106137,50,male,salaried,7.2,91400,750,1,12,1,0,2,15600.0,0.501,0.447,290000.0,177000.0,454900,18,medical,1,1,1,1,1,1
CUST106138,63,female,salaried,9.2,46500,632,0,0,0,0,1,10300.0,0.173,0.303,9500.0,7900.0,227500,60,home,1,1,1,1,1,0
CUST106139,54,female,salaried,,26600,700,0,0,0,0,1,7600.0,0.2,0.456,62100.0,21400.0,108700,24,home_improvement,1,1,1,1,0,0
CUST106140,40,male,business,2.6,78500,761,3,72,0,0,1,14500.0,0.342,0.241,351200.0,228300.0,106500,24,consumer,1,1,1,1,1,1
CUST106141,26,male,self_employed,4.9,92200,732,5,114,1,0,4,22000.0,0.294,0.379,145400.0,65200.0,621300,48,education,1,1,1,1,0,1
CUST106142,26,male,business,7.1,53900,760,2,36,0,0,0,3200.0,0.257,0.163,25500.0,17200.0,268400,48,vehicle,1,1,1,1,0,1
CUST106143,39,male,self_employed,6.9,66300,737,6,110,4,0,0,21100.0,0.295,0.369,57800.0,45900.0,120600,36,home,1,1,1,1,1,1
CUST106144,36,female,salaried,5.0,57100,684,1,23,1,0,2,13800.0,0.273,0.385,320700.0,239900.0,295400,36,medical,1,1,1,1,1,0
CUST106145,61,male,salaried,18.0,76200,718,3,44,1,0,1,11100.0,0.17,0.215,199500.0,72300.0,190600,36,personal,1,1,1,1,0,1
CUST106146,30,male,self_employed,10.3,52900,694,3,36,3,0,0,6700.0,0.331,0.357,73300.0,35700.0,292800,24,personal,1,1,1,1,1,1
CUST106147,24,male,contract,9.0,59300,627,1,18,0,0,3,12200.0,0.353,0.342,237000.0,206500.0,290400,36,personal,1,1,0,1,1,0
CUST106148,21,male,contract,3.4,40400,643,2,30,2,0,2,15300.0,0.309,0.583,162200.0,134300.0,296700,36,home,1,1,1,1,1,0
CUST106149,60,female,contract,1.6,64100,701,2,34,2,0,1,27300.0,0.456,1.143,315600.0,234900.0,275900,6,vehicle,1,1,0,1,1,0
CUST106150,64,male,self_employed,5.9,61300,620,3,51,9,0,3,22300.0,0.142,0.413,407200.0,346700.0,107700,36,vehicle,1,1,1,1,1,0
CUST106151,31,male,contract,10.8,79400,733,1,18,1,0,0,17300.0,0.499,0.351,298700.0,255700.0,506600,48,home,1,1,1,1,0,1
CUST106152,39,female,self_employed,2.9,33100,662,3,44,7,0,1,700.0,0.271,0.116,187500.0,45700.0,112500,36,medical,1,1,1,1,0,0
CUST106153,33,female,salaried,10.2,26700,696,5,60,0,0,2,6300.0,0.207,0.512,98700.0,77500.0,88500,12,business,1,1,1,1,0,0
CUST106154,41,male,self_employed,8.1,48700,711,3,57,6,0,2,11300.0,0.469,0.377,265100.0,146200.0,169500,24,education,1,1,1,1,0,1
CUST106155,22,male,salaried,3.6,111100,672,3,57,3,0,0,28900.0,0.508,0.507,388400.0,339900.0,657200,24,vehicle,1,1,1,1,1,1
CUST106156,22,male,salaried,7.7,101700,732,4,60,0,0,1,25600.0,0.126,0.699,299800.0,230900.0,273100,6,vehicle,1,1,1,1,0,1
CUST106157,37,female,business,8.6,32200,653,3,29,4,0,3,5400.0,0.312,0.195,177500.0,114100.0,52400,60,personal,1,1,1,1,1,0
CUST106158,37,male,contract,11.9,49200,737,2,28,0,0,1,9900.0,0.436,0.993,67200.0,46600.0,233600,6,consumer,1,1,1,1,0,1
CUST106159,21,female,salaried,12.7,56200,668,6,76,2,0,0,17500.0,0.51,0.498,172700.0,142400.0,251600,24,business,1,1,1,1,1,0
CUST106160,25,male,salaried,11.1,31000,825,4,47,1,0,1,4300.0,0.333,0.159,124600.0,79500.0,45800,72,home_improvement,1,1,1,1,0,1
CUST106161,55,male,self_employed,4.1,66200,668,4,71,9,0,0,7300.0,0.164,0.196,381600.0,106900.0,272200,48,consumer,1,1,1,1,1,1
CUST106162,23,female,business,9.0,95100,770,1,22,0,0,0,24100.0,0.447,0.409,476400.0,127400.0,355500,24,personal,1,1,1,1,0,1
CUST106163,26,female,business,7.9,46200,745,2,43,1,0,3,11500.0,0.205,0.506,72300.0,52700.0,284600,24,education,1,1,1,1,0,1
CUST106164,46,male,self_employed,14.2,51300,753,2,23,1,0,1,14600.0,0.188,0.477,271700.0,170000.0,237000,24,home,1,1,0,1,0,1
CUST106165,57,male,salaried,8.3,42000,636,1,12,0,0,2,13200.0,0.19,0.368,272500.0,244900.0,53700,24,home,1,1,1,1,0,0
CUST106166,61,male,self_employed,4.2,40700,716,1,19,1,0,0,11000.0,0.227,0.562,166400.0,74300.0,213500,18,personal,1,1,1,1,0,0
CUST106167,40,female,salaried,7.1,45200,622,1,10,2,0,1,14100.0,0.077,0.41,233700.0,195000.0,265900,60,business,1,1,1,1,1,0
CUST106168,32,male,business,4.5,120400,660,2,24,4,0,0,34000.0,0.167,0.685,241300.0,92400.0,581100,12,personal,1,1,1,1,1,0
CUST106169,53,female,business,9.0,56100,745,1,10,0,0,0,14300.0,0.115,0.522,128500.0,58600.0,270000,18,personal,1,1,1,1,1,1
CUST106170,44,male,self_employed,14.8,32500,687,6,125,7,0,5,9400.0,0.431,0.399,141800.0,81000.0,171100,48,personal,1,1,1,1,0,0
CUST106171,28,female,self_employed,2.6,85600,649,3,51,3,0,0,3600.0,0.402,0.237,164700.0,79200.0,300900,18,home_improvement,1,1,1,1,0,0
CUST106172,40,male,salaried,5.2,22600,624,3,43,8,0,0,3400.0,0.122,0.559,147800.0,129100.0,110900,12,vehicle,1,1,1,1,1,0
CUST106173,43,male,salaried,1.5,63900,648,2,34,6,0,0,16300.0,0.801,0.381,141900.0,122900.0,193300,24,vehicle,1,1,1,1,0,0
CUST106174,49,male,business,3.2,86600,662,0,0,0,0,1,19900.0,0.436,0.256,104500.0,51100.0,80200,36,home,1,1,1,1,1,0
CUST106175,33,male,contract,5.5,61200,696,6,66,6,0,0,10500.0,0.144,0.283,287400.0,149700.0,164200,24,vehicle,1,1,1,1,1,1
CUST106176,62,female,salaried,8.5,122800,685,2,23,1,0,1,22200.0,0.1,0.359,829700.0,,525600,24,personal,1,1,0,0,0,1
CUST106177,55,male,salaried,11.0,55900,716,2,23,1,0,1,5900.0,0.363,0.228,37600.0,8700.0,81900,12,business,1,0,1,1,1,1
CUST106178,27,male,business,6.1,200700,838,3,50,1,0,0,67900.0,0.579,0.356,822100.0,676300.0,173100,48,personal,1,1,1,1,0,1
CUST106179,33,male,contract,13.4,86400,679,1,21,1,0,2,8300.0,0.303,0.22,531800.0,375800.0,386700,36,education,1,1,1,1,0,1
CUST106180,48,female,salaried,6.3,111800,773,6,76,2,0,0,15600.0,0.39,0.245,492700.0,165300.0,423600,36,home,1,1,1,1,1,1
CUST106181,57,male,business,13.0,46500,736,3,43,5,0,0,12900.0,0.394,0.399,297500.0,113900.0,271400,48,home,1,1,1,1,1,1
CUST106182,60,male,contract,15.2,109900,672,2,41,3,0,1,12700.0,0.371,0.181,192300.0,83800.0,259100,36,vehicle,1,1,1,1,1,1
CUST106183,45,male,self_employed,5.1,81700,698,1,11,0,0,2,18700.0,0.494,0.394,325900.0,182800.0,484400,36,home,1,1,1,1,1,1
CUST106184,47,male,self_employed,11.7,77800,739,5,113,2,0,2,25600.0,0.549,0.482,493500.0,203600.0,570100,48,business,1,1,1,1,0,1
CUST106185,35,male,salaried,10.4,43600,782,4,48,0,0,1,0.0,0.445,0.24,305200.0,93000.0,188300,18,business,1,1,1,1,0,1
CUST106186,35,male,salaried,9.3,81000,677,3,47,1,0,1,25800.0,0.25,0.461,403800.0,157400.0,414200,36,education,1,0,1,1,0,0
CUST106187,33,male,business,15.8,69300,756,1,11,0,0,2,24400.0,0.448,0.38,37000.0,23400.0,91900,48,vehicle,1,1,1,1,0,1
CUST106188,23,female,salaried,13.0,72200,680,0,0,0,0,0,14100.0,0.239,0.261,422700.0,256200.0,169900,36,education,1,0,1,1,0,0
CUST106189,49,female,self_employed,13.1,74100,693,5,72,3,0,3,25300.0,0.524,0.463,422400.0,136100.0,162600,18,personal,1,1,1,1,1,1
CUST106190,45,female,business,13.3,37100,668,2,20,0,0,2,6700.0,0.112,0.269,100000.0,53400.0,156600,48,personal,1,0,1,0,1,0
CUST106191,38,male,salaried,10.7,78400,617,1,17,1,0,3,13200.0,0.529,0.26,101400.0,53100.0,343500,48,vehicle,1,1,1,1,1,0
CUST106192,44,female,salaried,9.4,87100,680,3,60,6,0,1,5000.0,0.464,0.126,519800.0,194600.0,285300,48,personal,1,1,1,1,0,1
CUST106193,47,female,salaried,7.1,72000,686,3,61,8,0,1,7800.0,0.162,0.159,293100.0,147600.0,220400,60,business,1,1,1,1,0,1
CUST106194,38,male,salaried,4.9,109300,686,3,39,3,0,2,37700.0,0.466,0.371,159600.0,80400.0,170000,60,education,1,1,1,1,0,1
CUST106195,43,female,self_employed,12.6,97000,750,3,69,0,0,2,27100.0,0.255,0.326,573400.0,256400.0,271900,60,consumer,1,1,1,1,1,1
CUST106196,36,male,salaried,4.6,60200,661,3,56,10,0,1,12200.0,0.272,0.288,387000.0,273700.0,371700,72,home,0,1,1,1,0,0
CUST106197,63,male,salaried,3.6,93000,710,4,44,4,0,1,15600.0,0.299,0.858,164000.0,127100.0,385000,6,business,1,1,1,1,0,0
CUST106198,24,male,salaried,3.0,23800,672,5,70,5,0,0,700.0,0.56,0.433,36700.0,27700.0,230600,24,business,1,1,1,1,0,0
CUST106199,32,male,self_employed,4.4,76900,754,4,46,2,0,3,8600.0,0.426,0.278,160300.0,53500.0,459900,36,home,1,1,1,1,0,1
CUST106200,36,female,business,5.5,46800,708,4,52,0,0,3,8600.0,0.691,0.206,103600.0,49700.0,49500,48,home_improvement,1,0,1,1,0,1
CUST106201,59,male,salaried,2.4,32000,749,4,76,0,0,0,6100.0,0.291,0.204,3400.0,2100.0,20000,48,medical,1,1,1,0,0,1
CUST106202,46,male,self_employed,2.6,40900,703,2,39,1,0,1,13700.0,0.356,0.49,222800.0,121300.0,228700,36,vehicle,1,1,1,1,0,1
CUST106203,23,male,self_employed,18.1,119100,830,4,74,2,0,1,32500.0,0.34,0.471,467300.0,384700.0,566400,24,home_improvement,1,1,0,1,0,1
CUST106204,64,female,salaried,9.1,95300,675,6,80,4,0,1,28800.0,0.353,0.371,350800.0,270400.0,156500,24,education,1,1,1,1,0,1
CUST106205,36,male,business,9.1,33200,621,1,7,3,0,0,10600.0,0.224,0.535,220500.0,103100.0,257700,36,vehicle,1,1,1,1,0,0
CUST106206,58,male,salaried,6.9,68300,713,4,53,3,0,0,21500.0,0.245,1.372,376700.0,121100.0,433100,6,consumer,1,1,1,1,0,0
CUST106207,32,female,salaried,1.5,32800,715,4,88,4,0,2,12200.0,0.658,0.385,136500.0,103300.0,20000,48,personal,1,1,1,1,1,0
CUST106208,36,male,salaried,5.0,105200,737,4,70,2,0,1,26800.0,0.324,0.345,672400.0,563900.0,341800,36,education,1,0,1,1,1,1
CUST106209,60,male,salaried,5.5,64700,657,0,0,0,0,1,23700.0,0.068,0.434,282600.0,217200.0,157100,36,vehicle,1,1,1,1,0,0
CUST106210,59,male,business,5.6,77800,736,3,63,6,0,1,12200.0,0.327,0.336,225700.0,174400.0,501100,36,home_improvement,1,1,1,0,0,1
CUST106211,21,female,self_employed,10.4,53600,795,2,28,0,0,1,15300.0,0.699,0.851,128000.0,69300.0,364000,12,medical,1,1,0,1,1,1
CUST106212,40,male,self_employed,5.5,39800,694,5,93,7,0,1,2700.0,0.185,0.305,270100.0,212600.0,226500,24,personal,1,1,1,1,0,0
CUST106213,40,male,contract,7.5,73100,745,2,46,0,0,0,20900.0,0.295,0.326,350600.0,263600.0,176600,60,education,1,1,1,1,1,1
CUST106214,34,male,salaried,7.9,70800,656,3,45,3,0,2,16400.0,0.177,0.656,352200.0,247600.0,360900,12,education,1,1,0,1,0,0
CUST106215,45,male,salaried,8.1,34800,711,2,24,0,0,1,17800.0,0.116,1.107,59900.0,36100.0,124300,6,personal,1,1,0,1,1,0
CUST106216,42,male,contract,12.8,20400,632,3,34,2,0,0,8300.0,0.153,0.468,25400.0,17100.0,59700,48,personal,1,1,0,1,1,0
CUST106217,43,male,self_employed,12.4,46100,701,2,31,5,0,2,6100.0,0.139,0.169,151100.0,123900.0,102000,60,consumer,1,1,1,1,1,0
CUST106218,36,female,salaried,9.2,80200,722,6,105,3,0,0,8500.0,0.097,0.271,444400.0,238100.0,477400,36,consumer,1,1,1,1,1,1
CUST106219,35,male,business,2.9,20700,702,2,21,1,0,1,700.0,0.439,0.154,94200.0,55900.0,59500,24,home_improvement,1,1,1,1,1,0
CUST106220,34,male,business,12.2,56200,646,2,33,7,0,0,10100.0,0.293,0.212,226600.0,174400.0,108900,60,vehicle,1,1,0,1,0,0
CUST106221,59,male,contract,4.6,182700,829,3,28,2,0,3,62500.0,0.332,0.423,267200.0,68400.0,531600,36,home,1,1,1,1,1,1
CUST106222,57,female,business,11.0,46200,660,1,12,1,0,3,12600.0,0.405,0.381,35700.0,30200.0,179300,36,vehicle,1,1,1,1,1,0
CUST106223,39,male,business,5.2,72700,664,3,53,1,0,4,18500.0,0.478,0.278,430200.0,175300.0,102900,60,home_improvement,1,1,1,1,1,0
CUST106224,46,female,self_employed,14.2,36200,828,5,94,1,0,1,7800.0,0.246,0.232,146400.0,37800.0,21300,36,vehicle,0,1,1,1,0,1
CUST106225,45,male,salaried,23.1,108300,747,1,16,0,0,2,32000.0,0.453,0.425,329600.0,225300.0,503700,36,business,1,1,1,1,1,1
CUST106226,64,male,salaried,6.6,26900,717,6,82,2,0,2,2500.0,0.201,0.276,101600.0,80300.0,88400,18,personal,1,1,1,1,0,1
CUST106227,21,male,business,7.6,35200,613,4,69,11,0,2,5800.0,0.266,0.355,30800.0,6400.0,240500,36,personal,0,1,1,1,0,0
CUST106228,50,male,salaried,12.4,40300,604,4,84,8,0,2,10600.0,0.552,0.458,214800.0,77200.0,282800,36,personal,1,1,1,1,0,0
CUST106229,44,female,self_employed,10.0,63900,737,2,30,2,0,0,14300.0,0.155,0.392,88900.0,21800.0,386600,36,medical,1,1,1,1,0,1
CUST106230,64,male,business,4.3,51400,634,4,72,8,0,0,9200.0,0.366,0.243,81300.0,35800.0,117900,36,education,1,1,1,1,1,0
CUST106231,51,female,salaried,9.1,95000,717,4,95,1,0,1,17300.0,0.215,0.244,211000.0,156400.0,210100,36,business,1,1,1,1,1,1
CUST106232,44,male,contract,6.4,32200,722,4,50,2,0,1,11400.0,0.229,0.541,81100.0,67400.0,216500,36,consumer,1,1,1,1,1,0
CUST106233,34,male,business,5.1,78800,718,2,23,3,0,1,23500.0,0.212,0.326,342700.0,180400.0,155600,72,personal,1,1,1,1,0,1
CUST106234,46,female,business,9.9,60600,654,2,23,3,0,3,18600.0,0.217,0.323,162700.0,119500.0,46400,48,home,1,1,1,0,0,0
CUST106235,60,female,salaried,17.9,106700,761,4,65,3,0,4,24700.0,0.538,0.267,144600.0,44200.0,274400,72,personal,1,1,1,0,0,1
CUST106236,65,female,salaried,,67300,718,1,11,1,0,3,23400.0,0.361,0.372,62300.0,31500.0,117500,72,business,0,1,0,1,0,0
CUST106237,28,male,salaried,4.7,76000,694,7,159,9,0,1,9700.0,0.15,0.19,242400.0,210500.0,283200,60,personal,1,1,1,1,1,1
CUST106238,60,female,salaried,18.4,62800,697,5,55,5,0,4,11500.0,0.547,0.212,65700.0,31700.0,110600,60,business,1,1,1,1,1,1
CUST106239,23,male,salaried,11.5,22400,656,5,79,6,0,3,7100.0,0.338,0.386,108400.0,77900.0,55700,36,vehicle,1,1,1,1,1,0
CUST106240,34,male,salaried,14.8,157700,748,1,12,0,0,1,36700.0,0.185,0.254,915300.0,247700.0,163300,48,vehicle,1,1,0,1,1,1
CUST106241,62,male,business,5.6,56500,767,0,0,0,0,0,19200.0,0.309,0.449,259800.0,122700.0,148200,24,personal,1,1,1,1,1,1
CUST106242,38,male,salaried,4.8,77000,672,2,39,1,0,1,10700.0,0.82,0.403,377300.0,113500.0,488600,24,personal,1,1,1,1,1,0
CUST106243,63,male,business,4.4,40600,674,3,40,2,0,2,9500.0,0.304,0.575,82300.0,65000.0,166100,12,personal,1,1,1,1,1,0
CUST106244,55,male,salaried,10.1,41700,626,4,62,10,0,2,2400.0,0.208,0.091,44300.0,12700.0,99900,72,home,1,1,1,1,0,0
CUST106245,40,male,contract,5.2,68400,665,3,39,3,0,3,7900.0,0.236,0.264,88500.0,55800.0,364800,36,home,1,1,1,1,1,0
CUST106246,44,male,business,11.8,42500,706,2,32,2,0,2,15700.0,0.804,0.479,282600.0,162800.0,167000,36,education,1,1,1,1,0,0
CUST106247,52,female,salaried,2.5,113100,781,3,43,2,0,0,36100.0,0.409,0.426,403200.0,341700.0,580200,48,consumer,1,1,1,1,0,1
CUST106248,22,female,business,4.7,124500,725,2,31,3,0,3,34800.0,0.424,0.344,297800.0,159700.0,289600,36,home,1,1,1,1,1,0
CUST106249,28,male,salaried,8.0,115800,663,1,19,1,0,2,23400.0,0.443,0.289,789500.0,430800.0,364100,36,personal,1,1,1,1,1,0
CUST106250,65,male,salaried,3.1,74700,657,3,32,1,0,2,25800.0,0.3,0.391,303800.0,131200.0,123500,36,consumer,1,1,1,1,1,0
CUST106251,38,female,salaried,5.6,64600,699,3,57,3,0,1,20400.0,0.469,0.339,87100.0,23400.0,36100,24,personal,1,1,1,1,0,1
CUST106252,44,male,salaried,2.9,70400,740,2,38,2,0,3,14500.0,0.497,0.233,158900.0,115500.0,137100,72,vehicle,1,1,1,1,0,1
CUST106253,46,female,salaried,7.2,32900,682,2,41,3,0,0,2500.0,0.212,0.103,206000.0,132200.0,42100,48,education,1,1,1,1,0,1
CUST106254,30,male,salaried,5.8,99200,727,4,68,4,0,1,16100.0,0.441,0.198,181600.0,88800.0,171900,48,medical,1,1,1,1,1,1
CUST106255,38,male,business,10.8,93100,731,3,70,2,0,0,24200.0,0.341,0.343,225100.0,129000.0,369800,48,education,1,1,1,1,1,1
CUST106256,52,male,salaried,5.3,25300,663,2,43,5,0,4,4300.0,0.409,0.245,11400.0,5400.0,113500,60,business,1,1,1,1,1,0
CUST106257,23,male,salaried,7.6,40900,650,3,29,1,0,0,10600.0,0.108,0.39,168300.0,39400.0,257800,48,vehicle,1,1,1,1,0,0
CUST106258,57,male,business,7.4,17600,720,5,69,1,0,2,8300.0,0.176,0.552,65500.0,54600.0,102000,72,vehicle,1,1,1,1,1,0
CUST106259,52,female,self_employed,3.0,98000,736,3,61,2,0,4,23600.0,0.809,0.328,321000.0,192400.0,309000,36,consumer,1,1,1,1,1,0
CUST106260,36,female,salaried,6.7,68500,698,5,105,5,0,0,17200.0,0.385,0.342,237900.0,179200.0,224800,36,home,1,1,1,1,0,1
CUST106261,23,male,salaried,8.4,109300,742,0,0,0,0,0,8100.0,0.191,0.159,332100.0,260400.0,555400,60,vehicle,1,1,1,1,1,1
CUST106262,52,male,business,2.2,25100,612,2,42,2,0,4,5600.0,0.326,0.371,113200.0,33900.0,134000,36,personal,1,1,0,0,0,0
CUST106263,57,male,self_employed,5.5,26500,621,1,21,1,0,0,1300.0,0.346,0.181,44600.0,17100.0,84000,24,home_improvement,1,1,0,1,0,0
CUST106264,32,male,contract,14.3,40600,711,0,0,0,0,0,4300.0,0.313,0.393,134200.0,101500.0,279500,24,home,1,1,1,1,1,0
CUST106265,52,male,salaried,7.3,54500,714,0,0,0,0,1,15800.0,0.335,1.067,133800.0,113200.0,254100,6,personal,1,1,1,1,1,0
CUST106266,56,female,self_employed,7.3,79000,709,3,40,2,0,1,10500.0,0.203,0.17,430100.0,365800.0,212300,72,home,1,1,1,1,1,1
CUST106267,51,male,salaried,21.4,109200,746,7,128,5,0,2,41500.0,0.431,0.58,292900.0,71400.0,523300,24,vehicle,1,1,1,1,1,1
CUST106268,42,female,salaried,7.1,52800,797,1,16,1,0,0,19400.0,0.218,0.48,132200.0,31800.0,285600,48,personal,1,1,1,1,1,1
CUST106269,35,male,business,5.6,92000,679,4,77,3,0,3,35700.0,0.533,0.53,408100.0,278300.0,468700,36,medical,1,1,1,1,1,0
CUST106270,34,male,self_employed,0.9,69300,643,1,9,1,0,4,16100.0,0.51,0.451,255500.0,163700.0,364100,24,personal,1,1,1,1,0,0
CUST106271,64,male,salaried,14.3,91500,738,2,38,0,0,2,15500.0,0.389,0.237,444700.0,350500.0,148900,24,business,1,1,1,1,0,1
CUST106272,21,female,self_employed,7.4,68600,739,4,73,3,0,0,16400.0,0.329,0.387,104900.0,50200.0,243200,24,consumer,1,1,1,1,0,1
CUST106273,65,female,self_employed,7.4,46200,699,1,22,1,0,1,11100.0,0.274,0.406,201300.0,159600.0,368500,48,consumer,1,1,1,1,0,1
CUST106274,36,female,self_employed,9.7,47500,637,1,16,2,0,1,9500.0,0.63,0.239,97800.0,57900.0,44500,24,education,1,1,0,1,0,0
CUST106275,48,female,salaried,3.4,87500,647,4,75,5,0,2,12900.0,0.494,0.355,376400.0,197000.0,655200,36,education,1,1,0,1,1,0
CUST106276,24,female,salaried,9.8,60400,789,4,92,0,0,1,21000.0,0.247,0.39,157900.0,69800.0,153600,60,home,1,1,1,1,0,1
CUST106277,23,female,salaried,5.3,106700,743,0,0,0,0,2,39200.0,0.172,0.453,582700.0,418100.0,329800,36,vehicle,1,1,1,1,1,1
CUST106278,38,female,salaried,12.7,90800,731,6,92,4,0,3,12100.0,0.205,0.218,226800.0,195100.0,461400,60,business,1,1,1,1,0,1
CUST106279,38,female,salaried,10.2,58300,649,1,20,2,0,2,19200.0,0.411,0.49,158400.0,142200.0,224700,24,home,1,1,1,1,0,0
CUST106280,46,male,salaried,15.7,52800,855,2,32,0,0,0,3700.0,0.29,0.182,73000.0,53700.0,354400,60,personal,1,1,1,1,0,1
CUST106281,49,male,salaried,2.4,78400,619,1,11,1,0,1,22100.0,0.302,0.321,499000.0,257600.0,184200,60,medical,1,1,1,1,1,0
CUST106282,52,male,contract,11.7,55200,709,4,46,2,0,4,13000.0,0.358,0.26,319400.0,107700.0,32200,24,vehicle,1,1,1,1,0,1
CUST106283,44,female,self_employed,6.4,101800,711,2,33,5,0,4,25200.0,0.42,0.311,255600.0,183400.0,310500,48,education,1,1,1,1,1,1
CUST106284,38,male,salaried,12.9,78700,624,0,0,0,0,2,19100.0,0.246,0.325,148700.0,127200.0,154900,24,personal,1,0,1,1,1,0
CUST106285,49,female,salaried,9.1,73600,719,7,162,6,0,5,16000.0,0.553,0.257,409200.0,350000.0,106100,36,education,1,1,1,1,1,1
CUST106286,47,male,business,9.0,43200,668,4,38,6,0,1,8900.0,0.22,0.276,176200.0,136300.0,144300,48,consumer,1,1,1,1,0,0
CUST106287,49,male,salaried,4.7,44900,665,4,84,12,0,1,14100.0,0.194,0.694,273800.0,190800.0,204500,12,personal,1,1,1,1,0,0
CUST106288,43,male,salaried,5.3,142300,774,2,43,1,0,0,24600.0,0.461,0.419,400200.0,233100.0,841100,24,education,1,1,1,1,0,1
CUST106289,37,female,business,9.3,40600,625,2,37,5,0,0,7200.0,0.394,0.354,204100.0,122300.0,258600,36,consumer,1,1,1,1,1,0
CUST106290,55,female,salaried,5.9,58100,695,4,52,4,0,1,5700.0,0.517,0.28,211300.0,168000.0,126900,12,home_improvement,1,1,1,1,1,0
CUST106291,33,male,salaried,5.9,62800,672,2,28,0,0,2,7600.0,0.282,0.208,263900.0,169100.0,196200,36,home,1,1,1,1,1,0
CUST106292,47,female,salaried,12.4,64600,710,0,0,0,0,0,13300.0,0.288,0.638,245700.0,106400.0,502400,18,vehicle,1,1,1,1,1,1
CUST106293,46,female,salaried,9.1,73500,766,2,21,1,0,0,16700.0,0.423,0.543,128200.0,69400.0,418400,18,consumer,1,1,0,1,1,1
CUST106294,40,male,contract,7.9,28700,690,5,92,3,0,0,8700.0,0.448,0.367,29600.0,8900.0,65700,36,vehicle,1,1,1,1,0,0
CUST106295,42,female,salaried,10.9,80000,706,0,0,0,0,0,29300.0,0.349,0.554,509600.0,199400.0,180700,12,education,1,1,1,1,1,1
CUST106296,49,female,salaried,3.9,49500,600,2,21,3,0,1,5300.0,0.489,0.305,125300.0,30400.0,234600,24,home,1,1,1,1,1,0
CUST106297,42,male,self_employed,6.7,69500,692,2,21,3,0,2,15600.0,0.297,0.301,162600.0,91600.0,127200,24,home,1,1,1,1,0,0
CUST106298,34,male,salaried,9.2,51300,726,1,22,0,0,2,14600.0,0.433,1.181,121400.0,69400.0,276000,6,medical,1,1,1,1,1,0
CUST106299,30,male,salaried,3.7,55300,666,3,48,6,0,2,15700.0,0.291,0.413,244300.0,91300.0,256700,36,personal,1,1,1,1,1,0
CUST106300,61,male,salaried,1.6,47000,702,5,63,2,0,2,16600.0,0.449,0.697,170600.0,113100.0,290800,18,vehicle,1,1,1,1,1,0
CUST106301,60,female,salaried,9.0,61000,663,0,0,0,0,2,3300.0,0.174,0.163,95700.0,20600.0,396800,60,vehicle,1,1,1,1,1,0
CUST106302,61,male,salaried,6.3,46700,655,2,45,3,0,0,0.0,0.294,0.146,179400.0,81300.0,244900,36,vehicle,1,1,1,1,1,0
CUST106303,26,male,business,12.9,25100,706,3,55,2,0,2,1200.0,0.153,0.219,57000.0,25200.0,154600,36,business,1,1,1,1,1,1
CUST106304,31,male,salaried,3.1,66500,662,7,140,14,0,0,25000.0,0.144,0.468,380400.0,329300.0,440300,72,business,1,1,1,0,0,0
CUST106305,31,male,contract,5.7,60800,684,3,42,3,0,1,11100.0,0.441,0.238,391700.0,198600.0,160900,48,personal,1,1,1,1,1,1
CUST106306,52,female,contract,6.1,105400,677,2,31,1,0,2,26400.0,0.565,0.65,412800.0,360900.0,505000,12,personal,1,1,1,1,0,0
CUST106307,59,female,business,8.1,55800,750,2,42,0,0,2,18900.0,0.738,0.627,56100.0,12700.0,289300,18,vehicle,1,1,1,1,1,1
CUST106308,26,female,salaried,13.8,59300,692,2,21,3,0,4,4100.0,0.37,0.168,260300.0,159000.0,140900,24,personal,1,1,1,1,0,1
CUST106309,51,male,salaried,14.3,236600,726,3,51,3,0,2,19700.0,0.433,0.21,1200300.0,834100.0,1079000,36,vehicle,1,1,1,1,1,1
CUST106310,49,female,salaried,7.5,56600,675,3,32,4,0,1,3300.0,0.218,0.977,63900.0,40000.0,311900,6,education,1,1,1,1,0,0
CUST106311,45,male,salaried,4.0,73900,763,5,49,1,0,1,500.0,0.523,0.073,393300.0,301800.0,233600,48,personal,1,1,1,1,1,1
CUST106312,65,male,self_employed,15.6,77200,744,1,11,1,0,0,24600.0,0.244,0.422,512300.0,124400.0,286200,36,vehicle,1,1,1,1,0,1
CUST106313,29,female,salaried,2.9,66800,663,1,16,4,0,1,11100.0,0.247,0.459,382200.0,323200.0,469200,24,consumer,1,1,1,1,0,0
CUST106314,51,male,self_employed,0.6,50700,672,1,11,1,0,1,14500.0,0.399,0.44,308400.0,105400.0,140300,18,vehicle,1,1,1,1,1,0
CUST106315,28,female,salaried,13.2,41200,712,2,20,0,0,1,12700.0,0.232,0.364,243800.0,131300.0,109500,48,medical,1,1,1,1,1,1
CUST106316,44,male,contract,16.3,59200,716,4,76,8,0,2,9900.0,0.425,0.197,214000.0,174100.0,104000,60,home_improvement,1,1,1,1,0,1
CUST106317,40,male,self_employed,3.7,99800,748,1,22,0,0,2,21300.0,0.186,0.262,512300.0,374700.0,174000,36,consumer,1,1,1,1,1,1
CUST106318,36,male,salaried,2.8,130600,735,3,28,2,0,0,10100.0,0.377,0.206,131900.0,43500.0,805000,48,personal,1,1,1,1,0,1
CUST106319,49,male,salaried,7.3,70000,752,5,98,7,0,0,8000.0,0.086,0.406,63700.0,40400.0,368100,18,personal,1,1,1,1,1,1
CUST106320,65,male,contract,4.3,41400,640,2,21,1,0,1,11900.0,0.369,0.338,16300.0,12700.0,150000,72,education,1,1,1,1,0,0
CUST106321,50,female,business,6.7,36800,636,2,25,1,0,1,8800.0,0.559,0.288,111600.0,64700.0,65200,36,personal,1,1,1,1,0,0
CUST106322,37,male,salaried,6.8,56100,688,0,0,0,0,4,1900.0,0.428,0.149,79700.0,,309900,48,vehicle,1,1,1,1,1,0
CUST106323,61,male,business,1.8,54300,702,2,22,0,0,0,21000.0,0.478,0.493,90100.0,48900.0,206800,36,personal,1,1,1,1,0,0
CUST106324,38,male,self_employed,2.0,41800,724,2,41,1,0,2,8400.0,0.199,0.332,101800.0,26700.0,262300,48,business,1,1,1,1,0,1
CUST106325,49,female,business,10.9,57600,717,1,23,0,0,0,17400.0,0.447,0.446,291900.0,254900.0,297500,36,business,1,1,1,1,1,1
CUST106326,43,male,salaried,2.9,87100,678,3,63,9,0,1,22000.0,0.463,0.339,181100.0,94300.0,181100,24,vehicle,1,1,1,1,1,0
CUST106327,29,male,salaried,2.8,85000,616,2,41,3,0,2,24000.0,0.694,0.381,170100.0,60400.0,150300,18,personal,1,1,1,1,0,0
CUST106328,55,female,salaried,4.2,39500,690,2,23,1,0,0,10200.0,0.308,0.392,143900.0,69100.0,189900,36,personal,1,1,1,0,0,0
CUST106329,64,male,salaried,9.1,41300,722,4,38,2,0,1,15000.0,0.078,0.569,217600.0,60600.0,101800,12,education,1,1,1,0,0,1
CUST106330,25,female,salaried,5.4,53200,661,0,0,0,0,1,11400.0,0.544,0.244,54800.0,16300.0,93300,60,consumer,1,1,1,1,1,0
CUST106331,65,female,business,7.8,55900,658,4,66,6,0,2,10800.0,0.464,0.257,339800.0,210300.0,128400,36,business,1,1,1,1,1,1
CUST106332,33,female,salaried,11.5,29100,664,3,58,5,0,1,7800.0,0.351,0.309,125800.0,29700.0,85100,72,home,1,1,1,1,0,0
CUST106333,44,male,self_employed,8.7,83600,745,5,53,2,0,0,24000.0,0.357,0.649,236000.0,140900.0,363500,12,consumer,1,1,1,1,1,1
CUST106334,47,female,salaried,13.9,57400,672,4,45,7,0,2,0.0,0.406,0.17,61300.0,18900.0,234500,24,home,1,1,1,1,1,1
CUST106335,35,male,self_employed,4.5,89200,695,1,17,2,0,3,19100.0,0.39,0.341,609600.0,271100.0,204100,18,home_improvement,1,1,1,1,0,0
CUST106336,29,female,salaried,3.4,43900,630,3,26,4,0,4,9100.0,0.472,0.528,164200.0,140300.0,253400,18,vehicle,1,1,1,1,0,0
CUST106337,57,female,salaried,2.3,67600,642,5,85,5,0,2,18900.0,0.345,0.491,350100.0,195300.0,343400,24,home,1,1,1,1,0,0
CUST106338,44,female,self_employed,2.1,123400,662,6,120,12,0,1,11800.0,0.602,0.152,611200.0,477300.0,250800,36,vehicle,1,1,1,1,0,0
CUST106339,22,female,salaried,9.9,77800,693,2,21,1,0,3,29300.0,0.31,0.447,529000.0,432900.0,391900,72,medical,1,1,1,1,1,1
CUST106340,50,male,contract,8.5,59500,685,2,27,3,0,2,19200.0,0.676,0.535,149600.0,102900.0,303300,24,vehicle,1,1,1,1,0,0
CUST106341,42,male,self_employed,12.4,34100,678,4,64,4,0,1,800.0,0.457,0.156,135600.0,73700.0,162600,36,business,1,1,1,1,0,1
CUST106342,31,female,salaried,8.8,112500,717,9,172,8,0,1,23600.0,0.12,0.362,647700.0,235900.0,615500,36,personal,1,1,1,1,1,1
CUST106343,62,female,salaried,9.5,180400,782,2,41,1,0,1,65700.0,0.077,0.444,1229500.0,707400.0,865100,60,personal,1,1,1,1,0,1
CUST106344,33,male,salaried,9.8,55100,649,3,62,4,0,1,23100.0,0.635,1.355,113400.0,60000.0,309500,6,education,1,1,1,1,1,0
CUST106345,44,female,contract,6.1,66900,720,0,0,0,0,3,9600.0,0.501,0.309,172500.0,150000.0,399500,36,vehicle,1,1,1,1,0,0
CUST106346,50,female,self_employed,7.5,112500,719,8,183,9,0,1,40100.0,0.071,0.595,758000.0,423800.0,643100,24,personal,1,1,1,1,1,1
CUST106347,39,male,contract,3.5,68300,731,1,11,2,0,3,23800.0,0.797,0.554,412500.0,325300.0,337200,24,home,1,1,1,1,1,0
CUST106348,40,male,business,6.1,82600,665,3,59,7,0,1,33700.0,0.279,0.436,426100.0,148500.0,139300,60,consumer,1,1,1,1,0,0
CUST106349,21,male,salaried,12.6,42300,628,1,21,3,0,1,9400.0,0.217,0.605,245000.0,73200.0,194300,12,home,1,1,1,1,0,0
CUST106350,37,female,salaried,5.7,103400,726,4,39,1,0,3,20200.0,0.494,0.25,55200.0,36500.0,204100,36,business,1,1,1,1,0,1
CUST106351,60,female,salaried,14.1,43800,705,3,29,1,0,0,9900.0,0.226,0.306,253600.0,97300.0,126200,36,home_improvement,1,1,1,1,0,1
CUST106352,62,male,business,11.2,84000,611,4,51,5,0,3,29500.0,0.206,0.423,297100.0,67100.0,144000,24,medical,1,1,1,1,0,0
CUST106353,50,male,salaried,9.3,23300,563,5,99,11,1,1,4800.0,0.307,0.269,81100.0,67000.0,52700,36,personal,1,1,1,1,0,0
CUST106354,49,male,contract,3.5,31500,676,2,30,2,0,1,9200.0,0.465,0.475,178300.0,76400.0,207000,36,consumer,1,1,1,1,1,0
CUST106355,64,female,business,6.0,85400,711,1,19,3,0,2,12800.0,0.304,0.365,241300.0,168900.0,441900,24,home_improvement,1,1,1,1,0,1
CUST106356,30,male,self_employed,4.0,63400,729,2,22,2,0,0,19000.0,0.194,0.335,138800.0,46700.0,81000,36,personal,1,1,1,1,0,1
CUST106357,49,female,self_employed,7.5,69100,668,2,35,3,0,2,11100.0,0.373,0.446,360000.0,185100.0,354500,18,business,1,1,1,1,1,0
CUST106358,30,female,contract,10.5,78700,684,3,55,2,0,2,14100.0,0.161,0.422,385100.0,207700.0,459100,24,medical,1,1,1,1,0,1
CUST106359,43,female,salaried,3.6,64400,653,3,34,2,0,3,21200.0,0.397,0.403,248000.0,116400.0,172000,36,home,1,1,1,1,0,0
CUST106360,47,male,salaried,3.0,44800,654,5,75,5,0,3,9500.0,0.423,0.29,168000.0,87200.0,83500,24,medical,1,1,1,1,0,0
CUST106361,21,female,self_employed,5.3,45300,680,4,52,4,0,1,9100.0,0.247,0.369,219200.0,96000.0,274200,36,vehicle,1,1,1,1,1,0
CUST106362,46,female,self_employed,5.0,50800,686,6,123,9,0,3,14700.0,0.462,0.442,148600.0,100200.0,279800,36,home,1,1,1,1,1,0
CUST106363,54,male,salaried,6.2,135400,700,3,60,3,0,4,35800.0,0.559,0.598,701300.0,388500.0,542100,12,personal,1,1,1,1,1,1
CUST106364,28,male,salaried,9.2,83700,663,6,63,3,0,1,16900.0,0.254,0.965,411300.0,274300.0,383200,6,personal,1,1,1,1,1,0
CUST106365,60,male,self_employed,17.5,31500,660,2,30,4,0,0,3900.0,0.075,0.246,124800.0,89700.0,184500,48,consumer,1,1,1,1,0,0
CUST106366,25,male,contract,8.5,93000,767,3,70,2,0,0,11800.0,0.608,0.261,598000.0,173100.0,299800,24,medical,1,1,1,1,1,1
CUST106367,62,male,contract,9.5,63700,706,3,36,3,0,0,18500.0,0.055,0.747,155200.0,55300.0,349000,12,home,1,1,1,1,1,1
CUST106368,34,female,salaried,2.4,67800,643,2,33,1,0,2,25600.0,0.169,0.418,503700.0,127300.0,164200,60,vehicle,1,1,1,1,0,0
CUST106369,35,male,salaried,2.4,61200,723,4,38,2,0,2,4800.0,0.646,0.169,340800.0,257000.0,200000,36,business,1,1,0,1,0,1
CUST106370,61,male,salaried,6.5,85400,649,2,46,2,0,2,28500.0,0.209,0.394,272600.0,175800.0,124100,24,business,1,1,1,1,0,0
CUST106371,35,male,business,10.6,60800,736,1,19,1,0,0,21700.0,0.424,0.381,110400.0,67500.0,87300,60,consumer,1,1,1,1,1,1
CUST106372,56,male,business,2.6,62200,775,1,21,0,0,1,14500.0,0.388,0.391,254600.0,176100.0,235200,24,education,1,1,1,0,1,1
CUST106373,45,male,self_employed,8.4,52300,668,3,29,1,0,1,18800.0,0.331,0.489,72600.0,32200.0,244700,36,personal,1,1,1,0,0,0
CUST106374,61,female,business,10.9,35600,644,4,81,11,1,0,5300.0,0.177,0.213,97100.0,56000.0,82400,36,business,1,1,1,1,1,0
CUST106375,31,male,contract,3.9,75100,752,2,29,1,0,0,26300.0,0.642,0.402,399200.0,161800.0,94200,24,home_improvement,1,1,1,1,0,1
CUST106376,50,female,business,11.7,102900,623,6,108,6,0,0,30000.0,0.446,0.34,328900.0,216800.0,178000,36,business,1,1,1,1,0,0
CUST106377,33,male,salaried,3.1,113200,642,2,24,4,0,3,28600.0,0.309,0.294,319800.0,110000.0,281800,60,home_improvement,1,1,0,1,0,0
CUST106378,57,female,contract,8.0,63100,729,8,126,2,0,0,15800.0,0.169,0.347,265300.0,219400.0,439900,72,medical,1,1,0,1,1,1
CUST106379,41,female,contract,5.8,74300,804,1,19,0,0,6,20300.0,0.719,0.454,303300.0,216100.0,323200,24,business,1,1,1,1,1,1
CUST106380,64,female,salaried,1.9,91600,693,1,11,0,0,3,10800.0,0.159,0.234,614300.0,259500.0,381800,36,education,1,1,1,1,1,1
CUST106381,57,female,salaried,11.4,84200,757,4,55,1,0,0,21800.0,0.307,0.482,584100.0,184700.0,451500,24,consumer,1,1,1,1,1,1
CUST106382,56,male,business,4.9,31500,683,2,33,1,0,2,7000.0,0.285,0.663,110400.0,45200.0,166700,12,personal,1,1,1,1,1,0
CUST106383,31,female,business,11.3,108800,751,4,91,1,0,0,2700.0,0.164,0.2,661400.0,170300.0,687900,36,business,1,1,1,1,1,1
CUST106384,32,male,self_employed,15.3,43400,646,3,45,3,0,3,16400.0,0.591,0.429,137700.0,113000.0,105700,48,personal,1,1,1,1,1,0
CUST106385,22,male,salaried,7.7,57200,739,4,93,3,0,1,9500.0,0.389,0.221,116700.0,82900.0,226300,72,consumer,1,1,0,1,1,1
CUST106386,23,male,self_employed,7.4,135700,718,1,14,1,0,4,32300.0,0.446,0.476,605700.0,436500.0,774700,24,medical,1,1,1,1,1,0
CUST106387,22,male,salaried,7.0,46600,702,3,38,1,0,2,16200.0,0.227,0.608,229000.0,134800.0,145600,12,personal,1,1,1,1,1,1
CUST106388,56,female,salaried,13.8,37100,620,2,38,6,1,0,5200.0,0.557,0.18,180100.0,116400.0,53800,36,personal,1,1,1,1,0,0
CUST106389,55,female,salaried,8.7,44700,676,4,72,4,0,0,5000.0,0.025,0.153,309800.0,228600.0,131800,72,business,1,1,1,1,1,1
CUST106390,63,male,self_employed,21.9,56600,683,1,9,1,0,2,16700.0,0.664,0.477,213100.0,116900.0,123600,12,medical,1,1,1,1,1,0
CUST106391,22,female,salaried,3.7,63100,760,1,14,1,0,3,14600.0,0.535,0.282,334600.0,154900.0,153000,48,home_improvement,1,1,1,1,1,1
CUST106392,35,female,salaried,10.7,34000,733,3,57,0,0,1,4500.0,0.28,0.649,21100.0,7600.0,210800,12,education,1,1,1,1,0,0
CUST106393,63,female,self_employed,1.8,36200,722,2,35,3,0,2,5500.0,0.317,0.219,6300.0,2900.0,58400,24,home,1,1,1,1,0,0
CUST106394,49,male,salaried,2.9,61800,639,2,19,1,0,0,18500.0,0.52,0.404,332000.0,86300.0,233400,36,home,1,1,1,1,1,0
CUST106395,22,male,salaried,11.4,50700,686,2,38,2,0,1,12300.0,0.283,0.331,69100.0,41500.0,161700,36,medical,1,1,1,1,0,1
CUST106396,30,female,self_employed,11.7,57100,666,3,59,7,0,1,4400.0,0.215,0.1,175200.0,128100.0,31400,24,medical,1,1,1,1,1,0
CUST106397,49,male,salaried,6.4,85000,770,2,39,1,0,1,15900.0,0.346,0.331,293200.0,174800.0,441300,36,business,1,0,1,1,1,1
CUST106398,49,male,self_employed,4.5,50800,584,2,28,2,0,2,17200.0,0.634,0.445,253300.0,72200.0,194700,36,education,1,1,1,1,1,0
CUST106399,56,female,business,24.0,45500,733,3,42,0,0,3,400.0,0.178,0.288,178800.0,58600.0,228700,18,business,1,1,1,1,0,1
CUST106400,24,male,salaried,3.9,96900,672,5,106,4,0,1,11200.0,0.45,0.205,588800.0,265600.0,416800,48,consumer,1,1,0,1,1,1
CUST106401,27,female,business,9.8,37700,725,3,55,2,0,1,17300.0,0.581,0.517,42100.0,31500.0,104400,48,business,1,1,1,1,1,1
CUST106402,26,female,self_employed,6.3,56700,680,4,90,2,0,2,10400.0,0.195,0.862,199700.0,168800.0,230700,6,education,1,1,1,1,0,1
CUST106403,34,male,self_employed,4.7,128200,642,5,82,3,0,0,31300.0,0.457,0.275,630900.0,362400.0,143200,36,business,1,1,1,1,0,1
CUST106404,58,female,business,10.9,42000,685,3,40,2,0,0,16400.0,0.214,0.446,245400.0,99900.0,168800,72,consumer,1,1,1,1,1,1
CUST106405,61,male,salaried,16.1,29500,696,3,43,2,0,1,8100.0,0.284,0.41,85300.0,68000.0,95600,24,home_improvement,1,0,1,1,1,0
CUST106406,48,male,salaried,8.0,40500,696,4,73,7,0,0,15100.0,0.221,0.718,253200.0,198300.0,251800,18,home_improvement,1,1,1,1,1,0
CUST106407,57,female,self_employed,3.1,102900,694,1,11,0,0,1,25500.0,0.447,0.355,192800.0,106500.0,264500,24,education,1,1,0,1,0,0
CUST106408,53,male,salaried,9.8,45100,767,5,109,1,0,2,12100.0,0.387,0.47,124500.0,112000.0,218400,24,medical,1,1,1,1,0,1
CUST106409,48,female,salaried,1.9,86900,704,2,36,2,0,1,6000.0,0.25,0.302,152600.0,60900.0,364700,18,business,1,1,1,1,1,1
CUST106410,37,female,salaried,19.1,78300,783,3,36,0,0,2,3300.0,0.514,0.267,302600.0,197400.0,317300,18,home_improvement,1,1,1,1,1,1
CUST106411,25,male,contract,9.0,84200,748,2,35,1,0,1,10000.0,0.161,0.147,250500.0,69500.0,115200,48,personal,1,1,1,1,1,1
CUST106412,59,male,salaried,11.5,31500,720,2,38,4,0,2,13900.0,0.749,0.552,198800.0,42200.0,125900,36,education,1,1,1,1,0,0
CUST106413,61,male,business,2.0,49100,683,7,147,14,0,2,8300.0,0.224,0.25,112600.0,91400.0,95800,24,education,1,1,1,1,0,0
CUST106414,34,female,self_employed,13.4,71700,735,3,60,3,0,1,13500.0,0.353,0.454,462500.0,338600.0,456800,24,consumer,1,1,1,1,0,1
CUST106415,22,male,business,2.9,55600,683,2,19,1,0,0,4400.0,0.166,0.179,382500.0,215200.0,267100,48,home_improvement,1,0,1,1,1,1
CUST106416,27,female,salaried,8.9,73000,606,5,79,11,0,1,26300.0,0.465,0.428,137100.0,58700.0,179200,36,vehicle,1,1,1,1,1,0
CUST106417,38,male,salaried,6.1,25900,731,4,81,3,0,2,4100.0,0.141,0.169,42300.0,16400.0,20000,72,vehicle,1,1,1,1,0,0
CUST106418,28,female,business,5.7,21900,723,2,41,1,0,2,2100.0,0.279,0.415,76200.0,51400.0,83900,12,vehicle,1,1,1,1,1,0
CUST106419,22,male,salaried,3.0,46800,702,3,55,2,0,2,6800.0,0.172,0.287,16400.0,12600.0,238800,36,vehicle,1,1,1,1,1,0
CUST106420,27,female,salaried,2.5,69300,609,6,117,15,0,1,1400.0,0.266,0.144,246700.0,150500.0,512700,60,consumer,1,1,1,1,1,0
CUST106421,21,male,salaried,10.1,92700,663,1,21,3,0,6,8600.0,0.761,0.118,668500.0,140800.0,113500,48,consumer,1,1,1,1,0,0
CUST106422,52,male,salaried,1.0,42100,698,2,31,1,0,0,15000.0,0.508,0.61,146600.0,53900.0,192200,18,home,1,1,1,1,1,0
CUST106423,35,male,business,5.0,43500,704,1,23,0,0,1,10300.0,0.428,0.425,168200.0,95800.0,295000,36,business,1,1,1,1,0,0
CUST106424,65,female,contract,2.9,135500,707,2,34,0,0,1,16000.0,0.661,0.181,67400.0,55000.0,613100,72,home_improvement,1,1,1,1,0,1
CUST106425,55,male,salaried,4.3,98800,733,2,23,3,0,1,9800.0,0.443,0.285,385500.0,270400.0,659800,36,personal,1,1,1,1,0,1
CUST106426,44,female,salaried,21.6,60800,676,0,0,0,0,1,22000.0,0.259,0.397,180100.0,76300.0,77000,36,education,1,1,1,1,0,0
CUST106427,29,female,salaried,3.0,88300,647,3,44,4,0,0,14900.0,0.439,0.244,286900.0,145500.0,399100,60,personal,1,1,1,1,1,0
CUST106428,33,female,salaried,7.8,37500,681,1,16,1,0,1,12000.0,0.495,0.475,175300.0,103200.0,278200,48,consumer,1,1,1,1,1,0
CUST106429,62,male,contract,7.9,55900,736,2,43,1,0,0,20400.0,0.146,0.628,329100.0,188600.0,264500,18,personal,1,1,1,1,0,1
CUST106430,22,female,salaried,7.9,65900,696,5,79,6,0,3,22600.0,0.477,0.57,394300.0,146600.0,358400,24,home,1,1,1,1,1,0
CUST106431,23,male,self_employed,9.4,88100,706,1,17,0,0,2,8800.0,0.584,0.114,485700.0,409600.0,58000,48,business,1,1,1,1,1,1
CUST106432,56,male,salaried,5.9,22400,710,2,45,1,0,2,8000.0,0.247,0.519,87100.0,50100.0,21800,6,vehicle,1,1,1,1,0,0
CUST106433,54,male,self_employed,4.6,95400,709,2,25,5,0,2,4600.0,0.413,0.266,173600.0,106800.0,498600,24,education,1,1,1,1,1,1
CUST106434,29,male,business,10.9,44600,635,3,68,4,0,1,7700.0,0.369,0.2,67700.0,60800.0,72800,60,personal,1,1,1,1,0,0
CUST106435,58,male,self_employed,7.2,85500,676,2,26,0,0,1,7800.0,0.585,0.136,95100.0,59600.0,181800,48,personal,1,1,1,1,1,1
CUST106436,52,male,salaried,4.1,63900,691,6,134,10,0,2,22600.0,0.854,0.392,301100.0,171100.0,147300,60,personal,1,0,1,1,0,0
CUST106437,45,female,business,10.7,66800,746,1,18,0,0,3,18500.0,0.428,0.651,298700.0,89100.0,149800,6,personal,1,1,1,0,1,1
CUST106438,33,male,salaried,6.4,76900,682,3,41,1,0,0,11800.0,0.458,0.228,311000.0,195800.0,205900,36,business,1,1,1,1,0,0
CUST106439,42,female,business,4.7,98400,675,2,27,5,0,1,9700.0,0.26,0.193,192100.0,169500.0,333100,36,business,1,1,1,1,0,1
CUST106440,55,female,salaried,13.6,45400,701,2,25,1,0,0,11400.0,0.399,0.377,220300.0,90700.0,342400,60,personal,0,1,1,1,0,0
CUST106441,42,female,business,11.0,114200,665,4,53,3,0,3,18000.0,0.431,0.292,369000.0,159500.0,553500,36,home,1,1,1,1,0,1
CUST106442,49,male,self_employed,12.4,79100,754,3,30,0,0,0,24900.0,0.151,0.55,430000.0,280000.0,445800,24,personal,1,1,1,1,1,1
CUST106443,46,female,salaried,5.4,54500,648,3,52,8,0,1,10500.0,0.329,0.234,179800.0,108200.0,54600,24,vehicle,1,1,1,1,1,0
CUST106444,40,male,salaried,8.6,57500,716,2,33,1,0,0,18100.0,0.421,0.462,375700.0,119300.0,203700,24,home_improvement,1,1,1,1,1,1
CUST106445,53,female,self_employed,8.3,126800,692,1,15,3,0,1,13600.0,0.209,0.28,753100.0,653800.0,786400,36,home_improvement,1,1,1,1,0,1
CUST106446,32,female,salaried,9.9,170600,723,4,68,0,0,1,12200.0,0.398,0.107,739900.0,371400.0,215100,36,personal,1,1,0,1,1,1
CUST106447,36,male,business,3.5,66700,694,2,28,0,0,4,10000.0,0.475,0.247,48200.0,31900.0,233800,36,education,1,1,1,1,0,0
CUST106448,47,male,salaried,7.0,67800,744,2,36,0,0,4,23100.0,0.591,0.465,443100.0,300000.0,303800,36,personal,1,1,1,1,1,1
CUST106449,63,male,business,2.8,55400,709,2,44,2,0,0,19400.0,0.214,0.458,106500.0,25200.0,285600,48,medical,1,1,1,1,1,1
CUST106450,52,male,salaried,9.7,51500,584,5,72,8,0,1,13200.0,0.361,0.526,106600.0,73100.0,333300,24,home,1,1,1,1,0,0
CUST106451,24,female,salaried,3.9,31700,640,4,36,4,0,2,12100.0,0.195,0.571,65700.0,35400.0,216500,36,business,1,1,1,1,1,0
CUST106452,22,male,self_employed,6.2,90000,706,3,47,4,1,1,25800.0,0.271,0.414,309600.0,238200.0,548600,48,personal,1,1,1,1,1,0
CUST106453,50,female,self_employed,6.9,53100,628,4,58,6,0,5,20400.0,0.414,0.434,141500.0,56200.0,95300,36,personal,1,1,1,1,1,0
CUST106454,34,female,contract,6.9,79000,708,3,55,2,0,2,11100.0,0.255,0.248,179700.0,129500.0,510600,60,business,1,1,1,1,0,1
CUST106455,22,female,business,5.4,44100,658,2,36,4,0,0,5100.0,0.304,0.327,54100.0,32100.0,223300,24,business,1,1,1,1,0,0
CUST106456,55,female,salaried,11.6,53700,677,2,23,1,0,4,7700.0,0.493,0.249,101200.0,22500.0,273200,48,vehicle,1,1,1,1,0,0
CUST106457,36,female,business,15.4,53900,775,3,39,0,0,2,17300.0,0.349,0.493,21900.0,14400.0,333600,36,education,1,1,1,1,1,1
CUST106458,33,male,salaried,2.0,39600,658,4,62,6,0,1,7000.0,0.389,0.227,48600.0,41100.0,47900,24,business,1,1,1,1,1,0
CUST106459,44,male,contract,1.1,87800,677,2,29,1,0,0,23200.0,0.325,0.4,351600.0,97200.0,430600,36,business,1,1,1,1,1,1
CUST106460,53,male,salaried,11.2,152800,746,4,43,1,0,2,11800.0,0.444,0.175,944000.0,376500.0,715000,48,medical,1,1,1,1,0,1
CUST106461,26,male,salaried,6.5,58600,704,4,37,3,0,1,8500.0,0.7,0.284,302100.0,171300.0,390500,48,home,1,1,1,1,1,1
CUST106462,39,male,contract,5.7,104000,727,4,58,2,0,2,25300.0,0.628,0.508,268900.0,118800.0,659700,24,personal,1,1,1,1,1,1
CUST106463,55,male,self_employed,9.9,61400,679,5,53,2,0,1,12500.0,0.284,0.231,242200.0,208900.0,20000,12,vehicle,1,1,0,1,1,1
CUST106464,51,female,business,8.6,37800,658,3,60,6,0,0,10200.0,0.327,0.535,239900.0,149300.0,240600,24,consumer,1,1,1,1,1,0
CUST106465,26,male,self_employed,12.0,147200,698,3,66,6,0,1,45800.0,0.354,0.466,103100.0,50800.0,821600,36,education,1,1,1,1,0,1
CUST106466,62,male,salaried,2.5,48500,683,5,63,2,0,2,12500.0,0.551,0.34,221500.0,96200.0,95300,24,home_improvement,1,1,0,1,0,0
CUST106467,29,female,salaried,9.6,30200,746,5,98,2,0,1,8200.0,0.296,0.401,41000.0,36700.0,70300,18,business,1,1,1,1,1,0
CUST106468,28,female,salaried,4.2,58700,701,2,33,1,0,0,1200.0,0.121,0.115,431600.0,388300.0,332000,60,education,1,1,1,1,1,1
CUST106469,23,male,salaried,9.8,77500,721,8,178,14,0,0,20500.0,0.322,0.42,364400.0,317200.0,288900,24,vehicle,1,0,1,1,1,1
CUST106470,62,male,business,14.8,109300,746,2,21,1,0,3,5700.0,0.218,0.068,569700.0,271300.0,62500,36,education,1,1,1,0,1,1
CUST106471,30,female,salaried,11.3,97800,691,3,44,1,0,1,37800.0,0.531,0.563,477600.0,341000.0,207100,12,education,1,1,1,1,1,1
CUST106472,61,female,contract,1.4,58100,700,4,68,4,0,0,17400.0,0.304,0.366,318500.0,116000.0,69500,18,personal,1,1,1,1,1,1
CUST106473,47,male,business,11.4,59300,665,4,76,12,0,1,25200.0,0.444,0.518,386700.0,218900.0,199200,36,business,1,1,0,1,1,0
CUST106474,43,female,salaried,14.8,36200,725,9,115,2,0,0,11600.0,0.595,0.354,176700.0,55600.0,73000,60,personal,1,1,1,1,1,1
CUST106475,62,female,salaried,5.1,24700,730,5,48,2,0,0,6800.0,0.089,0.386,15200.0,9200.0,98600,36,business,1,1,1,1,0,1
CUST106476,23,female,contract,4.8,82400,670,5,103,7,0,0,26000.0,0.024,0.468,366700.0,208000.0,225900,18,consumer,1,1,1,1,0,1
CUST106477,59,male,salaried,1.9,50200,632,3,68,4,0,3,21600.0,0.527,0.546,91000.0,43400.0,209900,36,personal,1,1,1,1,0,0
CUST106478,57,male,salaried,11.1,157400,747,2,26,0,0,1,34600.0,0.28,0.341,1048900.0,509500.0,686700,36,vehicle,1,1,1,1,1,1
CUST106479,63,male,salaried,9.8,97500,668,2,31,3,0,0,32300.0,0.812,1.17,41200.0,26500.0,490700,6,home,1,1,1,1,0,0
CUST106480,47,male,contract,5.7,23800,664,2,37,5,0,1,9100.0,0.428,0.54,152400.0,92900.0,89800,24,personal,1,1,1,0,1,0
CUST106481,65,male,business,7.3,34600,623,5,103,7,0,0,5000.0,0.735,0.282,47800.0,11200.0,228000,48,education,1,1,1,1,0,0
CUST106482,35,female,salaried,9.1,53700,782,4,89,3,0,3,12500.0,0.459,0.288,61400.0,38600.0,176500,60,vehicle,1,1,1,1,0,1
CUST106483,21,female,salaried,14.1,57000,708,0,0,0,0,1,17000.0,0.592,0.321,296700.0,82300.0,46000,36,home,1,1,1,1,1,0
CUST106484,22,male,salaried,11.5,26600,704,5,78,2,0,5,7000.0,0.931,0.368,0.0,0.0,100100,36,medical,1,1,1,1,0,0
CUST106485,57,female,salaried,15.8,58700,665,5,70,5,0,1,5200.0,0.303,1.171,12500.0,10700.0,381300,6,business,1,1,1,0,1,0
CUST106486,38,female,salaried,2.4,58000,685,1,9,2,0,1,10700.0,0.167,0.321,20400.0,10900.0,285000,36,vehicle,1,1,1,1,0,0
CUST106487,23,female,salaried,6.2,35200,640,0,0,0,0,2,8800.0,0.318,0.37,66500.0,59200.0,253900,60,consumer,1,1,1,1,0,0
CUST106488,24,male,salaried,13.1,58000,727,3,68,1,0,3,18400.0,0.512,0.401,145400.0,37800.0,174600,36,vehicle,1,1,1,1,0,1
CUST106489,56,female,self_employed,8.5,59400,782,6,119,1,0,1,14100.0,0.387,0.353,170000.0,66700.0,411500,60,business,1,1,1,1,1,1
CUST106490,41,male,salaried,4.1,171700,746,5,49,1,0,2,20100.0,0.556,0.197,249400.0,136700.0,827500,60,home,1,0,1,1,1,1
CUST106491,32,female,salaried,3.4,45900,714,4,57,3,0,2,10300.0,0.22,0.283,295200.0,70800.0,128400,48,business,1,1,1,1,1,1
CUST106492,23,female,self_employed,8.5,58300,717,1,22,1,0,2,12400.0,0.453,0.48,111400.0,96200.0,374600,24,home,1,1,1,1,1,0
CUST106493,63,male,salaried,6.9,48200,703,3,35,1,0,0,11300.0,0.172,0.573,53700.0,25600.0,391500,24,personal,1,1,1,1,0,1
CUST106494,50,female,salaried,2.2,38600,684,3,49,2,0,0,20300.0,0.132,0.585,59900.0,52600.0,41300,18,personal,1,1,1,1,1,0
CUST106495,56,female,contract,12.3,29200,710,3,68,4,0,1,10700.0,0.607,0.442,96300.0,66400.0,106000,48,education,1,1,1,1,1,1
CUST106496,49,female,salaried,4.4,88500,709,5,63,2,0,0,17200.0,0.202,0.282,202300.0,100500.0,463500,60,personal,1,1,1,1,0,1
CUST106497,53,male,salaried,5.1,66100,649,3,32,1,0,3,12300.0,0.463,0.304,349500.0,295500.0,280900,36,medical,1,1,1,1,1,0
CUST106498,31,male,salaried,7.6,43200,749,1,19,0,0,0,14700.0,0.159,0.366,75900.0,58400.0,67000,60,business,1,1,1,1,0,1
CUST106499,37,female,self_employed,8.9,30900,649,2,40,8,0,0,2000.0,0.128,0.126,178300.0,56200.0,136000,72,vehicle,1,1,0,1,1,0
CUST106500,49,female,business,5.4,162300,710,4,61,3,0,0,40900.0,0.392,0.296,228100.0,182800.0,172500,24,consumer,1,1,1,1,1,1
CUST106501,47,female,salaried,8.2,96700,655,3,40,5,1,0,13000.0,0.711,0.232,76500.0,16800.0,339400,36,consumer,1,1,1,1,0,0
CUST106502,28,male,self_employed,3.0,98900,689,5,97,3,0,4,3100.0,0.696,0.27,600200.0,127300.0,566300,24,home,1,1,1,1,0,0
CUST106503,27,male,salaried,2.0,69800,598,3,57,3,0,2,8700.0,0.493,0.696,382300.0,289200.0,478500,12,home_improvement,1,1,1,1,1,0
CUST106504,26,male,salaried,8.1,44600,688,1,18,1,0,0,2100.0,0.07,0.217,161100.0,72400.0,273500,36,personal,1,1,1,1,1,1
CUST106505,59,female,salaried,9.1,82200,667,2,31,1,0,3,9300.0,0.676,0.253,87200.0,56200.0,553300,48,medical,1,1,1,1,1,0
CUST106506,37,male,salaried,6.0,47200,678,4,92,4,0,0,13900.0,0.682,0.404,153500.0,92800.0,124000,24,home,0,1,1,1,1,0
CUST106507,57,female,self_employed,4.5,66300,694,4,75,5,0,2,12700.0,0.297,0.254,188000.0,78600.0,150200,36,personal,1,1,1,1,0,1
CUST106508,29,male,business,6.8,51800,686,2,32,0,0,0,4400.0,0.291,0.186,153800.0,63700.0,377200,72,medical,1,1,1,1,0,1
CUST106509,31,male,self_employed,16.2,34100,626,6,72,12,1,1,5200.0,0.674,0.346,11800.0,8300.0,237500,36,personal,1,1,1,1,1,0
CUST106510,41,female,self_employed,2.6,51700,618,4,44,4,0,2,14800.0,0.296,0.452,326300.0,279800.0,308900,36,vehicle,1,1,1,1,1,0
CUST106511,62,male,salaried,5.6,65900,725,1,16,1,0,2,14300.0,0.253,0.65,79800.0,16300.0,342300,12,personal,1,1,1,1,1,1
CUST106512,46,male,self_employed,4.9,56700,715,2,41,1,0,2,15100.0,0.266,0.434,12800.0,6300.0,171100,18,personal,1,1,0,1,1,1
CUST106513,40,male,salaried,3.0,46400,691,4,79,9,0,1,7600.0,0.369,0.201,133300.0,40700.0,61700,36,home,1,1,1,1,0,0
CUST106514,41,male,business,11.8,108000,680,1,13,1,0,0,39800.0,0.027,0.418,381100.0,128000.0,192500,36,education,1,1,1,1,1,1
CUST106515,27,female,salaried,11.6,52500,713,4,78,2,0,2,5500.0,0.817,0.19,198400.0,157300.0,213800,48,medical,1,1,1,1,1,0
CUST106516,45,female,salaried,3.6,39000,677,3,47,4,0,3,9600.0,0.656,0.287,250400.0,63300.0,96200,60,business,1,1,0,1,0,0
CUST106517,54,female,self_employed,5.7,137700,706,2,43,1,0,1,44400.0,0.384,0.351,393000.0,248600.0,141400,36,vehicle,1,1,1,1,1,1
CUST106518,59,male,salaried,6.8,70000,737,2,28,2,0,5,9200.0,0.463,0.303,459600.0,395900.0,432500,36,home_improvement,1,1,1,1,1,1
CUST106519,60,male,salaried,13.5,35600,664,1,14,1,0,2,9700.0,0.671,0.347,241800.0,191100.0,63700,24,business,1,1,1,1,0,0
CUST106520,65,female,salaried,15.1,37600,692,0,0,0,0,1,3300.0,0.173,0.333,85000.0,48000.0,166200,18,vehicle,1,1,1,1,0,0
CUST106521,23,female,salaried,5.7,97700,729,6,75,3,0,2,6800.0,0.178,0.282,47900.0,26200.0,374000,18,education,1,1,1,1,0,1
CUST106522,24,male,salaried,8.1,48800,656,1,15,1,0,0,12900.0,0.424,0.363,230300.0,184300.0,231500,48,business,1,1,1,0,1,0
CUST106523,23,male,salaried,22.4,60300,793,0,0,0,0,1,18300.0,0.826,0.314,58900.0,20100.0,30600,48,vehicle,1,1,1,1,1,1
CUST106524,48,female,salaried,5.3,49400,683,3,67,2,0,5,11800.0,0.987,0.271,167900.0,95600.0,38600,24,home,1,1,1,1,1,0
CUST106525,22,male,contract,9.8,31600,734,2,48,0,0,0,8700.0,0.29,0.379,72700.0,31300.0,117400,36,business,1,1,1,1,0,1
CUST106526,21,female,salaried,5.5,52000,668,6,81,9,0,1,10700.0,0.439,0.216,168300.0,57300.0,20000,36,consumer,1,1,1,1,0,1
CUST106527,55,female,salaried,14.5,50900,688,2,20,0,0,1,21100.0,0.155,0.541,125000.0,69600.0,232500,36,personal,1,1,1,1,0,1
CUST106528,44,female,business,9.3,72900,720,3,30,0,0,6,18100.0,0.803,0.331,317600.0,131500.0,361200,60,home,1,1,1,1,1,0
CUST106529,53,female,self_employed,10.1,58100,800,4,63,1,0,0,19000.0,0.036,0.511,396900.0,127100.0,385500,36,vehicle,1,1,0,1,1,1
CUST106530,39,male,self_employed,12.4,36300,751,2,22,0,0,1,9800.0,0.108,0.539,159200.0,85600.0,117300,12,education,1,1,1,1,1,1
CUST106531,58,female,business,3.3,61300,613,3,36,3,0,2,13200.0,0.493,0.249,100000.0,65700.0,74600,36,home,1,1,1,1,1,0
CUST106532,21,male,self_employed,6.6,35600,652,4,51,5,0,1,6300.0,0.338,0.227,253200.0,,42600,24,business,1,1,1,1,0,0
CUST106533,44,male,salaried,15.7,121800,716,5,117,3,0,1,24600.0,0.298,0.316,175100.0,111800.0,166200,12,medical,1,1,1,1,1,1
CUST106534,63,female,contract,8.0,75100,651,5,48,2,0,1,19600.0,0.574,0.388,480100.0,131300.0,343700,36,vehicle,1,1,1,1,1,0
CUST106535,31,male,salaried,5.9,102200,617,3,64,8,0,3,30900.0,0.173,0.389,493800.0,302500.0,317100,36,vehicle,1,1,1,1,0,0
CUST106536,38,female,salaried,7.8,61400,712,1,19,1,0,2,9000.0,0.334,0.217,176700.0,49000.0,154900,36,vehicle,1,1,1,1,1,1
CUST106537,22,female,contract,10.9,65100,762,4,50,2,0,2,11000.0,0.409,0.293,285800.0,76800.0,289800,36,consumer,1,1,1,1,0,1
CUST106538,43,male,salaried,9.2,64000,676,2,26,2,0,1,8100.0,0.313,0.727,264700.0,86300.0,230700,6,home_improvement,1,1,1,1,1,0
CUST106539,58,male,self_employed,10.2,125100,768,5,58,2,0,1,31500.0,0.197,0.352,306100.0,241600.0,599300,48,personal,1,1,1,1,0,1
CUST106540,55,male,salaried,2.6,33800,674,3,48,3,0,1,6600.0,0.065,0.236,54400.0,13300.0,65600,48,personal,1,1,1,1,1,0
CUST106541,40,male,salaried,1.8,81400,707,1,14,2,0,0,12400.0,0.586,0.207,477600.0,119600.0,107300,24,consumer,1,1,1,1,1,1
CUST106542,47,male,salaried,22.6,21900,756,2,34,0,0,2,5400.0,0.497,0.432,77000.0,57500.0,73200,18,personal,1,0,1,1,1,0
CUST106543,45,male,contract,12.4,67300,679,4,93,3,0,1,16700.0,0.162,0.352,374800.0,330400.0,334300,48,home,1,1,1,1,0,1
CUST106544,59,female,self_employed,9.3,46800,742,5,107,8,0,2,12400.0,0.516,0.326,247600.0,142100.0,172800,60,business,1,1,1,1,1,1
CUST106545,24,male,business,3.8,33300,675,1,12,0,0,3,9400.0,0.379,0.292,166200.0,46300.0,20000,60,business,1,0,1,0,1,0
CUST106546,23,male,contract,13.8,48000,686,1,16,0,0,0,11600.0,0.486,0.259,52100.0,13500.0,40300,48,vehicle,1,1,1,1,1,1
CUST106547,62,female,salaried,4.6,52900,686,2,33,3,0,0,19000.0,0.509,0.421,355700.0,142900.0,156400,48,home_improvement,1,1,1,1,0,0
CUST106548,22,male,salaried,5.4,32000,771,4,44,0,0,1,10400.0,0.485,0.357,189300.0,101800.0,49500,48,vehicle,1,1,0,1,1,1
CUST106549,24,male,self_employed,13.8,125600,705,3,54,3,0,0,32400.0,0.452,0.339,543600.0,439500.0,730400,72,education,1,1,1,1,1,1
CUST106550,29,male,contract,4.5,36300,588,3,36,6,1,0,5600.0,0.642,0.225,106500.0,78700.0,62000,24,education,1,1,1,1,1,0
CUST106551,34,female,salaried,6.2,76900,683,3,58,5,0,0,5800.0,0.284,0.155,130800.0,45100.0,220200,36,home,1,1,1,1,0,1
CUST106552,49,male,contract,4.8,117400,681,0,0,0,0,2,13900.0,0.372,0.265,238800.0,161200.0,413100,24,business,1,1,1,1,1,1
CUST106553,37,female,salaried,14.6,115300,703,2,31,1,0,1,33200.0,0.18,0.321,712100.0,472400.0,230300,60,consumer,1,1,1,1,0,1
CUST106554,48,male,salaried,9.3,16000,609,2,39,1,0,0,1300.0,0.455,0.159,5200.0,1100.0,29900,24,medical,1,1,1,1,1,0
CUST106555,28,male,salaried,6.7,44700,706,1,21,0,0,0,13600.0,0.229,0.336,276700.0,173400.0,51600,36,personal,1,1,1,1,1,1
CUST106556,29,female,salaried,5.5,30400,683,0,0,0,0,0,200.0,0.119,0.07,131000.0,56500.0,116100,60,medical,1,1,1,1,1,0
CUST106557,51,female,salaried,6.2,73800,721,3,65,1,0,1,23200.0,0.83,0.356,88100.0,32700.0,110600,36,personal,1,1,1,1,0,1
CUST106558,23,female,salaried,10.9,60800,719,2,40,2,0,1,15900.0,0.164,0.405,81200.0,28000.0,157500,18,personal,1,1,1,1,0,1
CUST106559,65,male,self_employed,5.0,135700,779,2,34,0,0,3,44800.0,0.503,0.437,366400.0,87000.0,521700,36,vehicle,1,1,1,1,1,1
CUST106560,45,male,salaried,7.0,82900,631,2,44,2,0,2,7700.0,0.342,0.206,507000.0,170700.0,224100,24,education,1,1,1,1,1,0
CUST106561,50,male,business,4.1,58200,631,6,56,4,0,1,6800.0,0.151,0.321,78000.0,26400.0,285600,24,home,1,1,1,1,1,0
CUST106562,61,male,business,0.3,61800,678,3,64,5,0,1,18100.0,0.281,0.598,186300.0,133900.0,339100,18,consumer,1,1,1,1,1,0
CUST106563,39,female,salaried,6.8,62900,715,3,64,5,0,1,21800.0,0.178,0.454,377500.0,130700.0,486700,72,business,1,1,1,1,1,1
CUST106564,29,male,self_employed,1.3,127800,680,4,66,2,0,0,20800.0,0.291,0.256,119100.0,58600.0,286800,24,personal,1,1,1,1,0,1
CUST106565,49,female,business,30.0,67300,685,5,76,4,0,3,16400.0,0.389,0.327,134700.0,28000.0,336400,60,personal,1,1,1,1,0,1
CUST106566,40,male,salaried,7.3,39500,698,5,58,2,0,3,3900.0,0.302,0.212,18600.0,12000.0,214000,48,medical,1,1,1,1,0,0
CUST106567,34,male,contract,13.6,54800,733,6,98,4,0,0,14700.0,0.095,0.717,72800.0,52800.0,147500,6,vehicle,1,1,1,1,1,1
CUST106568,58,male,self_employed,4.3,19400,647,1,9,3,0,0,5200.0,0.289,0.308,34600.0,23700.0,56100,72,education,1,1,1,1,0,0
CUST106569,45,male,business,2.0,100800,698,3,70,2,0,3,39600.0,0.547,1.134,495100.0,422600.0,448300,6,home_improvement,1,1,1,1,0,0
CUST106570,57,female,salaried,3.7,73300,666,6,70,8,0,1,9100.0,0.13,0.241,304600.0,192500.0,205900,24,personal,1,1,1,1,0,1
CUST106571,29,male,salaried,16.5,51100,660,3,37,5,0,4,8600.0,0.274,0.328,129100.0,50200.0,293900,36,personal,1,1,1,0,1,0
CUST106572,48,male,self_employed,7.1,49400,666,2,21,3,0,4,0.0,0.479,0.131,264100.0,202300.0,233100,36,vehicle,1,1,1,1,1,0
CUST106573,38,female,salaried,8.9,30500,588,3,53,4,0,0,2000.0,0.361,0.133,25700.0,16900.0,74500,36,education,1,1,1,1,0,0
CUST106574,54,female,contract,4.2,153400,783,1,24,0,0,2,58000.0,0.282,0.885,271900.0,187700.0,466200,6,business,1,1,0,1,0,1
CUST106575,31,female,salaried,13.4,112000,746,5,54,1,0,2,11300.0,0.578,0.475,494800.0,128800.0,503400,12,home_improvement,1,1,1,0,1,1
CUST106576,40,male,salaried,2.5,22900,662,1,24,0,0,4,1600.0,0.687,0.202,23400.0,10400.0,108800,36,business,1,1,1,1,1,0
CUST106577,29,male,salaried,10.1,113000,763,2,20,0,0,0,9300.0,0.367,0.141,111300.0,55100.0,320500,48,medical,1,1,1,1,0,1
CUST106578,54,female,self_employed,13.2,38500,711,1,19,1,0,0,9800.0,0.369,0.404,27500.0,24200.0,137700,24,home,1,1,1,1,0,1
CUST106579,24,male,salaried,8.0,43000,701,5,77,8,0,2,14300.0,0.204,0.403,147300.0,59700.0,73100,24,business,1,1,1,1,0,0
CUST106580,26,male,salaried,7.9,105900,713,4,76,0,0,1,26900.0,0.124,0.36,155500.0,49400.0,270300,24,vehicle,1,1,1,0,0,1
CUST106581,46,male,salaried,7.0,95900,720,6,103,5,0,1,32600.0,0.088,0.429,355200.0,89400.0,305800,36,consumer,1,1,1,1,0,1
CUST106582,26,female,salaried,19.9,213800,770,0,0,0,0,2,20800.0,0.519,0.13,478100.0,313500.0,340500,48,personal,1,1,1,1,0,1
CUST106583,65,male,contract,9.8,97200,741,3,46,2,0,1,19700.0,0.426,0.236,186000.0,126700.0,231400,72,home,1,1,1,1,1,1
CUST106584,46,male,self_employed,2.9,169800,728,0,0,0,0,2,45300.0,0.355,0.569,515800.0,276500.0,924200,18,business,1,1,1,1,1,1
CUST106585,25,female,self_employed,8.0,72500,742,3,39,0,0,0,10000.0,0.153,0.26,414900.0,205900.0,106600,12,business,1,1,1,1,1,1
CUST106586,57,male,salaried,2.4,73300,674,5,87,8,0,2,19700.0,0.554,0.483,130200.0,29500.0,376200,24,consumer,1,1,1,1,0,0
CUST106587,29,male,contract,11.5,34700,722,2,46,0,0,2,9500.0,0.443,0.407,139100.0,115300.0,166600,36,consumer,1,1,1,1,1,1
CUST106588,61,female,business,11.6,49000,704,2,22,0,0,1,12200.0,0.317,0.353,209000.0,63300.0,183600,36,vehicle,1,1,1,1,0,1
CUST106589,54,female,salaried,13.2,176400,754,3,72,0,0,1,64600.0,0.191,0.513,489900.0,217800.0,930200,36,consumer,1,1,1,1,1,1
CUST106590,41,male,business,7.4,42500,667,0,0,0,0,0,15500.0,0.159,0.385,154600.0,96800.0,51100,60,personal,1,1,1,1,1,0
CUST106591,60,female,salaried,12.1,64400,686,4,50,2,1,3,19100.0,0.193,1.347,294700.0,124500.0,405800,6,education,1,1,1,1,0,0
CUST106592,45,male,self_employed,3.3,87500,682,0,0,0,0,0,33200.0,0.29,0.454,380500.0,145500.0,312100,48,home,1,1,1,1,1,1
CUST106593,27,male,salaried,8.6,70700,741,2,30,2,0,1,8600.0,0.331,0.241,495800.0,249400.0,203000,24,education,1,1,1,1,1,1
CUST106594,65,female,self_employed,3.3,57100,730,5,116,4,0,4,9400.0,0.589,0.334,81000.0,20100.0,348700,36,home_improvement,1,1,1,1,1,0
CUST106595,41,male,business,4.2,35900,599,1,17,1,0,2,12100.0,0.18,0.406,214200.0,130800.0,118300,48,medical,1,1,1,0,0,0
CUST106596,61,female,salaried,13.2,66600,691,3,37,2,0,1,28200.0,0.443,0.576,270600.0,223500.0,366300,36,consumer,1,1,1,1,0,1
CUST106597,55,female,self_employed,13.5,43400,597,3,44,10,1,0,0.0,0.197,0.091,154200.0,93700.0,142400,36,vehicle,1,1,1,1,0,0
CUST106598,43,male,salaried,10.4,62700,714,1,14,1,0,3,8100.0,0.33,0.231,114100.0,92600.0,230900,36,personal,1,1,1,1,0,1
CUST106599,23,male,business,9.4,29500,668,2,30,0,0,2,4900.0,0.257,0.283,45400.0,21500.0,206400,60,education,1,1,1,1,1,0
CUST106600,35,female,self_employed,3.4,28100,639,0,0,0,0,1,4600.0,0.425,0.213,70300.0,55700.0,50300,36,personal,1,1,1,1,0,0
CUST106601,30,female,salaried,14.9,42300,822,3,32,1,0,0,5300.0,0.559,0.219,40700.0,15100.0,143100,36,vehicle,1,1,1,1,0,1
CUST106602,32,female,self_employed,2.0,38100,669,2,41,7,0,0,10800.0,0.478,0.438,150800.0,125100.0,282400,48,education,1,1,1,1,0,0
CUST106603,56,female,contract,4.7,73600,698,1,10,2,0,1,17000.0,0.248,0.298,126000.0,65700.0,297900,60,business,1,1,1,1,0,0
CUST106604,36,female,business,8.9,39500,597,2,32,6,0,0,0.0,0.141,0.039,174300.0,128300.0,110400,72,medical,1,1,1,1,0,0
CUST106605,51,male,self_employed,8.7,47000,760,3,35,1,0,0,900.0,0.347,0.485,119400.0,57200.0,263000,12,consumer,1,1,1,1,0,1
CUST106606,23,male,business,16.7,103200,694,7,79,5,0,2,39800.0,0.329,0.571,171800.0,138700.0,458800,24,home,1,1,1,1,1,1
CUST106607,65,male,salaried,5.5,44900,670,3,45,3,0,0,4900.0,0.204,0.274,268700.0,230500.0,89000,12,home_improvement,1,1,1,1,0,0
CUST106608,27,female,business,5.6,28800,712,8,88,8,0,1,1300.0,0.692,0.329,100.0,100.0,98100,12,education,1,1,1,0,0,0
CUST106609,39,male,salaried,7.5,57500,674,5,89,6,0,2,11900.0,0.575,0.294,132300.0,106700.0,180000,36,personal,1,1,1,1,1,0
CUST106610,43,female,self_employed,1.2,48100,674,1,24,0,0,2,13200.0,0.332,0.344,194300.0,94800.0,200900,60,consumer,1,1,1,1,1,0
CUST106611,22,male,salaried,1.3,44600,600,3,38,4,0,3,4000.0,0.239,0.253,246300.0,65200.0,262100,36,vehicle,1,0,1,1,1,0
CUST106612,40,female,self_employed,6.5,41500,666,3,31,2,0,0,14900.0,0.421,0.416,117900.0,95300.0,141800,60,business,1,1,1,1,1,0
CUST106613,38,male,self_employed,3.8,99100,773,6,135,3,0,1,29500.0,0.511,1.175,21100.0,16800.0,521500,6,home_improvement,1,1,0,1,0,1
CUST106614,34,female,salaried,3.3,51500,683,2,43,1,0,1,10000.0,0.274,0.741,108300.0,92000.0,169100,6,home,1,1,1,1,1,0
CUST106615,35,female,salaried,15.2,95900,796,2,40,0,0,1,12800.0,0.465,0.616,326700.0,173600.0,277700,6,business,1,1,1,1,1,1
CUST106616,42,male,salaried,6.5,107500,758,5,95,0,0,0,13900.0,0.357,0.171,165400.0,142300.0,213800,48,home_improvement,1,1,1,1,0,1
CUST106617,21,male,salaried,6.1,71300,761,3,61,2,0,2,3700.0,0.488,0.19,277100.0,131300.0,353400,36,vehicle,1,1,1,1,0,1
CUST106618,35,male,self_employed,3.6,85700,684,2,29,1,0,1,32400.0,0.091,0.512,260100.0,78400.0,552900,48,medical,1,1,1,1,0,1
CUST106619,28,female,contract,15.1,59900,692,2,30,2,0,4,8400.0,0.346,0.214,264300.0,109300.0,266900,60,personal,1,1,1,1,0,1
CUST106620,64,male,business,5.6,22600,681,2,34,2,0,1,1600.0,0.277,0.322,68600.0,55600.0,204700,36,home_improvement,1,1,1,1,0,0
CUST106621,23,male,salaried,8.3,188800,761,4,72,0,0,1,61100.0,0.764,0.437,760000.0,597700.0,772900,36,vehicle,1,0,1,1,1,1
CUST106622,25,male,contract,8.6,74000,587,2,23,3,0,3,8600.0,0.382,0.212,459300.0,141000.0,255500,36,business,1,1,1,1,0,0
CUST106623,64,female,contract,13.6,30200,719,1,21,0,0,1,12100.0,0.466,0.53,182800.0,147800.0,141000,36,consumer,1,1,1,1,0,0
CUST106624,33,female,self_employed,7.1,60000,710,2,26,2,0,3,6000.0,0.3,0.189,87900.0,31800.0,191500,36,business,1,1,1,1,0,1
CUST106625,38,female,self_employed,1.4,56000,685,5,64,6,0,0,6200.0,0.101,0.185,307300.0,247100.0,199000,48,medical,1,1,1,1,1,1
CUST106626,58,female,salaried,11.9,31300,661,2,41,3,0,2,800.0,0.413,0.333,138100.0,121900.0,173400,18,education,1,1,1,1,1,0
CUST106627,56,male,self_employed,3.1,126400,643,3,28,2,0,0,17600.0,0.317,0.199,491000.0,324100.0,273300,36,education,1,1,1,1,1,1
CUST106628,39,male,salaried,3.3,68600,745,7,97,1,0,1,0.0,0.189,0.345,197300.0,41700.0,284000,12,personal,1,1,1,1,0,1
CUST106629,29,female,self_employed,10.4,85000,683,3,58,2,0,1,11400.0,0.445,0.318,339600.0,132200.0,563400,36,consumer,1,1,1,1,0,1
CUST106630,32,male,salaried,2.8,55200,612,2,44,2,0,2,3000.0,0.361,0.221,182400.0,103300.0,330700,36,vehicle,1,1,1,1,1,0
CUST106631,26,female,salaried,4.5,61100,647,1,20,1,0,0,12300.0,0.32,0.27,120700.0,43900.0,151700,36,personal,1,1,1,1,1,0
CUST106632,58,female,self_employed,8.2,61100,660,4,68,8,0,0,12200.0,0.54,0.227,228500.0,144500.0,121700,72,personal,1,1,1,1,1,0
CUST106633,60,male,salaried,6.9,49300,737,3,35,1,0,2,17300.0,0.411,0.427,38100.0,20400.0,135100,36,consumer,1,1,1,1,1,1
CUST106634,61,female,salaried,10.4,51200,637,3,41,7,0,0,6500.0,0.371,0.203,37900.0,29700.0,140200,36,vehicle,1,1,1,1,0,0
CUST106635,46,male,salaried,5.3,39100,725,2,47,1,0,0,7600.0,0.35,0.468,243100.0,152000.0,256900,24,personal,1,1,1,1,1,1
CUST106636,26,female,salaried,4.6,42100,676,2,33,3,0,1,10400.0,0.516,0.326,93100.0,82900.0,199800,60,home,1,0,1,1,1,0
CUST106637,36,male,salaried,13.1,108800,759,1,23,0,0,0,25500.0,0.547,0.347,717300.0,630500.0,440500,36,personal,1,1,1,1,0,1
CUST106638,62,male,salaried,7.9,45300,689,4,72,8,0,1,8100.0,0.575,0.256,164000.0,70100.0,126700,36,home_improvement,1,1,1,1,0,1
CUST106639,63,male,self_employed,9.9,83800,650,0,0,0,0,1,22500.0,0.168,0.394,425100.0,155700.0,503800,48,education,1,1,0,1,1,0
CUST106640,38,male,contract,9.9,49000,721,5,61,4,0,2,14200.0,0.286,0.4,79200.0,53000.0,130100,24,personal,1,0,1,1,1,1
CUST106641,23,male,salaried,12.4,43500,676,4,33,7,0,1,2900.0,0.397,0.088,182800.0,63300.0,65700,72,medical,1,1,1,1,0,0
CUST106642,57,female,salaried,11.2,57300,728,1,16,4,0,1,19700.0,0.409,0.522,310900.0,197500.0,368200,36,education,1,1,1,1,1,1
CUST106643,39,male,contract,9.7,21100,619,2,39,3,0,3,0.0,0.596,0.736,129600.0,67900.0,186300,12,vehicle,1,1,1,1,1,0
CUST106644,58,male,salaried,5.0,61000,709,0,0,0,0,2,15600.0,0.425,0.367,33500.0,29800.0,244100,36,education,1,1,1,1,0,0
CUST106645,40,female,salaried,11.7,95300,754,4,44,0,0,1,19800.0,0.304,0.233,212500.0,106400.0,143500,60,vehicle,1,1,1,1,1,1
CUST106646,34,female,salaried,4.7,35100,672,0,0,0,0,1,800.0,0.418,0.12,30500.0,22100.0,204400,60,personal,1,1,0,1,0,0
CUST106647,64,male,salaried,12.6,53800,702,3,46,2,0,2,8300.0,0.3,0.308,196800.0,96500.0,297900,36,home_improvement,1,1,0,1,0,0
CUST106648,43,female,salaried,23.1,55900,758,1,21,1,0,1,7400.0,0.133,0.345,236400.0,127700.0,285500,24,personal,1,0,1,1,1,1
CUST106649,31,male,salaried,10.6,54500,646,4,63,9,0,0,20500.0,0.249,0.594,225700.0,154900.0,285000,24,home,0,0,1,1,0,0
CUST106650,36,male,salaried,9.5,44600,690,1,19,0,0,1,4700.0,0.414,0.396,49200.0,43400.0,233000,18,vehicle,1,1,1,1,0,0
CUST106651,39,female,business,8.0,60000,589,5,52,3,0,2,16100.0,0.315,0.283,197800.0,105400.0,20900,24,business,1,1,1,1,1,0
CUST106652,43,male,salaried,13.1,36200,677,1,19,0,0,2,4500.0,0.604,0.336,35500.0,30300.0,276100,36,education,1,1,1,1,0,1
CUST106653,56,female,self_employed,4.6,82700,682,4,48,4,0,0,26900.0,0.416,0.444,538600.0,473100.0,352700,36,medical,1,1,1,1,1,1
CUST106654,32,male,self_employed,3.9,60200,670,2,29,1,0,3,16100.0,0.517,0.338,154000.0,82100.0,203200,48,education,1,0,1,1,1,0
CUST106655,34,female,salaried,6.6,73700,716,0,0,0,0,0,4800.0,0.288,0.335,308300.0,127400.0,238800,12,consumer,1,1,1,1,1,1
CUST106656,34,male,salaried,6.2,54900,694,3,32,1,0,0,17600.0,0.234,1.142,45200.0,28100.0,270500,6,personal,1,0,1,1,1,0
CUST106657,50,female,self_employed,6.0,89000,711,0,0,0,0,1,9900.0,0.276,0.665,648400.0,478400.0,591400,12,personal,1,1,1,1,1,1
CUST106658,23,male,salaried,8.3,86800,645,1,20,1,0,1,9100.0,0.404,0.211,143300.0,34900.0,443500,48,business,1,1,1,1,0,0
CUST106659,32,male,business,4.4,66700,677,2,36,2,0,0,18200.0,0.226,0.434,235800.0,72400.0,386300,36,personal,1,1,1,1,0,0
CUST106660,26,male,salaried,4.6,25200,684,7,99,6,0,1,3100.0,0.291,0.337,59500.0,25300.0,32400,6,personal,1,1,0,1,1,0
CUST106661,44,male,salaried,8.8,65800,648,3,41,4,0,0,800.0,0.121,0.173,416800.0,165400.0,380000,36,personal,1,1,1,1,1,0
CUST106662,57,female,contract,13.6,47100,705,4,44,4,0,0,4700.0,0.524,0.228,233000.0,116600.0,289000,48,home,1,1,1,1,1,1
CUST106663,36,male,salaried,13.6,43900,766,2,32,0,0,3,7100.0,0.384,0.245,202000.0,180800.0,220100,60,personal,1,1,1,1,0,1
CUST106664,41,male,salaried,13.1,47100,686,0,0,0,0,2,5400.0,0.289,0.273,67500.0,55800.0,269000,36,personal,1,1,1,1,1,0
CUST106665,42,female,business,8.0,39700,725,2,28,0,0,1,12200.0,0.304,0.409,106400.0,48000.0,144800,36,consumer,1,1,1,0,0,1
CUST106666,33,male,salaried,11.3,44800,776,3,36,0,0,4,12300.0,0.805,0.291,328100.0,235600.0,53700,72,personal,1,1,1,1,1,1
CUST106667,34,male,salaried,5.8,173400,798,2,24,0,0,4,64900.0,0.421,0.458,903600.0,741400.0,697100,48,vehicle,1,1,1,1,1,1
CUST106668,24,male,salaried,17.2,43800,703,3,35,1,0,1,4400.0,0.245,0.294,335500.0,149400.0,101500,12,education,1,1,1,1,0,0
CUST106669,56,male,business,8.9,69400,748,3,29,1,0,1,23900.0,0.445,0.396,153900.0,103700.0,215300,60,personal,1,1,1,1,0,1
CUST106670,45,male,contract,8.2,31500,697,1,13,0,0,0,4100.0,0.346,0.224,126900.0,88300.0,106900,36,home_improvement,1,1,1,1,0,0
CUST106671,30,female,contract,,36100,685,3,43,11,0,2,7300.0,0.282,0.225,218600.0,155200.0,20000,24,personal,1,1,1,1,1,0
CUST106672,51,male,salaried,12.8,38800,661,0,0,0,0,4,300.0,0.793,0.182,41000.0,9000.0,243600,36,home,1,1,1,1,1,0
CUST106673,42,male,salaried,6.6,56100,610,3,53,4,0,0,12100.0,0.531,0.32,376500.0,175700.0,350800,60,medical,1,1,1,1,1,0
CUST106674,33,male,salaried,11.2,39500,653,3,35,1,0,1,10400.0,0.274,0.323,126500.0,56100.0,113400,48,vehicle,1,1,1,1,1,0
CUST106675,65,female,salaried,5.1,71800,665,4,48,4,0,2,26500.0,0.374,0.453,306500.0,228500.0,287600,48,medical,1,0,1,1,0,0
CUST106676,37,male,salaried,6.5,25100,664,1,9,1,0,0,6800.0,0.096,1.265,185000.0,75100.0,149700,6,vehicle,1,1,1,1,0,0
CUST106677,39,male,business,5.9,72300,771,5,94,1,0,0,2400.0,0.597,0.291,127600.0,88700.0,447800,24,consumer,1,1,1,1,1,1
CUST106678,47,male,self_employed,7.1,34700,728,4,70,2,0,1,13200.0,0.055,0.471,149000.0,103100.0,226500,72,education,1,1,1,1,1,1
CUST106679,31,female,salaried,4.9,54700,664,3,28,2,0,0,4000.0,0.168,0.149,103400.0,23200.0,247500,60,education,1,1,1,1,0,1
CUST106680,49,male,salaried,3.5,55300,751,1,14,0,0,3,5100.0,0.645,0.239,223500.0,136500.0,195100,24,vehicle,1,1,1,1,0,1
CUST106681,60,female,salaried,3.3,57700,696,1,24,0,0,1,5900.0,0.217,0.167,250700.0,205000.0,268500,72,consumer,1,1,1,1,1,1
CUST106682,27,male,self_employed,4.1,43100,668,3,41,1,0,0,10800.0,0.167,0.388,285300.0,251800.0,284100,48,consumer,1,0,1,1,1,1
CUST106683,57,female,contract,7.7,58700,718,1,14,0,0,1,14500.0,0.266,0.442,142900.0,128600.0,411000,36,personal,1,1,1,1,1,1
CUST106684,41,female,salaried,11.0,64800,751,2,46,2,0,2,19100.0,0.805,0.556,157800.0,42000.0,406200,24,vehicle,1,1,1,1,1,1
CUST106685,63,female,contract,13.4,247000,783,3,30,0,0,0,67200.0,0.464,0.289,1570500.0,736400.0,294000,72,consumer,1,1,1,1,1,1
CUST106686,44,female,contract,3.2,67800,595,5,85,10,2,4,24600.0,0.505,0.414,342500.0,100700.0,83300,24,personal,1,1,1,1,1,0
CUST106687,46,female,salaried,8.8,34900,710,5,112,3,0,2,4700.0,0.722,0.258,89100.0,20400.0,257700,60,medical,1,1,1,1,0,0
CUST106688,39,male,salaried,16.0,63100,729,2,22,2,0,1,0.0,0.237,0.077,346300.0,150600.0,117000,24,vehicle,1,1,1,1,1,1
CUST106689,54,male,salaried,5.3,70700,679,3,50,4,0,0,28800.0,0.224,0.478,330800.0,287000.0,179700,36,vehicle,1,1,1,1,0,0
CUST106690,53,male,salaried,4.7,52300,642,3,63,6,1,1,16500.0,0.235,0.35,253400.0,140300.0,43000,24,home,1,1,1,1,1,0
CUST106691,29,male,contract,20.2,37000,701,5,49,1,0,4,7900.0,0.811,0.734,69500.0,43600.0,230900,12,medical,1,1,1,1,1,0
CUST106692,48,female,salaried,15.4,59600,746,5,82,3,0,2,15400.0,0.399,0.298,438500.0,213900.0,142900,60,business,1,1,1,1,0,1
CUST106693,48,female,business,2.8,31900,714,2,24,0,0,1,1100.0,0.409,0.061,99600.0,40300.0,20000,24,personal,1,1,1,1,1,0
CUST106694,45,male,business,6.9,129700,723,0,0,0,0,1,19400.0,0.251,0.288,396000.0,153400.0,645300,36,personal,1,0,1,1,1,1
CUST106695,42,male,business,3.6,21100,648,1,10,0,0,2,2900.0,0.517,0.184,144600.0,125800.0,71200,72,education,1,1,1,1,1,0
CUST106696,46,male,salaried,11.8,121000,734,3,53,1,0,1,15500.0,0.383,0.657,277400.0,189400.0,768300,12,vehicle,1,1,1,1,0,1
CUST106697,22,male,salaried,2.7,59100,646,5,88,12,0,1,19800.0,0.438,1.161,266400.0,115500.0,292900,6,vehicle,1,1,1,1,0,0
CUST106698,61,female,self_employed,2.9,72600,623,5,103,7,0,2,24100.0,0.601,0.471,248100.0,163800.0,364100,36,personal,1,0,1,1,0,0
CUST106699,34,female,business,7.6,44600,735,0,0,0,0,2,13100.0,0.344,0.401,59800.0,16500.0,172500,36,home,1,1,1,1,0,0
CUST106700,32,male,salaried,15.9,30700,720,3,40,2,0,0,13200.0,0.246,0.624,180300.0,64700.0,214700,36,vehicle,1,1,1,1,0,1
CUST106701,30,male,business,11.6,49400,728,4,69,3,0,1,1200.0,0.266,0.126,325000.0,283700.0,300000,60,personal,1,1,1,1,0,1
CUST106702,58,male,salaried,3.5,34400,648,6,58,2,0,1,6700.0,0.61,0.489,83300.0,20000.0,242800,24,consumer,1,1,1,1,0,0
CUST106703,43,male,contract,3.3,49500,680,4,76,12,1,2,9600.0,0.499,0.324,225700.0,146600.0,231000,36,home_improvement,1,1,1,1,1,0
CUST106704,41,male,contract,8.4,88800,755,0,0,0,0,1,27900.0,0.6,0.382,491100.0,433700.0,145200,24,home,1,1,1,1,1,1
CUST106705,43,male,salaried,12.2,75000,762,0,0,0,0,0,25800.0,0.471,0.405,395100.0,318200.0,330100,72,consumer,1,1,1,1,1,1
CUST106706,35,male,salaried,7.1,82200,728,2,18,2,0,0,13400.0,0.467,0.267,411400.0,156500.0,154100,18,personal,1,1,1,1,0,1
CUST106707,38,female,self_employed,3.3,90700,693,2,30,0,0,0,27400.0,0.067,0.341,491300.0,267500.0,126800,36,consumer,1,1,1,1,0,1
CUST106708,54,male,self_employed,8.6,63600,678,1,17,1,0,3,18800.0,0.404,0.624,247700.0,195200.0,251000,12,business,1,1,1,1,0,0
CUST106709,62,male,salaried,5.3,125200,666,1,11,3,0,0,36700.0,0.124,0.636,730500.0,248300.0,257300,6,business,1,1,1,1,0,1
CUST106710,59,female,salaried,13.6,32000,736,4,63,5,0,1,8900.0,0.396,0.456,79300.0,57700.0,204500,36,personal,1,1,1,1,0,1
CUST106711,24,female,salaried,5.6,37000,728,7,137,3,0,1,10500.0,0.236,0.48,110800.0,39800.0,130700,18,vehicle,1,1,1,1,1,0
CUST106712,47,female,self_employed,6.4,160700,774,2,24,0,0,2,53000.0,0.4,0.446,1081900.0,846000.0,674500,36,vehicle,1,1,0,1,1,1
CUST106713,36,male,business,10.6,15000,735,6,60,0,0,2,8200.0,0.682,0.836,62600.0,21800.0,104100,24,home_improvement,1,1,1,1,1,0
CUST106714,62,female,salaried,8.4,35700,648,0,0,0,0,1,6100.0,0.325,0.62,235200.0,87500.0,192400,12,business,1,1,1,1,1,0
CUST106715,43,male,salaried,14.6,40200,672,7,116,10,0,1,17100.0,0.44,0.589,210200.0,151700.0,237500,36,education,1,1,1,1,0,0
CUST106716,32,female,salaried,20.2,43500,727,4,76,4,0,1,3000.0,0.405,0.449,249100.0,159000.0,198600,12,education,1,1,1,1,1,1
CUST106717,52,male,salaried,7.4,67700,707,1,15,0,0,1,9700.0,0.166,0.183,223300.0,169000.0,95700,36,home,1,1,1,1,1,1
CUST106718,23,female,business,0.5,60000,662,2,31,1,0,5,26500.0,0.535,0.591,306200.0,193200.0,323500,36,business,1,0,0,1,0,0
CUST106719,52,male,contract,9.4,67700,757,1,14,0,0,2,16900.0,0.276,0.35,407200.0,176800.0,408300,60,home,1,1,1,1,0,1
CUST106720,47,female,salaried,8.3,52200,656,4,54,6,0,2,21200.0,0.211,0.493,130200.0,35900.0,109200,24,home,1,1,1,1,0,0
CUST106721,63,female,salaried,14.4,46300,655,2,27,3,0,0,17300.0,0.057,1.232,151200.0,43800.0,238400,6,home,1,1,1,1,0,0
CUST106722,41,male,contract,14.6,32900,718,0,0,0,0,1,10300.0,0.352,0.486,71700.0,21300.0,204700,36,education,1,1,1,1,0,0
CUST106723,62,male,salaried,4.6,74600,602,4,41,3,0,0,0.0,0.121,0.157,259400.0,54900.0,421000,36,personal,1,1,1,1,0,0
CUST106724,24,female,self_employed,5.3,119000,682,3,51,3,0,2,10500.0,0.603,0.218,789800.0,522300.0,554900,36,home_improvement,1,1,1,1,1,0
CUST106725,42,male,salaried,12.6,103500,764,2,48,0,0,3,14600.0,0.392,0.253,56900.0,51200.0,415800,36,personal,1,1,1,1,1,1
CUST106726,58,female,salaried,12.6,85300,687,3,57,3,0,1,13900.0,0.438,0.382,612800.0,225600.0,336900,18,vehicle,1,1,0,1,0,1
CUST106727,58,male,business,19.7,58600,709,1,10,0,0,2,3800.0,0.318,0.233,34400.0,23700.0,236900,24,medical,1,0,1,1,1,1
CUST106728,60,female,self_employed,6.9,93000,604,1,16,4,0,2,20300.0,0.583,0.346,318600.0,110400.0,426600,36,home,1,1,1,1,1,0
CUST106729,31,male,self_employed,13.1,39600,673,3,30,0,0,2,10000.0,0.576,0.617,152100.0,127400.0,173100,12,vehicle,1,1,1,1,1,0
CUST106730,43,male,self_employed,10.1,37600,630,5,59,6,0,1,15000.0,0.236,0.616,87600.0,30000.0,195500,24,personal,1,1,1,1,0,0
CUST106731,23,female,self_employed,13.0,166200,751,3,57,0,0,0,39900.0,0.186,0.667,958400.0,245800.0,425500,6,personal,1,1,0,1,1,1
CUST106732,35,male,self_employed,6.9,48900,646,3,45,3,0,3,11500.0,0.609,0.385,313700.0,186700.0,352000,48,education,1,1,1,1,1,0
CUST106733,51,male,contract,4.0,50800,692,2,42,4,0,1,17000.0,0.309,0.458,225000.0,164700.0,226000,36,business,1,1,1,1,1,0
CUST106734,24,male,self_employed,1.3,128100,714,4,66,2,0,1,7600.0,0.357,0.152,592300.0,427900.0,572600,48,personal,1,1,1,1,0,1
CUST106735,52,male,salaried,3.5,74200,694,3,36,0,0,0,7700.0,0.543,0.217,300900.0,107200.0,404300,48,personal,1,1,1,1,1,1
CUST106736,59,female,salaried,10.3,58800,680,4,42,10,0,2,9800.0,0.385,0.202,20000.0,8700.0,100900,48,business,1,1,1,1,0,1
CUST106737,57,male,business,5.0,124700,714,2,31,1,0,0,24700.0,0.599,0.264,522200.0,353800.0,393000,48,personal,1,1,1,1,1,1
CUST106738,63,male,contract,7.0,38200,610,2,22,2,0,1,7600.0,0.5,0.272,102600.0,59000.0,133400,48,home,1,1,1,1,0,0
CUST106739,51,female,salaried,9.5,86900,701,1,21,2,0,0,33800.0,0.204,0.479,99400.0,79300.0,94400,12,business,1,1,1,1,1,1
CUST106740,51,female,salaried,1.6,76000,662,0,0,0,0,1,24400.0,0.333,0.61,371700.0,106500.0,527900,24,education,1,1,1,1,1,0
CUST106741,24,male,self_employed,5.3,162800,698,4,51,5,0,2,23700.0,0.375,0.162,366700.0,108000.0,191100,72,personal,1,1,1,1,0,1
CUST106742,38,male,salaried,12.5,86600,763,1,16,0,0,0,18200.0,0.333,0.259,409200.0,146100.0,202600,48,education,1,1,1,1,1,1
CUST106743,59,male,salaried,18.2,58100,744,3,32,1,0,3,20000.0,0.309,0.408,267800.0,238200.0,134300,36,home,1,1,1,1,0,1
CUST106744,29,female,salaried,5.2,78800,650,1,18,0,0,3,24400.0,0.147,0.467,342300.0,270700.0,298100,24,personal,1,1,1,1,1,0
CUST106745,32,female,contract,3.9,40400,670,2,30,0,0,1,8600.0,0.217,0.332,197600.0,176300.0,115100,24,business,1,1,1,1,0,0
CUST106746,38,male,self_employed,5.0,30800,726,2,35,3,0,1,8900.0,0.107,0.313,222000.0,186800.0,44600,60,business,1,1,0,1,1,1
CUST106747,56,male,salaried,11.1,51900,724,3,38,4,0,1,17800.0,0.563,0.451,149100.0,60600.0,202100,36,education,1,1,1,1,0,0
CUST106748,27,female,salaried,5.4,116000,708,1,12,0,0,2,23900.0,0.283,0.391,680700.0,600900.0,516300,24,consumer,1,1,1,1,0,1
CUST106749,56,male,contract,10.1,28200,636,2,33,5,0,2,5000.0,0.566,0.387,192100.0,101400.0,141700,24,business,1,1,1,1,0,0
CUST106750,63,female,salaried,5.9,39200,703,3,43,2,0,3,10000.0,0.331,0.383,259600.0,120500.0,240000,48,home_improvement,1,1,1,1,0,0
CUST106751,30,female,business,8.6,121200,716,2,36,2,0,0,20000.0,0.405,0.228,69000.0,49300.0,454900,60,business,1,1,1,1,0,1
CUST106752,24,female,salaried,12.9,23900,651,3,66,3,0,2,6300.0,0.346,0.305,159500.0,127900.0,47800,48,vehicle,1,1,0,1,1,0
CUST106753,28,female,business,5.5,44200,754,2,23,1,0,0,8000.0,0.469,0.33,20000.0,12800.0,158400,24,vehicle,1,1,1,1,1,1
CUST106754,22,female,self_employed,5.0,65600,769,3,33,0,0,1,21400.0,0.296,0.392,304300.0,128400.0,312500,72,personal,1,1,1,1,0,1
CUST106755,52,female,salaried,12.9,102900,757,6,108,0,0,1,13800.0,0.304,0.161,430600.0,163100.0,131300,48,medical,1,1,1,1,1,1
CUST106756,22,female,salaried,1.8,51800,689,3,36,0,0,2,6600.0,0.277,0.231,169200.0,115700.0,128700,24,personal,1,1,0,1,1,0
CUST106757,41,male,salaried,2.5,55600,691,3,68,1,0,2,2300.0,0.421,0.208,326500.0,83300.0,222600,24,business,1,1,0,1,0,0
CUST106758,46,female,salaried,10.5,32100,648,3,50,10,1,2,5900.0,0.218,0.294,190500.0,65100.0,127000,36,business,1,1,1,1,0,0
CUST106759,65,male,self_employed,10.4,50100,630,0,0,0,0,1,6500.0,0.065,0.2,122800.0,38500.0,168500,48,vehicle,1,1,1,1,1,0
CUST106760,42,female,salaried,4.2,42800,711,0,0,0,0,0,5800.0,0.542,0.145,60000.0,44300.0,20000,48,consumer,1,1,1,1,1,0
CUST106761,30,male,salaried,12.4,57700,712,3,47,4,0,2,11500.0,0.501,0.222,91400.0,36200.0,47900,36,personal,1,1,1,1,0,1
CUST106762,37,male,salaried,4.9,67800,646,1,18,2,0,3,16600.0,0.397,0.35,394000.0,142100.0,428000,60,personal,1,1,1,1,0,0
CUST106763,54,male,contract,4.7,47500,730,1,12,0,0,0,9400.0,0.192,0.244,150000.0,59000.0,78700,36,home,1,1,1,1,0,1
CUST106764,35,female,self_employed,6.8,92100,759,4,81,3,0,4,16800.0,0.253,0.282,513800.0,176200.0,330100,36,personal,1,1,1,1,1,1
CUST106765,63,male,salaried,4.6,75100,758,3,60,0,0,4,25700.0,0.434,0.527,435700.0,110800.0,498800,36,vehicle,1,1,1,1,1,1
CUST106766,30,male,salaried,4.2,138800,698,2,26,0,0,0,26700.0,0.526,0.263,646200.0,160400.0,354200,36,education,1,1,1,1,1,1
CUST106767,37,male,salaried,6.4,67100,734,4,68,4,0,0,2500.0,0.632,0.163,430000.0,149200.0,202000,24,education,1,1,1,1,0,1
CUST106768,43,male,salaried,3.2,57000,689,0,0,0,0,1,8000.0,0.195,0.263,369000.0,300100.0,251300,36,home,1,1,1,0,0,0
CUST106769,26,male,salaried,6.7,49700,608,2,21,3,0,0,5800.0,0.554,0.253,296500.0,110600.0,244200,36,education,1,1,1,1,1,0
CUST106770,23,female,salaried,3.2,35600,679,6,101,7,0,1,4700.0,0.28,0.306,86400.0,49000.0,222400,36,business,1,1,1,1,1,1
CUST106771,30,female,self_employed,8.8,56400,744,7,89,2,0,2,18600.0,0.336,1.222,219300.0,75000.0,302000,6,business,1,1,1,0,1,0
CUST106772,62,male,business,11.2,54000,714,2,28,2,0,4,10000.0,0.423,0.47,76900.0,67800.0,369200,24,personal,1,1,1,1,0,0
CUST106773,31,female,salaried,10.2,199400,735,0,0,0,0,0,46900.0,0.459,0.348,636500.0,273000.0,403800,18,education,1,1,1,1,0,1
CUST106774,61,male,salaried,1.0,54200,705,3,56,1,0,2,10500.0,0.514,0.359,195200.0,100300.0,323000,36,medical,1,1,1,1,0,1
CUST106775,24,male,self_employed,10.1,57500,667,1,13,1,0,1,20800.0,0.074,0.457,59000.0,23600.0,329300,60,vehicle,1,1,1,1,0,0
CUST106776,37,male,self_employed,3.5,111500,765,4,84,0,0,1,9900.0,0.278,0.415,731700.0,465200.0,655400,18,medical,1,1,1,1,1,1
CUST106777,31,female,salaried,4.3,193600,741,3,42,3,0,0,61400.0,0.4,0.433,559700.0,472900.0,1349400,60,home_improvement,1,1,1,1,0,1
CUST106778,54,female,salaried,1.4,109000,752,3,63,0,0,1,21300.0,0.299,0.313,243600.0,56700.0,613500,48,vehicle,1,1,1,1,0,1
CUST106779,31,male,salaried,2.0,40200,608,0,0,0,0,2,10800.0,0.453,0.508,90200.0,38700.0,230600,24,home_improvement,1,1,1,1,0,0
CUST106780,34,male,self_employed,2.8,63800,729,4,88,0,0,0,5600.0,0.759,0.293,44200.0,37900.0,314400,24,personal,1,1,1,1,0,1
CUST106781,35,female,salaried,4.9,42500,689,4,55,5,0,1,14500.0,0.766,0.436,206800.0,107500.0,145400,36,personal,1,1,1,1,0,0
CUST106782,28,male,business,4.0,18200,695,2,39,1,0,1,9000.0,0.297,0.562,58300.0,36000.0,29400,24,vehicle,1,1,1,1,0,0
CUST106783,39,male,contract,9.9,69000,731,3,44,1,0,0,17900.0,0.041,0.452,332800.0,283200.0,239400,18,business,1,1,1,1,1,1
CUST106784,25,male,salaried,5.3,29600,697,3,48,3,0,2,9200.0,0.329,0.341,206800.0,122100.0,32400,36,personal,1,1,1,1,0,0
CUST106785,46,male,salaried,2.6,69700,705,1,15,1,0,0,15400.0,0.207,0.383,226100.0,186400.0,407000,36,personal,1,1,1,1,1,1
CUST106786,44,male,business,4.2,41400,646,0,0,0,0,2,4000.0,0.148,0.181,62700.0,14400.0,209800,60,consumer,1,1,1,1,1,0
CUST106787,41,male,business,6.4,60500,701,4,48,4,0,3,9500.0,0.371,0.282,339700.0,214300.0,273200,36,education,1,1,1,1,1,0
CUST106788,24,female,salaried,7.8,35000,638,5,83,7,0,2,5100.0,0.405,0.174,150700.0,82700.0,58400,60,medical,1,1,1,1,0,0
CUST106789,52,male,salaried,2.2,36300,647,1,12,2,0,2,5600.0,0.316,0.201,95500.0,43100.0,61700,36,vehicle,1,1,1,1,1,0
CUST106790,58,male,salaried,7.3,24100,675,1,19,1,0,4,7100.0,0.626,0.421,154600.0,32800.0,146200,48,vehicle,1,0,1,1,1,0
CUST106791,39,male,salaried,18.7,49100,646,3,32,4,0,1,10100.0,0.571,0.27,27200.0,12900.0,228000,72,personal,1,1,1,1,1,0
CUST106792,56,male,salaried,3.2,72400,649,3,32,1,0,0,7800.0,0.332,0.188,109700.0,89700.0,347600,60,personal,1,0,1,1,1,0
CUST106793,37,male,salaried,10.5,50600,718,2,41,5,0,1,7800.0,0.386,0.373,64600.0,44600.0,266100,24,personal,1,0,1,1,1,0
CUST106794,63,male,salaried,10.7,17200,732,4,71,1,0,1,1900.0,0.332,0.237,2200.0,1100.0,104100,48,personal,1,1,1,1,0,0
CUST106795,52,male,salaried,3.0,87300,736,5,104,1,0,2,20500.0,0.182,0.315,272500.0,180200.0,337600,48,consumer,1,1,1,1,0,1
CUST106796,63,male,salaried,13.7,103500,721,1,18,0,0,1,19300.0,0.567,0.28,91200.0,79900.0,582800,60,vehicle,1,0,1,1,1,1
CUST106797,47,female,salaried,5.2,39500,656,2,28,2,0,1,15800.0,0.162,0.492,172100.0,115900.0,87200,24,vehicle,1,1,1,1,1,0
CUST106798,39,male,salaried,12.4,83800,688,1,14,0,0,2,5200.0,0.297,0.154,549400.0,343500.0,275900,36,consumer,1,1,0,1,1,1
CUST106799,65,male,salaried,3.1,48200,731,3,69,0,0,2,9100.0,0.249,0.275,77600.0,18300.0,149000,36,medical,1,1,1,1,0,1
CUST106800,57,female,salaried,5.7,81800,685,2,37,5,0,1,1900.0,0.211,0.106,570500.0,182000.0,325100,48,personal,1,1,1,1,0,1
CUST106801,32,female,salaried,5.0,65100,684,3,69,3,0,2,24900.0,0.543,0.422,288100.0,69200.0,123800,48,vehicle,1,1,1,1,0,0
CUST106802,49,female,self_employed,4.5,41900,645,2,32,0,0,1,5600.0,0.358,1.191,169900.0,,265900,6,business,1,1,1,1,0,0
CUST106803,56,female,business,11.0,28100,702,3,31,2,0,0,11200.0,0.448,0.481,161300.0,66600.0,82900,36,education,1,1,1,1,1,0
CUST106804,30,female,salaried,7.4,91700,680,1,20,0,0,1,8100.0,0.304,0.127,425400.0,103500.0,255800,72,business,1,1,1,1,0,1
CUST106805,23,male,business,5.4,72600,793,1,19,1,0,1,19900.0,0.449,0.471,149200.0,107600.0,343000,24,personal,1,1,1,1,1,1
CUST106806,44,female,salaried,8.2,88900,667,0,0,0,0,0,9700.0,0.45,0.223,199600.0,95100.0,181700,18,personal,1,1,1,1,0,0
CUST106807,54,female,self_employed,17.4,48500,791,1,23,0,0,2,16500.0,0.373,0.375,173800.0,98800.0,101800,60,home_improvement,1,1,1,1,1,1
CUST106808,32,male,salaried,17.5,51300,700,3,60,3,0,0,20500.0,0.481,0.816,109100.0,51700.0,384600,18,medical,1,1,1,1,1,1
CUST106809,49,female,salaried,7.5,123800,724,1,12,0,0,4,20000.0,0.745,0.2,318300.0,157400.0,228800,48,home,1,1,1,1,0,1
CUST106810,27,female,self_employed,10.3,15000,695,0,0,0,0,2,5900.0,0.232,0.561,49600.0,13500.0,90300,36,home,1,1,1,1,0,0
CUST106811,39,male,salaried,2.4,69800,687,6,77,7,1,0,13100.0,0.213,0.301,294900.0,246400.0,190500,24,vehicle,1,1,1,1,1,0
CUST106812,55,male,salaried,3.9,94900,679,4,86,6,0,0,29700.0,0.796,0.507,468300.0,278600.0,331200,18,personal,1,1,1,1,0,0
CUST106813,24,female,salaried,6.1,62100,703,1,19,1,0,1,5700.0,0.468,0.146,263100.0,201500.0,241200,72,vehicle,1,1,1,1,1,1
CUST106814,49,male,salaried,4.8,58000,698,1,15,1,0,1,16000.0,0.394,0.421,211900.0,187800.0,202600,24,home,1,1,1,1,1,1
CUST106815,39,male,business,11.3,63700,669,3,41,4,0,0,8400.0,0.658,1.003,230900.0,78700.0,332800,6,personal,1,1,1,1,1,0
CUST106816,36,male,salaried,5.7,68700,718,5,58,2,0,1,20000.0,0.376,0.425,449700.0,266400.0,110200,12,business,1,1,1,1,1,1
CUST106817,32,female,salaried,3.2,79700,596,2,40,4,0,1,26300.0,0.589,0.46,547000.0,422800.0,496400,48,education,0,1,1,1,1,0
CUST106818,48,male,self_employed,11.2,27200,713,0,0,0,0,1,6400.0,0.636,0.293,87500.0,34200.0,74700,48,education,1,1,1,1,1,0
CUST106819,53,female,salaried,2.4,32700,630,4,61,7,0,0,5800.0,0.043,0.27,120900.0,105300.0,145000,48,vehicle,1,1,1,1,0,0
CUST106820,30,male,salaried,3.6,181200,702,5,114,6,0,1,33000.0,0.164,0.239,312900.0,147200.0,493100,48,personal,1,1,1,1,0,1
CUST106821,53,male,contract,2.3,29800,641,4,33,7,0,0,8700.0,0.187,0.425,127400.0,79800.0,143100,36,consumer,1,1,1,1,0,0
CUST106822,44,female,salaried,13.2,77400,706,5,60,5,0,1,1200.0,0.226,0.185,44900.0,17400.0,472700,36,personal,1,1,1,1,1,1
CUST106823,56,female,salaried,8.9,62600,729,4,79,1,0,1,18700.0,0.139,0.383,415600.0,154100.0,252700,48,vehicle,1,1,1,1,0,1
CUST106824,36,female,salaried,3.8,55100,657,0,0,0,0,0,17300.0,0.221,0.363,86900.0,26100.0,130700,48,consumer,1,1,1,1,1,0
CUST106825,60,female,contract,8.5,18900,620,1,10,1,0,2,8700.0,0.784,0.566,135500.0,110600.0,71600,36,consumer,0,1,1,1,0,0
CUST106826,25,male,contract,10.1,71900,767,3,29,1,0,1,9100.0,0.139,0.543,448500.0,332700.0,358900,12,medical,1,1,1,1,1,1
CUST106827,31,male,salaried,3.0,54100,705,2,18,2,0,2,17300.0,0.148,0.366,115800.0,36700.0,150300,60,personal,1,1,1,1,1,0
CUST106828,59,male,self_employed,2.8,51900,754,4,63,1,0,3,7100.0,0.454,0.213,155300.0,57100.0,284500,72,personal,1,1,1,1,1,1
CUST106829,64,female,salaried,10.5,62200,728,6,127,5,0,1,7800.0,0.368,0.333,372500.0,175600.0,232700,18,home_improvement,1,1,1,1,1,1
CUST106830,63,female,business,9.6,58500,667,2,24,2,0,1,20200.0,0.495,0.451,141300.0,59000.0,296000,48,home_improvement,1,1,1,1,1,0
CUST106831,59,male,self_employed,4.6,121700,756,4,80,0,0,1,32500.0,0.311,0.36,535100.0,454600.0,272800,24,vehicle,1,1,1,1,1,1
CUST106832,37,male,salaried,4.0,110900,623,3,29,1,0,1,36300.0,0.237,0.416,69000.0,42600.0,590300,60,vehicle,1,1,0,1,1,0
CUST106833,52,male,salaried,1.8,89900,733,4,89,3,0,3,21400.0,0.482,0.296,198100.0,173000.0,372600,72,personal,1,1,1,1,1,1
CUST106834,33,male,contract,14.1,35300,682,3,54,3,0,2,16400.0,0.594,0.6,200800.0,87300.0,287300,60,personal,0,1,1,1,1,0
CUST106835,61,male,salaried,4.7,88200,699,2,41,1,0,0,7500.0,0.37,0.206,467000.0,336600.0,384500,36,personal,1,1,1,1,0,1
CUST106836,24,male,self_employed,9.0,83300,662,2,42,0,0,1,15100.0,0.55,0.435,288300.0,132100.0,508000,24,home_improvement,1,0,1,1,1,0
CUST106837,28,male,contract,15.2,67000,750,4,51,1,0,0,2000.0,0.533,0.081,338500.0,145900.0,247300,72,vehicle,1,1,1,1,0,1
CUST106838,43,male,salaried,6.3,25600,650,2,39,1,0,1,5800.0,0.044,0.325,120000.0,57400.0,90300,36,vehicle,1,1,1,1,1,0
CUST106839,60,female,self_employed,6.0,89400,698,2,28,2,0,0,27700.0,0.411,0.373,509600.0,364400.0,340400,60,consumer,1,1,0,1,1,1
CUST106840,54,male,salaried,5.9,71800,741,2,24,0,0,1,24100.0,0.142,0.481,254600.0,210500.0,499500,48,home_improvement,1,1,1,1,0,1
CUST106841,24,male,self_employed,10.7,29900,733,4,75,1,0,4,10300.0,0.466,0.468,238000.0,52100.0,177700,48,home_improvement,1,1,1,1,1,0
CUST106842,32,male,salaried,3.2,53700,676,3,49,2,0,5,12700.0,0.594,0.449,225400.0,66600.0,274400,24,vehicle,1,1,1,1,0,0
CUST106843,43,female,salaried,10.1,42400,678,2,41,3,0,0,12700.0,0.382,0.547,113200.0,32300.0,251400,24,business,1,1,1,1,1,0
CUST106844,64,male,contract,3.2,33900,715,1,11,1,0,2,9000.0,0.183,0.603,49100.0,29800.0,137200,12,home_improvement,1,1,1,1,0,1
CUST106845,21,female,salaried,8.2,102100,678,1,13,2,0,2,12900.0,0.35,0.333,103100.0,86500.0,507600,24,consumer,0,1,1,1,0,0
CUST106846,49,female,self_employed,15.0,47000,740,2,26,0,0,2,13800.0,0.414,0.558,63600.0,21100.0,297700,24,business,1,1,1,1,1,1
CUST106847,39,female,salaried,15.2,101000,724,5,97,3,0,0,37800.0,0.279,0.519,101400.0,29500.0,700500,48,business,1,1,1,1,0,1
CUST106848,62,female,salaried,10.3,40000,687,4,83,9,0,1,5000.0,0.463,0.444,219900.0,178000.0,153300,12,personal,1,1,1,1,1,0
CUST106849,27,male,contract,7.9,54100,677,2,41,3,0,2,21200.0,0.515,0.468,330600.0,88900.0,98400,24,home,1,0,1,1,0,0
CUST106850,62,female,self_employed,13.9,46500,623,2,37,3,0,2,6100.0,0.347,0.156,248200.0,115700.0,56100,48,consumer,1,0,1,1,0,0
CUST106851,54,male,business,3.8,123200,685,2,43,1,0,3,29200.0,0.322,0.267,226400.0,55700.0,262300,72,consumer,1,1,1,1,0,0
CUST106852,50,female,self_employed,2.5,34300,715,5,81,4,0,1,13900.0,0.26,0.51,172500.0,96200.0,216500,60,personal,1,1,1,1,0,0
CUST106853,39,female,business,10.1,52400,615,6,131,13,0,1,14500.0,0.531,0.41,346300.0,295400.0,335000,48,business,1,1,1,1,0,0
CUST106854,31,male,self_employed,6.0,32100,652,1,11,1,0,1,1400.0,0.48,1.289,164300.0,73500.0,239900,6,home,1,1,1,1,1,0
CUST106855,41,male,business,9.2,43300,751,3,64,2,0,1,15800.0,0.228,0.494,48400.0,42400.0,269300,48,home,1,1,1,1,1,1
CUST106856,49,female,salaried,15.2,82000,728,1,16,1,0,1,16800.0,0.515,0.212,176800.0,112400.0,29200,48,consumer,1,1,1,1,0,1
CUST106857,52,male,business,10.1,38600,633,2,38,2,0,1,11100.0,0.688,0.551,78500.0,21600.0,183200,18,home,1,1,1,1,0,0
CUST106858,36,female,self_employed,12.7,64100,683,2,27,1,0,1,17700.0,0.412,0.342,177300.0,153100.0,254800,60,consumer,1,1,1,1,1,1
CUST106859,30,male,business,8.5,71600,617,2,19,3,0,0,8500.0,0.648,0.193,228200.0,155900.0,253800,48,business,1,1,1,1,0,0
CUST106860,43,male,self_employed,6.7,53200,598,1,18,4,0,3,12900.0,0.551,0.328,197500.0,136900.0,163900,36,personal,1,1,1,1,0,0
CUST106861,55,male,salaried,3.2,47400,710,2,41,3,0,0,20200.0,0.201,0.806,246900.0,204700.0,216200,12,business,1,1,1,1,0,0
CUST106862,38,female,contract,4.8,74500,720,5,47,3,0,1,14400.0,0.437,0.25,138500.0,87500.0,151400,36,education,1,1,1,1,0,1
CUST106863,21,male,salaried,5.6,36800,618,4,73,11,0,0,9800.0,0.538,0.595,247000.0,180000.0,217900,18,personal,1,1,1,1,1,0
CUST106864,21,female,self_employed,18.6,20300,677,3,34,2,0,2,5700.0,0.308,0.389,112800.0,31000.0,79300,36,vehicle,1,1,1,1,1,0
CUST106865,28,male,salaried,4.4,38000,623,3,56,4,0,4,15200.0,0.22,0.547,211900.0,64100.0,100600,18,vehicle,1,1,1,1,0,0
CUST106866,38,female,salaried,5.4,111700,765,3,32,1,0,3,21800.0,0.513,0.418,375000.0,153900.0,596700,24,home,1,0,1,1,0,1
CUST106867,46,male,contract,17.2,139300,737,3,50,1,0,1,18900.0,0.36,0.3,193000.0,49200.0,549300,24,vehicle,1,1,1,1,0,1
CUST106868,24,male,contract,5.9,60400,779,1,10,0,0,0,2500.0,0.321,0.114,230400.0,189900.0,105500,24,medical,1,1,1,1,0,1
CUST106869,34,male,contract,7.7,52900,631,3,58,5,0,1,14900.0,0.368,0.343,263400.0,69700.0,193200,60,personal,1,1,1,1,0,0
CUST106870,62,male,salaried,2.6,26300,684,4,82,10,0,1,1800.0,0.2,0.09,180400.0,42400.0,20000,36,personal,1,1,1,1,1,0
CUST106871,39,female,self_employed,3.8,21200,671,0,0,0,0,1,6100.0,0.321,0.366,121800.0,65100.0,20000,12,business,1,1,1,1,1,0
CUST106872,33,female,salaried,5.6,52700,634,3,23,7,0,2,16600.0,0.592,0.532,307000.0,101300.0,274000,24,vehicle,1,1,1,1,0,0
CUST106873,34,female,salaried,0.6,60700,721,3,71,1,0,1,21700.0,0.13,0.645,336100.0,260300.0,313600,18,home,1,1,1,1,1,1
CUST106874,22,female,salaried,6.3,86500,743,4,74,2,0,0,23200.0,0.218,0.387,282800.0,185300.0,493500,48,education,1,0,1,1,1,1
CUST106875,36,male,self_employed,4.4,50500,700,3,44,1,0,0,8400.0,0.223,0.256,271000.0,155900.0,162400,36,consumer,1,1,1,1,1,1
CUST106876,39,female,salaried,17.9,57600,771,3,46,2,0,1,16400.0,0.404,0.377,181700.0,108200.0,255100,48,education,1,1,1,1,0,1
CUST106877,22,female,salaried,27.2,71100,809,3,70,2,0,1,9700.0,0.646,0.359,382500.0,120300.0,379300,24,personal,1,1,1,1,1,1
CUST106878,53,female,salaried,8.2,21500,670,4,74,2,0,2,3600.0,0.458,0.206,114600.0,89800.0,20000,24,consumer,1,1,1,1,1,0
CUST106879,21,female,salaried,10.2,30500,692,2,38,4,0,0,5600.0,0.285,0.28,110500.0,81600.0,106200,36,personal,1,1,1,1,0,0
CUST106880,63,male,salaried,7.4,59200,708,0,0,0,0,3,24700.0,0.295,0.452,272100.0,174000.0,97800,48,business,1,1,1,1,0,0
CUST106881,38,male,salaried,4.2,114900,851,4,72,0,0,0,28500.0,0.206,1.09,172300.0,44300.0,580400,6,consumer,1,1,1,1,0,1
CUST106882,39,male,salaried,8.3,139800,705,2,16,4,1,0,21600.0,0.58,0.341,481700.0,111400.0,937100,36,home,1,1,1,1,1,0
CUST106883,31,male,salaried,11.2,128800,700,4,70,6,0,4,12300.0,0.234,0.353,347900.0,174900.0,397800,12,personal,1,1,1,1,1,1
CUST106884,37,male,business,4.9,46000,717,4,71,1,0,1,5300.0,0.183,0.187,207100.0,96700.0,158600,48,education,1,1,1,1,0,1
CUST106885,30,female,business,4.8,30000,663,1,12,0,0,2,4100.0,0.47,0.251,184300.0,99700.0,164000,48,vehicle,1,1,1,1,1,0
CUST106886,24,female,salaried,0.8,48500,672,3,65,1,0,0,7700.0,0.404,0.223,28500.0,17400.0,112200,36,personal,1,1,1,1,1,1
CUST106887,24,female,contract,14.8,159600,751,5,62,3,0,2,60700.0,0.356,0.628,620900.0,425300.0,712500,18,personal,1,1,1,1,1,1
CUST106888,65,female,salaried,6.9,45000,648,1,13,3,0,1,11300.0,0.474,0.358,207500.0,94400.0,173700,36,consumer,1,1,1,1,1,0
CUST106889,25,male,salaried,7.4,52600,693,3,35,4,0,0,15300.0,0.201,0.341,205100.0,111800.0,94800,36,education,1,1,1,1,0,1
CUST106890,22,male,salaried,6.7,81700,742,4,37,3,0,4,6800.0,0.584,0.16,505400.0,143400.0,301200,48,personal,1,1,1,1,0,1
CUST106891,52,female,salaried,3.2,117700,636,2,34,4,0,0,24900.0,0.072,0.412,713700.0,296300.0,850400,36,home_improvement,1,1,1,1,0,0
CUST106892,22,male,business,8.1,30500,645,1,20,0,0,0,8500.0,0.062,0.364,115700.0,97700.0,93400,36,personal,1,1,1,1,0,0
CUST106893,55,male,salaried,6.5,115300,706,1,11,1,0,1,29500.0,0.561,0.384,740900.0,551600.0,710200,48,personal,1,1,1,1,1,1
CUST106894,21,female,salaried,4.0,61100,714,7,102,3,0,1,7700.0,0.502,0.252,37300.0,15500.0,277900,36,vehicle,1,1,1,1,1,1
CUST106895,55,female,business,26.3,71800,709,3,62,4,0,0,10700.0,0.359,0.467,466100.0,389000.0,410700,18,personal,1,1,1,1,1,1
CUST106896,51,male,self_employed,10.0,76600,709,1,21,2,0,1,5100.0,0.302,0.28,324400.0,169300.0,391600,24,consumer,1,1,1,1,0,1
CUST106897,60,male,business,13.0,47900,638,2,19,5,0,2,5200.0,0.368,0.177,175300.0,68300.0,59300,18,business,1,1,1,1,0,0
CUST106898,33,male,salaried,11.1,18600,667,4,82,6,0,0,1200.0,0.268,0.178,30600.0,8800.0,38000,18,education,1,1,1,1,1,0
CUST106899,57,male,salaried,11.5,102000,716,5,98,2,0,1,12000.0,0.177,0.178,532600.0,365600.0,148700,24,vehicle,1,1,1,1,1,1
CUST106900,59,female,business,2.0,62100,705,0,0,0,0,2,7800.0,0.449,0.247,253600.0,122600.0,270300,36,vehicle,1,1,1,1,0,0
CUST106901,56,male,self_employed,9.6,49900,690,3,65,1,0,2,10600.0,0.555,0.398,308200.0,,332800,36,vehicle,1,1,1,1,0,1
CUST106902,54,female,self_employed,2.1,94200,695,5,86,4,0,0,28200.0,0.563,0.497,117500.0,103200.0,447100,24,medical,1,1,1,1,0,0
CUST106903,56,male,salaried,6.7,72100,671,2,39,3,0,1,15600.0,0.102,0.28,286100.0,161300.0,110500,24,consumer,1,1,1,1,0,1
CUST106904,56,male,salaried,4.5,35000,737,2,34,0,0,2,12200.0,0.368,0.426,31300.0,13000.0,130100,48,home_improvement,1,1,1,1,1,0
CUST106905,36,female,salaried,8.1,101200,775,4,64,0,0,1,9400.0,0.384,0.29,349800.0,117100.0,718200,36,consumer,1,1,1,1,1,1
CUST106906,28,male,salaried,11.1,46800,717,0,0,0,0,0,9300.0,0.122,0.28,188600.0,116200.0,45400,12,vehicle,1,1,1,1,0,1
CUST106907,35,male,contract,8.2,37700,636,6,91,5,0,2,14100.0,0.697,0.454,193500.0,126200.0,181700,60,home,1,1,1,1,1,0
CUST106908,51,male,business,2.8,112200,771,3,47,1,0,2,8900.0,0.617,0.267,293900.0,93100.0,759200,36,business,1,1,1,1,1,1
CUST106909,37,female,salaried,6.1,28200,647,4,48,4,0,1,12400.0,0.229,0.616,193700.0,111700.0,179300,36,education,1,1,1,1,0,0
CUST106910,64,male,contract,8.7,111300,694,2,41,1,0,4,11000.0,0.571,0.396,127400.0,90300.0,396500,12,vehicle,1,1,1,0,1,1
CUST106911,56,male,business,15.8,53200,746,4,82,2,0,1,15300.0,0.136,0.512,354500.0,152500.0,287100,24,personal,1,1,1,1,1,1
CUST106912,58,male,salaried,4.4,52900,683,4,88,4,0,2,12400.0,0.208,0.292,126700.0,31800.0,182500,60,home,1,1,1,1,0,1
CUST106913,39,male,contract,9.1,47500,701,3,40,2,0,1,2200.0,0.169,0.169,147800.0,31800.0,279000,48,vehicle,1,1,0,1,1,1
CUST106914,30,male,business,5.9,27000,612,2,31,3,0,0,9400.0,0.081,0.36,93900.0,53300.0,20000,60,consumer,1,1,1,1,1,0
CUST106915,64,female,business,6.3,59100,716,2,37,1,0,0,15200.0,0.319,0.276,172600.0,140700.0,20000,18,personal,1,1,1,1,0,1
CUST106916,23,male,contract,4.2,27000,656,5,77,3,0,2,6400.0,0.277,0.298,31500.0,7900.0,59700,36,personal,1,1,1,1,1,0
CUST106917,57,male,salaried,1.7,95500,673,2,42,2,0,2,17400.0,0.911,0.292,637600.0,236500.0,188600,18,vehicle,1,1,1,1,1,0
CUST106918,43,female,business,7.8,15000,703,1,21,3,0,1,0.0,0.231,0.088,62200.0,39000.0,63500,48,consumer,1,1,1,1,1,0
CUST106919,50,male,salaried,8.3,45000,621,1,17,2,0,4,6900.0,0.337,0.287,175500.0,80100.0,216300,36,business,1,1,1,1,1,0
CUST106920,30,male,self_employed,4.3,97300,647,3,35,4,0,2,8500.0,0.36,0.141,446500.0,126500.0,311300,60,personal,1,1,1,1,0,0
CUST106921,21,male,contract,4.0,19600,667,2,23,1,0,2,3100.0,0.243,0.36,56700.0,27100.0,142500,36,personal,1,1,1,1,1,0
CUST106922,21,male,contract,16.1,44800,645,4,69,7,0,0,10500.0,0.601,0.464,89900.0,70000.0,247100,24,home,1,0,1,1,1,0
CUST106923,41,male,salaried,8.0,58000,771,2,30,2,0,2,16800.0,0.339,0.368,257700.0,91900.0,164300,36,business,1,1,1,1,0,1
CUST106924,28,male,salaried,6.3,76800,684,3,32,1,0,1,16600.0,0.435,0.492,219500.0,182700.0,381900,18,business,1,1,1,1,1,1
CUST106925,50,male,contract,3.0,40200,618,1,13,3,0,0,11200.0,0.318,0.398,198300.0,136300.0,172800,36,vehicle,1,1,1,1,1,0
CUST106926,37,female,contract,4.3,43300,733,0,0,0,0,3,3000.0,0.344,0.129,162400.0,62700.0,124800,48,personal,1,1,1,1,1,0
CUST106927,24,female,salaried,11.8,69300,661,2,37,5,0,2,2900.0,0.492,0.052,201500.0,120900.0,24700,36,home,1,1,1,1,1,1
CUST106928,51,female,salaried,1.1,130700,587,6,120,12,0,1,28700.0,0.437,1.133,373900.0,336400.0,716600,6,vehicle,1,1,1,1,0,0
CUST106929,64,male,salaried,14.6,91600,791,4,91,1,0,0,27000.0,0.047,0.405,136100.0,94500.0,181400,18,business,1,1,1,1,1,1
CUST106930,28,male,salaried,6.3,52000,666,5,52,3,0,0,16600.0,0.616,0.475,269000.0,91300.0,195000,24,education,1,1,1,1,0,0
CUST106931,53,male,salaried,14.2,56500,648,2,43,3,0,2,10200.0,0.379,0.206,80100.0,16700.0,68600,48,vehicle,1,1,1,1,0,0
CUST106932,30,male,business,2.0,62100,711,3,64,2,0,1,22300.0,0.696,0.416,409500.0,227400.0,253900,72,vehicle,1,1,1,1,1,1
CUST106933,63,male,business,3.5,94700,704,4,58,2,0,4,22800.0,0.43,0.39,630500.0,141100.0,676800,48,education,1,1,1,1,1,1
CUST106934,29,male,salaried,4.5,35800,736,3,55,2,0,1,8300.0,0.377,0.32,23900.0,17300.0,113500,36,business,1,1,1,1,0,1
CUST106935,25,female,salaried,14.1,91600,688,3,48,3,0,0,15700.0,0.566,0.346,502300.0,341800.0,576100,36,personal,1,1,1,1,1,1
CUST106936,56,male,self_employed,5.6,24300,608,4,90,6,0,0,8800.0,0.105,0.496,158800.0,122800.0,156200,48,vehicle,1,1,1,1,0,0
CUST106937,22,male,salaried,9.5,55000,724,3,55,5,0,2,19500.0,0.329,0.423,234000.0,86100.0,224900,60,medical,1,1,0,1,1,1
CUST106938,30,male,salaried,5.6,57300,657,4,86,10,0,1,100.0,0.413,0.165,213700.0,75200.0,337100,36,home,0,1,1,1,1,0
CUST106939,32,male,salaried,3.3,70200,713,3,32,1,0,0,16400.0,0.394,0.246,425800.0,154400.0,53900,60,personal,1,1,1,1,0,1
CUST106940,26,male,salaried,4.6,74700,743,4,60,0,0,1,22000.0,0.23,0.371,398300.0,231800.0,341500,60,personal,1,1,1,1,1,1
CUST106941,34,male,salaried,3.3,49000,703,5,93,7,0,3,700.0,0.614,0.142,88300.0,53400.0,224500,36,personal,1,1,1,1,1,0
CUST106942,58,female,contract,18.1,54900,671,3,61,2,0,4,5700.0,0.449,0.231,0.0,0.0,334400,48,personal,1,1,1,1,1,0
CUST106943,59,female,contract,21.3,50900,776,3,65,1,0,0,13500.0,0.121,0.35,259800.0,185900.0,154800,36,home_improvement,1,1,1,1,0,1
CUST106944,52,male,self_employed,4.7,70600,733,2,26,0,0,1,25300.0,0.189,1.15,93200.0,29900.0,335400,6,home_improvement,1,1,1,1,1,1
CUST106945,43,male,business,1.8,44500,690,3,48,3,0,0,14700.0,0.335,0.364,258700.0,176200.0,54700,36,home,1,1,0,1,1,1
CUST106946,27,male,salaried,9.1,53900,673,2,38,2,0,0,9300.0,0.148,0.307,147700.0,90200.0,261700,36,education,1,1,1,0,1,1
CUST106947,24,male,business,1.3,81800,659,3,52,5,0,1,25000.0,0.352,0.424,522400.0,293400.0,231900,24,consumer,1,1,1,1,0,0
CUST106948,34,female,salaried,5.8,87600,772,7,143,4,0,1,25700.0,0.467,0.366,387400.0,231100.0,305400,48,medical,1,1,1,1,0,1
CUST106949,46,male,self_employed,4.5,143000,703,3,66,3,0,0,12500.0,0.171,0.215,946000.0,727700.0,658100,36,consumer,1,1,1,1,1,1
CUST106950,63,female,salaried,6.0,59900,647,3,46,5,0,2,0.0,0.643,0.134,59800.0,43100.0,192000,24,education,1,1,1,1,1,0
CUST106951,22,male,contract,6.7,36000,721,3,67,5,0,2,10300.0,0.278,0.505,86900.0,61800.0,94600,12,home,1,1,1,1,0,0
CUST106952,30,female,business,8.9,26600,675,1,15,0,0,2,9200.0,0.386,0.49,189000.0,132000.0,92100,24,consumer,1,1,1,1,0,0
CUST106953,51,male,salaried,2.7,32200,691,0,0,0,0,1,1900.0,0.623,0.158,174700.0,154000.0,114700,36,vehicle,1,1,1,1,1,0
CUST106954,57,male,salaried,4.4,60400,687,5,113,7,0,0,15800.0,0.517,0.464,188500.0,60800.0,219900,18,education,1,1,1,1,0,0
CUST106955,21,male,self_employed,7.2,77300,732,2,40,4,1,1,25500.0,0.776,0.403,453700.0,239600.0,204300,36,home_improvement,1,1,1,1,0,0
CUST106956,43,male,self_employed,5.4,84200,670,2,28,4,0,0,19900.0,0.323,0.29,562500.0,265100.0,163100,36,vehicle,1,1,1,1,1,1
CUST106957,62,male,salaried,4.0,28900,737,2,28,0,0,1,9400.0,0.446,0.368,213500.0,117500.0,44400,36,business,1,1,1,1,1,0
CUST106958,56,female,salaried,16.6,62000,763,4,87,1,0,1,3500.0,0.352,0.103,272200.0,181100.0,137300,48,education,1,1,1,1,0,1
CUST106959,65,male,self_employed,5.6,82900,597,1,16,4,0,1,26400.0,0.252,0.397,214300.0,122000.0,311600,48,vehicle,1,1,1,1,0,0
CUST106960,35,female,salaried,7.2,39500,725,4,77,3,0,1,1900.0,0.363,0.084,64900.0,31000.0,85500,60,home_improvement,1,1,0,0,1,1
CUST106961,59,male,self_employed,17.8,41000,724,4,52,0,0,3,4500.0,0.421,0.212,234200.0,126200.0,200500,48,medical,1,1,1,1,1,1
CUST106962,38,male,salaried,4.6,86700,723,4,92,4,0,2,9300.0,0.289,0.253,134500.0,40300.0,605000,48,personal,1,1,1,1,0,1
CUST106963,26,male,salaried,13.1,75500,696,0,0,0,0,1,25400.0,0.214,0.422,189400.0,95400.0,308900,48,personal,1,1,1,1,1,1
CUST106964,26,male,salaried,15.5,66400,771,4,96,0,0,0,8400.0,0.37,0.223,292100.0,141200.0,230400,36,vehicle,1,1,1,1,0,1
CUST106965,52,male,business,1.7,34000,618,5,59,6,0,2,2600.0,0.148,0.211,211500.0,137400.0,219800,48,vehicle,1,1,1,1,0,0
CUST106966,51,male,salaried,4.8,99800,748,4,68,4,0,4,30600.0,0.25,0.426,338500.0,278200.0,571200,48,education,1,1,1,1,1,1
CUST106967,50,female,business,6.6,78700,710,1,12,1,0,2,18400.0,0.789,0.273,373900.0,195600.0,222800,72,education,1,1,1,1,1,0
CUST106968,64,male,salaried,15.7,58800,735,0,0,0,0,1,9300.0,0.542,0.2,214200.0,61300.0,148300,60,personal,1,0,1,1,0,0
CUST106969,24,female,business,8.4,52700,746,3,67,2,0,0,6100.0,0.215,0.151,122800.0,74800.0,88800,48,medical,1,1,1,1,0,1
CUST106970,37,male,salaried,0.9,62200,653,2,37,5,0,3,6100.0,0.557,0.217,344400.0,190100.0,265700,36,business,1,1,1,1,1,0
CUST106971,29,male,self_employed,8.5,76300,726,1,14,0,0,1,6500.0,0.364,0.223,125500.0,96400.0,126300,12,business,1,1,1,1,1,1
CUST106972,38,female,salaried,8.4,108800,693,6,91,5,0,2,7900.0,0.554,0.213,345200.0,206400.0,367100,24,personal,1,1,1,1,0,0
CUST106973,61,female,contract,3.9,20000,638,0,0,0,0,0,6300.0,0.134,0.331,27300.0,13600.0,23400,72,business,1,1,1,1,0,0
CUST106974,54,female,salaried,6.2,51500,647,2,26,2,0,2,9600.0,0.468,0.253,276300.0,154300.0,246200,72,vehicle,1,1,1,1,1,0
CUST106975,36,male,salaried,8.2,42100,659,2,24,4,0,1,10700.0,0.101,0.353,209800.0,177800.0,99400,24,business,1,1,1,1,0,0
CUST106976,51,female,salaried,3.2,118800,685,4,59,1,0,1,1500.0,0.567,0.066,264300.0,214500.0,151100,24,home,1,1,1,1,1,1
CUST106977,54,female,salaried,14.0,67500,727,6,99,3,0,1,19700.0,0.176,0.404,245200.0,190100.0,455900,60,business,1,1,1,1,0,1
CUST106978,55,male,salaried,10.4,37000,604,4,51,5,0,2,8200.0,0.328,0.34,95500.0,31100.0,210400,48,personal,1,1,1,1,0,0
CUST106979,62,female,contract,8.4,91900,683,1,22,1,0,1,32400.0,0.168,0.543,160800.0,90400.0,314500,18,consumer,1,1,1,1,0,1
CUST106980,28,female,salaried,4.2,122400,717,2,24,0,0,1,18100.0,0.441,0.214,510300.0,140600.0,195400,24,vehicle,1,1,1,1,1,1
CUST106981,44,female,business,6.4,43100,674,3,47,4,0,0,3900.0,0.066,0.196,139500.0,89400.0,164000,36,personal,1,1,1,1,1,0
CUST106982,58,male,contract,7.6,74400,655,2,34,0,0,0,14000.0,0.252,0.335,75000.0,19600.0,392400,36,home,1,1,1,1,0,1
CUST106983,45,female,salaried,3.0,55900,688,3,37,2,0,0,11900.0,0.211,0.271,87400.0,75600.0,116700,36,medical,1,1,1,1,1,0
CUST106984,62,male,business,0.6,140000,682,1,10,2,0,1,44200.0,0.253,0.364,641900.0,561700.0,242000,36,personal,1,1,1,1,1,0
CUST106985,59,female,salaried,4.3,55300,624,5,102,8,0,1,7300.0,0.135,0.281,334500.0,188500.0,296900,36,vehicle,1,1,1,1,0,0
CUST106986,51,male,contract,9.3,64500,720,1,16,0,0,1,16100.0,0.362,0.376,338900.0,221800.0,292800,36,business,1,1,1,1,0,1
CUST106987,65,female,salaried,16.1,68200,762,2,38,2,0,1,12500.0,0.599,0.36,271600.0,167000.0,433000,36,home_improvement,1,1,1,1,1,1
CUST106988,22,female,salaried,6.4,61300,723,0,0,0,0,2,5600.0,0.512,0.15,356600.0,186200.0,172500,48,medical,1,1,1,1,1,1
CUST106989,60,male,salaried,11.2,156300,803,4,63,1,0,0,24400.0,0.286,0.233,719900.0,307100.0,866000,72,home,1,1,1,1,1,1
CUST106990,46,female,salaried,20.0,55500,796,5,85,0,0,0,10300.0,0.222,0.648,384400.0,277900.0,154100,6,business,1,1,1,1,0,1
CUST106991,59,female,salaried,10.0,60600,647,0,0,0,0,0,14800.0,0.199,0.358,300500.0,112400.0,248800,36,personal,1,1,1,1,1,0
CUST106992,41,male,business,21.1,57200,699,4,43,1,0,1,12200.0,0.17,0.358,158900.0,115000.0,298200,36,home_improvement,1,1,1,0,1,1
CUST106993,21,male,self_employed,10.7,76400,699,1,17,2,0,0,15700.0,0.844,0.632,338600.0,275100.0,390700,12,education,1,1,1,1,0,0
CUST106994,63,male,salaried,3.3,71800,720,2,44,2,0,0,7500.0,0.478,0.212,214000.0,64500.0,185600,24,home,1,1,1,1,1,1
CUST106995,50,male,contract,12.7,58100,686,3,47,1,0,1,7700.0,0.264,0.216,123700.0,79800.0,232500,48,medical,1,0,1,1,0,1
CUST106996,45,female,salaried,10.2,39800,690,4,57,3,0,1,6700.0,0.325,0.355,253500.0,64800.0,178600,24,vehicle,1,1,1,1,0,0
CUST106997,40,male,business,14.0,42500,724,2,21,1,0,0,900.0,0.304,0.034,121000.0,88300.0,20000,36,home_improvement,1,1,1,1,1,1
CUST106998,41,female,business,12.1,48100,747,1,8,2,0,1,8200.0,0.486,0.201,176900.0,156100.0,52800,36,vehicle,1,1,1,1,1,1
CUST106999,30,female,salaried,5.0,24300,662,1,15,1,0,2,2400.0,0.56,0.184,90600.0,71400.0,49600,24,business,1,1,1,0,0,0
CUST107000,42,female,salaried,5.6,98800,713,5,49,1,0,2,38600.0,0.284,0.451,174000.0,70400.0,287300,48,vehicle,1,1,1,1,0,0
CUST107001,60,male,self_employed,3.3,101100,724,3,42,0,0,1,29000.0,0.197,0.298,290300.0,167500.0,70500,60,business,1,1,1,1,0,1
CUST107002,33,female,salaried,,68500,687,0,0,0,0,3,24900.0,0.5,0.405,213900.0,111200.0,169200,60,consumer,1,1,1,1,0,0
CUST107003,30,male,salaried,1.5,30900,780,2,35,1,0,0,5000.0,0.758,0.57,153200.0,32000.0,151500,12,business,1,0,1,1,1,0
CUST107004,64,female,salaried,4.3,57800,652,4,82,6,0,4,8800.0,0.422,0.333,320200.0,270100.0,376700,36,medical,1,1,1,1,0,0
CUST107005,60,male,salaried,9.9,157600,680,5,46,4,0,2,44000.0,0.494,0.557,633300.0,201400.0,1050300,24,personal,1,1,1,1,0,0
CUST107006,50,male,business,2.5,31700,726,3,67,5,0,0,7100.0,0.034,0.532,163300.0,129400.0,175600,18,medical,1,1,1,1,1,0
CUST107007,48,female,salaried,1.9,31800,636,1,15,2,0,1,7700.0,0.41,0.323,166400.0,41400.0,185700,72,personal,1,1,1,1,1,0
CUST107008,52,male,business,13.6,70300,750,4,56,0,0,2,16700.0,0.189,0.274,222800.0,166200.0,124400,48,home_improvement,0,1,1,1,0,1
CUST107009,32,male,contract,18.7,37900,686,4,35,5,0,1,9500.0,0.224,0.387,67600.0,43900.0,186300,36,personal,1,1,1,1,1,1
CUST107010,49,male,business,5.4,39600,686,2,44,4,0,2,7000.0,0.461,0.371,61400.0,51300.0,184500,24,personal,1,0,1,1,1,0
CUST107011,40,male,salaried,9.0,82700,724,3,61,5,0,0,12100.0,0.809,0.186,211400.0,173000.0,119400,36,education,1,1,1,1,0,1
CUST107012,28,male,business,11.9,100100,721,1,23,0,0,1,9500.0,0.707,0.176,446600.0,389400.0,487800,60,education,1,1,1,1,1,1
CUST107013,26,female,contract,8.5,74300,683,0,0,0,0,3,22300.0,0.348,0.454,214700.0,55900.0,412500,36,personal,1,1,1,1,0,0
CUST107014,51,female,salaried,3.8,44200,652,3,40,5,0,5,11900.0,0.471,0.617,191700.0,168000.0,276300,18,personal,1,1,0,0,1,0
CUST107015,44,male,salaried,8.0,59000,681,5,83,7,0,1,17900.0,0.505,0.435,403000.0,305500.0,186500,24,home,1,1,1,1,1,0
CUST107016,30,male,salaried,0.3,66600,674,3,32,4,0,2,17600.0,0.333,0.35,268100.0,165300.0,342300,60,medical,1,1,1,1,0,0
CUST107017,25,male,business,4.6,41600,712,4,65,7,0,1,6900.0,0.208,0.277,192400.0,121600.0,222000,48,medical,1,1,1,1,1,1
CUST107018,27,female,contract,4.3,49400,718,3,30,0,0,2,1600.0,0.185,0.153,65600.0,23900.0,286500,48,personal,1,1,1,1,0,1
CUST107019,45,male,salaried,11.0,41100,719,6,121,5,0,0,10800.0,0.161,0.354,54600.0,,134600,36,consumer,1,1,1,1,1,1
CUST107020,40,male,salaried,1.9,76000,740,6,101,1,0,0,23800.0,0.116,0.38,424400.0,173100.0,122500,24,business,1,1,1,1,1,1
CUST107021,63,male,contract,6.8,36800,697,5,97,3,0,1,3600.0,0.183,0.107,140400.0,107100.0,20000,60,education,1,1,1,1,0,1
CUST107022,44,female,contract,6.8,73000,716,4,50,2,0,0,22400.0,0.341,0.413,359700.0,139400.0,465600,60,personal,1,1,1,1,0,1
CUST107023,63,female,business,4.0,28100,628,4,53,3,0,3,4400.0,0.486,0.41,150500.0,123600.0,128300,18,consumer,1,1,1,1,1,0
CUST107024,45,male,self_employed,2.5,69600,679,3,32,1,0,1,17800.0,0.178,0.329,227300.0,63500.0,122500,24,business,1,1,1,1,0,1
CUST107025,46,male,contract,7.4,100000,712,4,82,6,0,1,30000.0,0.317,0.464,653100.0,160100.0,196900,12,consumer,1,1,1,1,1,1
CUST107026,63,female,contract,6.3,49400,606,4,56,8,0,3,7300.0,0.17,0.231,230300.0,106300.0,147800,36,vehicle,1,1,1,1,0,0
CUST107027,23,male,business,4.0,53600,779,4,76,0,0,2,3200.0,0.528,0.123,62900.0,44400.0,246200,72,education,1,1,1,1,1,1
CUST107028,36,female,business,2.0,50900,734,3,38,1,0,3,20800.0,0.498,0.512,249700.0,56500.0,314300,60,home_improvement,1,1,1,1,1,0
CUST107029,28,male,salaried,4.0,40300,629,2,18,2,0,1,8400.0,0.19,0.387,85100.0,48000.0,129200,18,vehicle,1,1,1,1,1,0
CUST107030,53,female,business,2.9,41800,686,5,71,4,0,2,11800.0,0.376,0.351,16100.0,7900.0,137800,48,business,1,1,1,1,0,0
CUST107031,46,male,salaried,9.2,57200,718,3,65,4,0,1,4500.0,0.297,0.197,179300.0,130200.0,406700,60,medical,1,1,1,1,1,1
CUST107032,35,male,self_employed,2.5,70700,706,4,90,2,0,1,23900.0,0.366,0.391,241500.0,92700.0,133800,36,personal,1,1,1,1,0,0
CUST107033,40,male,salaried,7.8,55600,617,2,44,4,0,0,9500.0,0.641,0.275,359900.0,284500.0,279200,48,personal,1,1,1,1,1,0
CUST107034,56,female,self_employed,6.1,40400,621,3,54,9,0,3,4800.0,0.32,0.22,288100.0,149800.0,147400,36,home,1,1,1,1,1,0
CUST107035,36,male,salaried,1.6,43000,668,5,58,2,0,3,11000.0,0.335,0.479,123200.0,44500.0,57600,6,education,1,0,1,1,1,0
CUST107036,49,female,self_employed,9.0,87300,680,0,0,0,0,0,16900.0,0.677,0.271,143700.0,72100.0,323200,48,personal,1,1,1,1,1,0
CUST107037,51,male,salaried,6.8,37400,701,3,59,4,0,1,2600.0,0.316,0.104,93300.0,58200.0,46600,36,consumer,1,1,1,1,1,1
CUST107038,40,male,self_employed,8.4,48100,756,1,14,0,0,3,14100.0,0.579,0.398,0.0,0.0,182200,36,medical,1,1,1,1,0,1
CUST107039,54,male,salaried,6.7,34100,619,4,49,7,0,1,14200.0,0.454,0.549,133700.0,47200.0,217100,48,home_improvement,1,1,1,1,0,0
CUST107040,39,male,self_employed,2.0,81100,726,1,21,2,0,1,7900.0,0.208,0.428,535300.0,128000.0,482600,18,medical,1,1,1,1,1,1
CUST107041,52,male,self_employed,9.7,120300,692,3,65,4,0,1,23100.0,0.161,0.269,101700.0,41400.0,335500,36,personal,1,1,1,1,0,1
CUST107042,41,male,contract,5.0,57300,640,2,37,3,0,1,23000.0,0.336,0.543,166700.0,112500.0,291400,36,vehicle,1,1,1,1,1,0
CUST107043,40,female,business,9.2,79800,734,4,84,0,0,0,4900.0,0.192,0.142,225000.0,163600.0,307300,48,business,1,1,1,1,1,1
CUST107044,46,female,salaried,13.8,34100,695,4,81,7,0,3,11400.0,0.473,0.648,65700.0,43600.0,128400,12,vehicle,1,1,1,1,1,0
CUST107045,30,male,salaried,10.2,29800,632,1,11,2,0,2,8900.0,0.548,0.355,151200.0,41500.0,20000,12,consumer,1,1,1,0,1,0
CUST107046,58,male,business,12.5,190000,861,3,63,3,0,3,60500.0,0.199,0.346,1096200.0,538200.0,309100,60,home,1,1,1,1,0,1
CUST107047,61,male,salaried,10.4,65600,728,7,129,4,0,2,11600.0,0.635,0.274,58700.0,15700.0,306900,48,education,1,1,1,1,0,1
CUST107048,31,male,business,1.4,38200,624,3,49,8,0,1,8100.0,0.297,0.488,22200.0,14200.0,253400,24,business,1,1,1,1,1,0
CUST107049,34,female,salaried,13.8,32200,702,3,56,4,0,3,3800.0,0.499,0.276,77100.0,53100.0,183400,36,consumer,1,1,1,1,1,0
CUST107050,35,male,salaried,3.5,97800,704,4,74,2,0,1,16400.0,0.081,0.312,178600.0,78300.0,678500,48,home_improvement,1,1,1,1,1,1
CUST107051,59,male,salaried,13.6,28000,704,1,20,0,0,2,8300.0,0.358,0.368,144900.0,60500.0,96100,48,education,1,1,1,1,0,0
CUST107052,53,male,self_employed,15.0,72800,685,2,37,1,0,0,6600.0,0.448,0.302,369900.0,82500.0,184400,12,business,1,1,1,1,0,1
CUST107053,44,male,salaried,3.5,81400,675,1,20,2,0,0,22400.0,0.356,0.447,7700.0,2400.0,503400,36,vehicle,1,1,1,1,1,0
CUST107054,38,female,self_employed,11.9,69200,754,3,71,1,0,4,14600.0,0.221,0.432,160200.0,55300.0,366700,24,vehicle,1,1,1,1,1,1
CUST107055,57,male,salaried,15.3,15000,618,3,62,10,0,1,2700.0,0.506,0.219,62200.0,47000.0,21300,36,business,1,1,1,1,0,0
CUST107056,49,female,business,1.2,76000,724,0,0,0,0,0,2300.0,0.115,0.581,227200.0,119700.0,502100,12,business,1,1,1,1,1,1
CUST107057,22,male,self_employed,8.0,72700,680,4,79,5,0,1,27600.0,0.184,0.461,321400.0,148000.0,106800,18,consumer,1,1,1,1,1,1
CUST107058,65,male,salaried,2.5,69200,704,4,70,6,0,1,24600.0,0.582,0.903,283200.0,218700.0,227400,6,home_improvement,1,0,1,1,0,0
CUST107059,27,female,self_employed,11.0,44900,663,2,34,2,0,3,11600.0,0.562,0.627,45400.0,33700.0,297600,18,personal,1,1,1,1,1,0
CUST107060,44,male,business,3.4,41400,725,1,23,0,0,1,5800.0,0.18,0.869,173900.0,113400.0,181000,6,personal,1,1,1,1,0,0
CUST107061,53,male,salaried,6.5,180400,773,2,26,0,0,1,41000.0,0.36,0.501,882200.0,342900.0,889900,18,business,1,1,1,1,0,1
CUST107062,59,male,salaried,4.1,52800,713,3,47,1,1,0,6800.0,0.168,0.32,163500.0,122200.0,241700,24,vehicle,1,1,0,1,0,0
CUST107063,26,male,business,8.0,64600,681,1,19,4,0,1,16100.0,0.559,0.587,43500.0,18500.0,130800,6,vehicle,1,1,1,1,0,0
CUST107064,21,male,self_employed,16.8,111800,764,2,34,0,0,0,36200.0,0.259,0.478,708000.0,162400.0,619300,36,consumer,1,1,1,1,0,1
CUST107065,58,male,salaried,10.3,26200,772,2,42,0,0,3,7800.0,0.257,0.357,68200.0,43000.0,37400,24,personal,1,1,1,1,1,1
CUST107066,50,female,salaried,6.6,48100,695,2,23,1,0,2,20200.0,0.615,0.59,162500.0,100800.0,196500,24,business,1,1,1,1,0,0
CUST107067,25,female,self_employed,4.8,74000,759,3,36,0,0,3,20100.0,0.368,0.389,477900.0,128400.0,208700,24,personal,1,0,1,1,1,0
CUST107068,50,male,salaried,17.3,78900,673,3,39,6,0,2,21700.0,0.401,0.383,550900.0,118600.0,306700,36,personal,1,1,1,1,0,1
CUST107069,57,female,salaried,9.0,80600,668,3,56,4,0,5,23900.0,0.551,0.492,185900.0,123400.0,189000,12,home_improvement,1,1,1,1,0,0
CUST107070,45,male,salaried,10.0,72800,703,2,45,3,0,0,9200.0,0.494,0.278,17300.0,5700.0,396500,36,vehicle,1,1,1,1,1,1
CUST107071,42,female,salaried,2.8,45900,689,0,0,0,0,3,7700.0,0.502,0.198,289600.0,112000.0,49300,36,consumer,1,1,1,1,0,0
CUST107072,24,male,salaried,6.7,97600,655,2,19,5,0,1,5600.0,0.678,0.241,335300.0,198700.0,646600,36,home_improvement,1,1,1,1,0,0
CUST107073,36,male,contract,6.5,97900,719,1,18,0,0,2,10500.0,0.352,0.23,497400.0,145700.0,287400,24,education,1,1,1,1,0,1
CUST107074,32,male,salaried,3.0,40500,690,2,37,3,0,1,3100.0,0.332,0.097,210900.0,60100.0,29200,36,education,1,1,1,1,0,0
CUST107075,33,male,contract,13.4,77500,673,2,41,3,0,1,27100.0,0.331,0.448,186000.0,58400.0,366300,48,vehicle,1,1,1,1,1,0
CUST107076,47,female,business,3.5,104700,682,2,39,3,0,1,10600.0,0.676,0.191,630900.0,498500.0,339700,36,vehicle,1,1,1,1,1,1
CUST107077,27,male,self_employed,19.1,69600,750,3,36,6,0,0,27800.0,0.534,0.458,164000.0,84600.0,97400,24,home,1,1,1,1,1,1
CUST107078,22,female,business,6.1,64900,746,3,59,1,0,1,19900.0,0.286,0.326,424000.0,355600.0,76700,60,home,1,1,0,1,0,1
CUST107079,58,female,salaried,6.4,29300,669,2,20,0,0,0,7600.0,0.357,0.33,191800.0,57200.0,74400,36,home,1,1,1,1,1,0
CUST107080,44,female,salaried,3.4,174100,720,3,45,3,0,1,17100.0,0.641,0.836,930700.0,446700.0,770400,6,home,1,1,1,1,0,0
CUST107081,53,female,salaried,7.1,63200,713,2,27,3,0,0,8200.0,0.032,0.325,385500.0,156200.0,147800,12,home,1,1,1,1,0,1
CUST107082,45,female,contract,4.7,52300,650,3,42,0,0,1,21500.0,0.28,0.432,180700.0,73600.0,53100,48,vehicle,1,1,1,1,1,0
CUST107083,34,male,salaried,12.1,100300,789,0,0,0,0,1,40300.0,0.372,0.561,169200.0,38100.0,382700,24,personal,1,1,1,1,0,1
CUST107084,65,male,business,6.3,64600,623,2,37,5,1,1,11700.0,0.285,0.269,241200.0,125900.0,339300,60,education,1,1,1,1,0,0
CUST107085,53,male,salaried,19.1,85400,746,2,22,0,0,4,26900.0,0.257,0.497,561000.0,501500.0,373600,24,personal,1,1,1,1,1,1
CUST107086,64,male,contract,10.5,79900,665,1,18,0,0,1,900.0,0.749,0.102,323300.0,213200.0,173900,24,consumer,1,1,1,1,1,1
CUST107087,39,female,salaried,18.9,53300,670,3,60,6,0,0,0.0,0.251,0.045,157700.0,95000.0,87100,36,consumer,1,1,1,1,1,1
CUST107088,47,female,salaried,2.1,64600,674,3,38,4,0,3,18900.0,0.3,0.338,429500.0,351900.0,140500,48,personal,1,1,1,1,1,0
CUST107089,21,male,salaried,2.7,46000,639,4,49,3,0,0,6400.0,0.199,0.2,69900.0,33500.0,134600,48,personal,1,1,1,1,1,0
CUST107090,61,male,salaried,2.9,55300,696,3,68,4,0,3,20700.0,0.171,0.493,361900.0,121200.0,235500,36,home_improvement,1,1,1,1,0,0
CUST107091,37,female,self_employed,12.1,72900,617,2,31,1,0,1,25200.0,0.538,0.513,117800.0,89400.0,220100,18,home,1,1,1,1,0,0
CUST107092,48,female,self_employed,8.3,52800,686,4,51,1,0,1,16300.0,0.261,0.459,69900.0,28400.0,284800,36,business,1,1,1,1,0,0
CUST107093,21,male,business,2.1,61100,713,2,18,2,0,0,9300.0,0.357,0.287,373600.0,296900.0,395100,48,business,1,1,1,1,0,1
CUST107094,46,male,salaried,6.1,72700,712,5,62,3,0,0,12900.0,0.079,0.327,238900.0,162500.0,390800,36,vehicle,1,1,1,1,0,1
CUST107095,49,male,business,3.1,143300,719,1,9,1,0,1,19200.0,0.662,0.712,145600.0,52600.0,496900,6,personal,1,1,1,1,0,0
CUST107096,38,male,business,8.7,47300,680,4,88,8,0,0,13400.0,0.393,0.39,104700.0,57000.0,303900,60,personal,1,1,1,1,1,1
CUST107097,37,female,salaried,7.9,57300,790,3,33,0,0,1,18100.0,0.296,0.338,307400.0,210300.0,60900,48,vehicle,1,1,1,1,1,1
CUST107098,55,female,business,3.8,106900,712,4,78,2,0,1,41200.0,0.283,0.506,727800.0,328400.0,462800,36,personal,1,1,1,1,1,1
CUST107099,61,female,business,6.6,33300,695,3,36,0,0,2,9300.0,0.206,0.377,134300.0,36100.0,78200,24,vehicle,1,1,1,1,0,0
CUST107100,28,male,salaried,8.9,48200,703,5,73,7,0,1,16700.0,0.381,0.376,230700.0,193300.0,84100,60,vehicle,1,0,1,1,1,0
CUST107101,62,male,business,12.4,46900,726,2,20,2,0,1,13500.0,0.609,0.3,0.0,0.0,20000,36,personal,1,1,1,1,0,1
CUST107102,29,male,contract,3.9,24500,661,4,53,3,0,2,7100.0,0.268,0.323,179700.0,66600.0,29600,36,vehicle,1,1,1,1,1,0
CUST107103,44,female,contract,5.1,60500,644,6,123,15,0,2,4300.0,0.437,0.103,336100.0,159800.0,70200,36,vehicle,1,1,1,1,1,0
CUST107104,50,male,salaried,3.3,60000,640,2,41,7,0,1,4300.0,0.517,0.241,158800.0,134700.0,243300,24,home,1,1,1,1,0,0
CUST107105,59,female,salaried,5.5,219700,764,3,50,1,0,2,77800.0,0.363,0.474,575400.0,220000.0,946200,36,vehicle,1,1,1,1,1,1
CUST107106,54,female,business,2.0,76200,702,0,0,0,0,1,20100.0,0.13,0.372,478200.0,335100.0,197800,24,personal,1,1,1,1,1,0
CUST107107,64,male,business,18.2,115600,741,1,19,0,0,2,21300.0,0.234,0.4,636600.0,238600.0,448300,18,vehicle,1,1,1,1,0,1
CUST107108,24,male,business,7.6,40500,674,4,40,4,0,0,0.0,0.316,0.284,98300.0,80400.0,275800,24,home,1,1,1,1,0,0
CUST107109,58,female,self_employed,12.4,54900,642,4,83,9,0,0,18400.0,0.357,0.34,281800.0,199800.0,20000,72,home_improvement,1,1,1,1,0,0
CUST107110,65,male,self_employed,6.4,69900,723,0,0,0,0,0,3100.0,0.185,0.116,204600.0,158700.0,90600,18,business,1,1,0,1,0,1
CUST107111,22,male,contract,9.8,52700,675,3,60,0,0,0,5900.0,0.487,0.136,187700.0,152700.0,60400,48,vehicle,1,1,1,1,1,0
CUST107112,56,male,salaried,9.5,67700,760,0,0,0,0,2,19600.0,0.799,0.546,162100.0,83100.0,417500,24,medical,1,1,1,1,1,0
CUST107113,21,female,salaried,8.0,80700,712,8,77,3,0,5,18000.0,0.46,0.349,212100.0,150500.0,486400,48,business,1,1,1,1,1,0
CUST107114,30,male,self_employed,4.2,82800,697,2,27,1,0,3,4200.0,0.532,0.16,326300.0,159600.0,541300,60,education,1,1,1,1,0,1
CUST107115,37,male,self_employed,9.1,44900,712,1,17,1,0,3,5100.0,0.211,0.315,21500.0,15800.0,325800,36,vehicle,1,1,1,1,1,0
CUST107116,55,female,salaried,6.7,105300,690,3,32,1,0,2,5500.0,0.238,0.244,334500.0,300000.0,363200,18,vehicle,1,1,1,0,1,1
CUST107117,47,female,salaried,6.6,28600,653,4,86,10,0,1,5200.0,0.067,0.433,35300.0,11500.0,129500,18,business,1,1,1,1,1,0
CUST107118,28,male,salaried,16.1,48800,758,2,41,1,0,1,13900.0,0.695,0.41,366000.0,243200.0,220600,36,home_improvement,1,1,1,1,0,1
CUST107119,43,male,salaried,6.2,69700,752,1,17,1,0,1,9300.0,0.594,0.187,195500.0,133000.0,133600,36,vehicle,1,1,1,1,1,1
CUST107120,56,female,business,6.9,59200,656,5,101,14,0,1,9200.0,0.532,0.447,190800.0,44600.0,414700,24,business,0,1,0,1,0,0
CUST107121,31,male,salaried,5.2,60000,674,3,67,5,0,1,16100.0,0.219,0.361,334800.0,88200.0,132900,24,medical,1,1,1,1,1,0
CUST107122,34,male,salaried,4.7,65800,651,1,18,3,0,1,10300.0,0.541,0.263,70800.0,30000.0,335300,48,home,1,1,1,1,1,0
CUST107123,60,male,salaried,6.0,41100,662,4,66,6,0,2,3200.0,0.467,0.207,234100.0,100800.0,127600,24,home,1,1,1,1,0,0
CUST107124,29,male,salaried,5.6,52600,673,0,0,0,0,0,12900.0,0.237,0.449,59800.0,37100.0,386700,36,education,1,1,1,1,0,0
CUST107125,35,female,salaried,6.2,96100,725,5,64,1,0,2,22500.0,0.293,0.268,114000.0,87000.0,237500,72,consumer,1,1,1,1,1,1
CUST107126,37,male,contract,8.0,48000,609,1,13,1,0,2,6300.0,0.34,0.241,137300.0,42700.0,189200,36,vehicle,1,1,1,1,1,0
CUST107127,49,female,salaried,6.2,59800,654,2,32,4,0,2,4600.0,0.422,0.26,87300.0,61300.0,395100,36,personal,1,1,1,1,0,0
CUST107128,47,male,contract,1.2,99500,653,2,25,3,0,4,10600.0,0.591,1.189,710100.0,558800.0,646100,6,personal,1,1,1,1,1,0
CUST107129,43,female,salaried,4.2,135700,668,5,78,7,0,1,21200.0,0.34,0.202,955300.0,442600.0,223000,36,personal,1,1,1,1,1,0
CUST107130,47,female,salaried,3.7,60900,704,4,73,3,0,2,4500.0,0.146,1.203,241300.0,185400.0,412400,6,medical,1,1,1,1,1,0
CUST107131,53,male,salaried,20.1,142400,705,2,38,2,0,3,54800.0,0.391,0.457,996100.0,801400.0,492100,48,business,0,1,1,1,0,1
CUST107132,36,male,salaried,2.7,115800,680,3,63,3,0,1,33700.0,0.33,0.305,631500.0,183600.0,78500,48,business,1,1,1,1,1,1
CUST107133,38,male,self_employed,3.3,53800,667,3,44,1,0,3,13700.0,0.26,0.285,252600.0,112900.0,117400,72,vehicle,1,1,1,1,0,0
CUST107134,54,male,self_employed,3.2,74500,662,3,49,2,0,0,17200.0,0.406,0.607,123100.0,61300.0,336400,12,medical,1,1,1,1,1,0
CUST107135,36,male,salaried,4.8,53100,609,3,24,6,0,2,4500.0,0.223,0.323,312700.0,173900.0,303000,24,home,1,0,1,1,0,0
CUST107136,42,male,business,10.1,25900,677,2,39,3,0,0,4400.0,0.392,0.317,153300.0,62400.0,136900,36,personal,1,0,1,1,1,0
CUST107137,27,female,self_employed,6.8,159100,693,5,50,5,0,0,33000.0,0.209,0.234,160800.0,141300.0,205900,48,vehicle,1,1,1,1,0,1
CUST107138,40,male,contract,15.4,104900,714,3,34,2,0,3,18100.0,0.27,0.853,275900.0,193600.0,428200,6,vehicle,1,1,1,1,0,1
CUST107139,60,female,self_employed,13.0,89800,638,3,37,2,0,0,22200.0,0.087,0.312,224000.0,67400.0,210700,36,personal,1,1,1,1,1,1
CUST107140,51,male,contract,13.5,56600,653,6,50,10,0,2,8000.0,0.404,0.22,7200.0,3700.0,159800,36,vehicle,1,1,1,1,0,0
CUST107141,61,female,salaried,0.7,137900,710,5,70,5,0,2,50600.0,0.335,0.543,728000.0,442000.0,438100,18,home,1,1,1,1,0,1
CUST107142,53,female,salaried,1.8,128500,623,5,67,8,0,0,33800.0,0.283,0.54,303700.0,258900.0,853000,24,personal,1,1,1,1,1,0
CUST107143,46,female,salaried,12.5,53400,654,1,14,0,0,3,8500.0,0.562,0.228,241300.0,120000.0,133100,36,education,1,1,1,1,0,0
CUST107144,64,male,salaried,13.8,46000,793,2,34,0,0,1,6000.0,0.33,0.313,283400.0,247500.0,150800,18,personal,1,1,1,1,1,1
CUST107145,62,female,salaried,9.1,58000,783,4,37,3,0,0,9800.0,0.52,0.234,367000.0,321400.0,181000,48,medical,1,1,0,1,0,1
CUST107146,23,female,salaried,7.2,57400,704,1,19,0,0,3,4500.0,0.558,0.206,291300.0,256800.0,350500,48,personal,1,1,1,1,1,0
CUST107147,27,male,business,2.9,39200,718,1,21,0,0,2,8700.0,0.522,0.285,132500.0,45500.0,88400,36,education,1,1,0,1,0,0
CUST107148,64,male,salaried,16.0,69600,765,3,42,0,0,0,17500.0,0.737,0.304,247200.0,109800.0,132900,36,home_improvement,1,1,1,1,0,1
CUST107149,46,female,salaried,4.4,55500,685,4,79,9,0,1,0.0,0.347,0.611,332300.0,274800.0,406900,12,home_improvement,1,1,1,1,1,0
CUST107150,30,female,self_employed,14.2,79400,791,3,32,1,0,0,18700.0,0.345,0.39,168600.0,147800.0,440900,36,personal,1,1,1,1,0,1
CUST107151,59,male,salaried,8.0,39900,748,2,24,4,0,1,9100.0,0.22,0.408,33100.0,19300.0,172100,24,personal,1,1,1,1,0,1
CUST107152,26,female,salaried,10.0,36300,708,2,32,0,0,2,9300.0,0.185,0.352,41800.0,10200.0,125400,36,medical,1,1,1,1,0,1
CUST107153,46,male,salaried,10.0,74600,781,3,48,0,0,0,25700.0,0.313,0.823,488900.0,334000.0,428000,12,medical,1,1,1,1,0,1
CUST107154,50,male,salaried,3.6,99600,692,2,44,2,0,3,36300.0,0.741,0.469,383500.0,114500.0,376000,36,education,1,1,1,1,0,0
CUST107155,22,female,salaried,0.9,28900,675,3,55,5,0,1,9200.0,0.459,0.479,174000.0,38800.0,167400,36,education,1,1,1,1,1,0
CUST107156,31,male,self_employed,4.7,101600,751,1,14,1,0,1,40100.0,0.398,0.475,397200.0,231400.0,489300,60,education,1,1,1,1,1,1
CUST107157,54,male,contract,5.4,126800,666,5,112,8,0,0,44300.0,0.642,0.534,793300.0,222500.0,844500,36,business,1,1,1,1,1,0
CUST107158,50,male,salaried,3.2,71000,669,3,37,2,0,0,17900.0,0.168,0.344,315600.0,250000.0,313300,48,business,1,1,1,1,1,0
CUST107159,23,male,business,3.6,45500,694,1,11,1,0,1,11800.0,0.374,0.331,97300.0,80800.0,117100,36,personal,1,1,1,1,0,0
CUST107160,41,female,salaried,3.4,62500,672,3,59,4,0,1,17400.0,0.186,0.404,78700.0,67400.0,377600,48,business,1,1,1,0,0,0
CUST107161,39,male,salaried,5.5,79200,676,1,13,2,0,3,6300.0,0.504,0.206,310800.0,279100.0,241100,24,home,0,1,1,0,1,0
CUST107162,64,male,salaried,6.5,38400,692,4,92,4,0,0,3600.0,0.491,0.181,205600.0,59500.0,120100,36,home_improvement,1,1,1,1,0,0
CUST107163,48,female,salaried,4.3,105800,665,3,65,4,0,2,29800.0,0.249,0.297,92300.0,18900.0,115500,72,vehicle,1,1,1,1,1,1
CUST107164,55,female,self_employed,5.6,112900,734,2,25,3,0,0,26300.0,0.351,0.521,658000.0,410100.0,780500,24,consumer,1,1,1,1,0,1
CUST107165,31,male,salaried,15.1,87800,767,5,65,0,0,3,28900.0,0.432,0.45,235300.0,123300.0,507600,48,vehicle,1,1,1,1,1,1
CUST107166,41,male,self_employed,2.4,94200,678,4,72,8,0,0,23500.0,0.322,0.387,482800.0,233200.0,311700,24,personal,1,1,1,1,1,1
CUST107167,54,female,salaried,9.5,154900,652,3,40,5,0,1,50600.0,0.372,0.566,372700.0,132500.0,889900,24,vehicle,1,1,1,1,1,0
CUST107168,51,male,salaried,9.8,38200,636,4,79,5,1,0,12000.0,0.247,0.413,65400.0,20700.0,226200,60,business,1,1,1,1,1,0
CUST107169,29,female,salaried,10.9,23000,654,3,48,3,0,1,4400.0,0.491,0.275,44600.0,21600.0,92600,48,home_improvement,1,1,1,1,1,0
CUST107170,23,female,business,21.1,70200,790,5,79,1,0,1,8800.0,0.422,0.275,115300.0,88900.0,505500,48,home_improvement,1,1,1,0,1,1
CUST107171,21,female,salaried,5.8,58700,699,5,70,5,0,2,13600.0,0.469,0.406,95200.0,27600.0,368900,36,vehicle,1,1,1,1,0,0
CUST107172,44,male,business,2.3,67000,609,1,18,2,0,2,8600.0,0.426,0.388,114200.0,92100.0,313200,18,education,1,1,1,1,0,0
CUST107173,24,female,contract,19.9,26600,693,1,12,0,0,1,0.0,0.384,0.161,104900.0,49600.0,154600,36,home,1,1,1,1,1,1
CUST107174,57,female,business,5.9,77300,693,3,42,0,0,2,14300.0,0.589,0.465,271700.0,77400.0,518700,24,business,1,1,1,1,1,0
CUST107175,39,female,self_employed,4.4,41500,666,3,33,3,0,2,7500.0,0.38,0.448,149600.0,37200.0,133000,12,medical,1,1,1,1,0,0
CUST107176,43,female,salaried,3.4,61800,667,2,25,1,0,3,5100.0,0.394,0.371,335900.0,231600.0,427500,24,education,0,1,1,1,0,0
CUST107177,34,female,business,7.4,36600,715,2,21,3,0,0,10300.0,0.505,0.321,54800.0,15000.0,68700,48,personal,1,1,1,1,0,0
CUST107178,39,male,business,8.9,54900,695,0,0,0,0,0,9000.0,0.401,0.344,97400.0,32400.0,356800,36,home_improvement,1,1,1,1,1,1
CUST107179,38,female,contract,0.7,67400,660,3,56,7,0,1,7000.0,0.304,0.252,232300.0,207600.0,239000,24,business,1,1,1,1,0,0
CUST107180,32,male,salaried,9.9,119200,721,5,89,6,0,1,28200.0,0.527,0.349,767500.0,163900.0,803200,60,home,1,1,1,1,0,1
CUST107181,64,male,business,14.6,52800,684,3,50,1,0,2,13400.0,0.342,0.349,37500.0,28200.0,301900,60,personal,1,1,1,1,0,1
CUST107182,41,male,contract,9.4,109200,734,3,60,0,0,2,30500.0,0.479,0.446,473200.0,182800.0,655800,36,home_improvement,1,1,1,1,1,1
CUST107183,51,male,self_employed,4.6,85100,626,0,0,0,0,0,22400.0,0.055,0.323,303600.0,72200.0,246000,48,personal,1,1,1,1,0,0
CUST107184,56,male,salaried,8.9,48600,688,6,68,4,0,1,12100.0,0.457,0.379,289600.0,101200.0,303800,48,personal,1,1,1,1,1,0
CUST107185,51,male,business,3.0,16200,660,2,42,6,0,0,2200.0,0.75,0.297,50000.0,26200.0,125400,48,personal,1,1,1,1,1,0
CUST107186,53,female,salaried,5.8,45400,707,0,0,0,0,3,5500.0,0.558,0.195,293300.0,254500.0,120200,36,home_improvement,1,1,1,1,0,0
CUST107187,42,female,salaried,9.3,46800,702,3,38,1,0,1,6100.0,0.596,0.451,231300.0,156400.0,270200,18,home,1,1,1,1,0,0
CUST107188,27,male,business,3.3,85300,651,5,76,4,0,1,19300.0,0.387,0.307,248000.0,136100.0,246500,36,personal,1,1,1,1,0,0
CUST107189,28,male,salaried,4.9,69700,702,2,29,3,0,1,23600.0,0.356,0.53,281400.0,156600.0,320600,24,vehicle,1,0,1,1,0,1
CUST107190,35,male,salaried,13.7,52000,763,3,43,2,0,1,19500.0,0.297,0.408,33800.0,9200.0,61800,36,education,1,1,0,1,1,1
CUST107191,41,male,contract,7.1,58700,632,4,54,6,0,3,11500.0,0.376,0.276,67500.0,59700.0,340400,72,personal,1,1,1,1,1,0
CUST107192,38,male,business,5.4,36100,656,1,21,0,0,2,9300.0,0.225,0.355,216400.0,107800.0,211700,60,business,1,1,0,1,0,0
CUST107193,65,female,salaried,5.8,35300,703,2,20,0,0,0,6500.0,0.544,0.266,192500.0,120600.0,69500,24,personal,1,1,1,1,0,0
CUST107194,39,male,self_employed,5.7,169800,685,3,35,1,0,0,24600.0,0.101,0.215,222000.0,174600.0,573300,48,home_improvement,0,1,1,1,1,1
CUST107195,54,male,salaried,7.9,64200,753,1,22,1,0,2,14300.0,0.283,0.259,305900.0,98800.0,84700,36,home,1,1,1,1,1,1
CUST107196,64,male,salaried,7.6,54000,665,2,42,4,0,0,24100.0,0.513,0.489,170700.0,104200.0,110200,48,vehicle,1,1,1,1,1,0
CUST107197,49,male,salaried,6.2,32600,673,4,51,5,0,3,9600.0,0.14,0.349,21600.0,18900.0,85300,48,business,1,1,1,1,1,0
CUST107198,57,male,salaried,6.1,19100,690,3,47,1,0,1,200.0,0.431,0.109,55400.0,12000.0,68000,36,consumer,1,1,1,1,1,0
CUST107199,56,female,salaried,0.2,44000,700,1,18,2,0,0,11100.0,0.435,0.588,35000.0,18400.0,266100,18,medical,1,1,1,1,1,0
CUST107200,32,male,self_employed,10.3,67600,770,4,83,1,0,0,20900.0,0.152,0.406,351600.0,233800.0,236500,36,personal,1,1,1,1,0,1
CUST107201,34,male,business,7.4,83600,680,5,66,4,0,4,7700.0,0.42,0.217,425800.0,182900.0,499700,48,personal,1,0,1,1,1,0
CUST107202,49,female,self_employed,11.2,83800,744,3,42,0,0,3,7100.0,0.374,0.126,516100.0,322200.0,82700,24,consumer,1,1,1,0,1,1
CUST107203,22,male,salaried,7.5,48100,650,2,19,1,0,1,9400.0,0.22,0.337,242800.0,72100.0,244900,36,vehicle,1,1,1,1,1,0
CUST107204,31,female,contract,4.4,91600,708,2,40,2,0,3,4500.0,0.529,0.203,631200.0,190100.0,337300,24,vehicle,1,1,1,1,1,1
CUST107205,24,female,salaried,3.3,40200,683,3,63,3,0,1,1000.0,0.292,0.131,130800.0,75200.0,102300,24,home,1,1,1,1,0,1
CUST107206,40,male,self_employed,6.3,66800,670,4,52,4,0,3,21200.0,0.163,0.42,399900.0,316800.0,329000,48,vehicle,1,1,1,1,0,0
CUST107207,52,female,self_employed,6.4,25600,710,2,20,0,0,0,0.0,0.312,0.16,45600.0,9800.0,147500,36,vehicle,1,1,1,1,0,0
CUST107208,47,female,contract,5.9,59400,685,1,10,2,0,1,14200.0,0.145,0.391,227300.0,97000.0,432200,48,personal,1,1,0,1,1,0
CUST107209,54,male,business,6.3,79000,639,2,29,3,0,4,22100.0,0.555,0.605,390100.0,130600.0,154300,6,personal,1,1,1,1,1,0
CUST107210,39,female,salaried,4.6,37400,666,3,28,2,0,1,8100.0,0.246,0.378,89200.0,43500.0,216800,36,personal,1,1,1,1,1,0
CUST107211,24,male,salaried,2.0,72000,693,2,43,3,0,1,8400.0,0.255,0.391,145600.0,98900.0,355500,18,consumer,1,1,1,1,1,0
CUST107212,43,male,self_employed,7.8,147400,772,4,43,1,0,1,48000.0,0.071,0.473,621100.0,356400.0,781900,36,personal,1,1,1,1,0,1
CUST107213,60,female,salaried,4.4,44800,648,2,26,6,0,2,12500.0,0.379,0.36,222000.0,106200.0,174000,48,vehicle,1,1,1,1,1,0
CUST107214,44,female,self_employed,4.6,25800,647,1,11,0,0,0,5200.0,0.37,0.336,86000.0,61700.0,83100,24,consumer,1,1,1,1,1,0
CUST107215,54,male,salaried,1.9,44900,737,2,48,0,0,1,1200.0,0.494,0.056,165400.0,101400.0,31700,24,personal,1,1,1,1,0,1
CUST107216,26,female,salaried,5.4,122800,740,1,17,0,0,0,14700.0,0.207,0.172,377900.0,76100.0,387300,60,home,1,1,1,1,0,1
CUST107217,32,female,business,8.2,48700,730,3,49,2,0,0,18500.0,0.244,0.481,333500.0,140400.0,118700,24,personal,1,1,1,1,1,1
CUST107218,32,male,salaried,6.3,87600,741,4,84,0,0,2,18400.0,0.521,0.504,197900.0,130800.0,618000,24,vehicle,1,1,1,1,0,1
CUST107219,31,female,salaried,5.4,78300,672,5,83,12,0,0,6900.0,0.134,0.309,275500.0,242600.0,415100,24,vehicle,1,1,1,1,0,0
CUST107220,46,female,salaried,2.6,29200,702,2,40,2,0,4,11200.0,0.419,0.509,126100.0,51500.0,88200,24,home_improvement,1,1,1,0,1,0
CUST107221,62,male,self_employed,12.3,75700,703,1,11,0,0,1,17900.0,0.335,0.323,541800.0,189100.0,236400,36,personal,1,1,1,1,1,1
CUST107222,48,female,salaried,5.0,51400,582,3,20,10,1,2,22900.0,0.29,0.562,345400.0,257400.0,214600,36,vehicle,1,1,1,1,0,0
CUST107223,23,male,salaried,6.9,60000,683,2,41,1,0,1,5500.0,0.616,0.113,125500.0,27700.0,61900,48,medical,1,1,1,1,1,0
CUST107224,63,male,salaried,3.8,106700,674,2,33,7,0,0,11800.0,0.125,0.136,244700.0,167500.0,97700,36,consumer,1,1,1,1,1,1
CUST107225,26,male,salaried,12.9,66600,668,3,60,6,0,0,21100.0,0.158,0.401,329200.0,227400.0,268100,48,home,1,1,1,1,0,0
CUST107226,22,male,business,13.4,31000,748,5,63,2,0,2,3500.0,0.431,0.541,167600.0,137600.0,159100,12,business,1,1,1,1,0,1
CUST107227,24,male,salaried,6.1,35300,681,3,48,6,0,0,6200.0,0.246,0.217,236200.0,103700.0,106300,72,home_improvement,1,1,1,1,1,0
CUST107228,62,male,salaried,11.4,72300,683,6,81,3,0,2,18000.0,0.251,0.345,307500.0,241200.0,125100,18,home,1,1,1,1,0,1
CUST107229,50,male,business,6.3,35500,701,2,19,1,0,1,14100.0,0.176,0.624,229400.0,68000.0,193500,24,home_improvement,1,0,1,1,1,0
CUST107230,27,male,salaried,5.1,26100,673,1,19,2,0,1,3400.0,0.444,0.162,66000.0,19200.0,20000,24,consumer,1,1,1,1,0,0
CUST107231,60,male,salaried,6.6,62100,733,7,112,0,0,1,7800.0,0.129,0.204,363500.0,,350700,72,vehicle,1,1,1,1,0,1
CUST107232,53,male,salaried,1.2,93600,618,3,42,6,0,1,28700.0,0.417,0.34,396700.0,261400.0,188500,60,home,1,1,1,1,1,0
CUST107233,61,female,contract,13.6,47200,755,4,76,4,0,0,19000.0,0.193,0.726,275300.0,233200.0,274700,18,business,1,1,1,1,1,1
CUST107234,40,male,contract,14.5,33200,734,0,0,0,0,4,10900.0,0.898,0.464,143900.0,31600.0,271200,60,home,1,1,1,1,1,0
CUST107235,39,female,business,12.1,53400,733,1,10,2,0,2,17400.0,0.451,0.388,86600.0,22700.0,60200,18,home,1,1,1,1,1,1
CUST107236,65,male,salaried,23.2,136900,818,3,45,0,0,2,13100.0,0.471,0.332,47300.0,32300.0,775700,24,medical,1,1,1,0,1,1
CUST107237,27,female,business,3.5,44900,694,4,70,6,0,2,1900.0,0.223,0.167,72300.0,22500.0,269400,48,personal,1,1,1,1,0,1
CUST107238,30,female,salaried,22.6,82200,738,0,0,0,0,1,22500.0,0.584,0.745,403900.0,138100.0,465200,12,home,1,1,1,1,1,1
CUST107239,38,female,contract,11.8,74700,699,5,59,11,0,1,12600.0,0.243,0.352,217800.0,170600.0,164600,12,vehicle,1,1,0,1,1,1
CUST107240,23,male,salaried,5.5,66200,704,4,96,0,0,2,5100.0,0.277,0.172,215500.0,154400.0,300700,48,home,1,1,1,1,1,1
CUST107241,49,male,salaried,9.0,73100,641,3,64,8,0,1,12700.0,0.364,0.211,13200.0,5800.0,129100,48,business,1,1,1,1,1,1
CUST107242,46,female,contract,3.6,96700,680,1,17,1,0,1,5200.0,0.502,0.138,496000.0,195500.0,146200,18,education,1,1,1,1,0,0
CUST107243,41,male,business,6.8,78800,700,3,47,7,0,0,13900.0,0.366,0.197,107600.0,74400.0,78000,48,business,1,1,1,1,0,1
CUST107244,54,female,salaried,11.8,96000,730,0,0,0,0,3,31200.0,0.34,0.362,664500.0,496400.0,126800,36,home,1,1,1,1,0,1
CUST107245,44,male,salaried,12.3,171500,699,4,61,3,0,0,41000.0,0.425,0.359,334800.0,144800.0,742600,36,personal,1,1,1,1,1,1
CUST107246,57,female,self_employed,22.2,47500,723,3,44,4,0,1,2500.0,0.123,0.286,82100.0,64500.0,266300,24,vehicle,1,1,1,1,1,1
CUST107247,64,female,salaried,7.9,108400,728,3,47,1,0,3,18600.0,0.618,0.227,619300.0,189500.0,144800,24,medical,1,1,1,1,1,0
CUST107248,61,male,salaried,8.4,65100,629,4,80,8,0,0,13900.0,0.069,0.391,393800.0,80400.0,414900,36,business,1,1,1,1,1,0
CUST107249,46,male,salaried,12.6,57000,656,2,23,1,0,0,10800.0,0.166,0.461,182000.0,124700.0,185900,12,consumer,1,1,1,1,1,1
CUST107250,52,female,salaried,9.9,68000,756,4,42,2,0,1,23000.0,0.27,0.361,411500.0,252700.0,91300,60,personal,1,1,0,1,1,1
CUST107251,38,male,business,6.4,87700,748,5,99,1,0,1,30700.0,0.694,0.611,177600.0,119200.0,548800,24,business,1,1,0,1,1,1
CUST107252,65,male,self_employed,6.1,95300,734,4,45,3,0,0,12500.0,0.38,0.179,51600.0,17200.0,273700,60,home_improvement,1,1,1,1,1,1
CUST107253,32,male,salaried,4.1,48000,719,0,0,0,0,0,4900.0,0.511,0.176,156600.0,104900.0,171400,48,consumer,1,1,1,1,0,0
CUST107254,22,male,self_employed,4.3,63200,651,4,63,5,0,1,16100.0,0.683,0.335,22700.0,8000.0,302500,60,personal,1,1,1,1,1,0
CUST107255,38,female,self_employed,10.3,85800,662,2,37,1,0,1,28300.0,0.577,0.626,60700.0,44800.0,458000,18,medical,1,1,0,1,1,0
CUST107256,36,male,business,6.1,150500,671,2,27,1,0,2,45200.0,0.466,0.374,552600.0,336300.0,265000,24,medical,1,1,1,1,0,0
CUST107257,44,male,salaried,7.4,20700,720,3,53,1,0,0,1500.0,0.497,0.134,42000.0,33900.0,46000,36,home,1,1,1,1,1,1
CUST107258,25,female,salaried,15.8,94200,827,1,16,0,0,1,15900.0,0.199,0.331,141400.0,85700.0,548700,36,business,1,1,1,1,1,1
CUST107259,59,female,salaried,4.6,48500,656,2,28,2,0,3,7600.0,0.555,0.34,56800.0,30800.0,320300,36,personal,1,1,1,1,0,0
CUST107260,53,female,salaried,4.5,63700,729,2,29,1,0,3,20300.0,0.712,0.475,361800.0,266900.0,357800,36,vehicle,1,1,1,1,1,0
CUST107261,63,male,business,6.0,39700,699,3,63,3,0,1,6000.0,0.326,0.267,122600.0,82100.0,165100,36,consumer,1,1,1,1,1,0
CUST107262,42,female,contract,1.8,129900,740,4,62,2,0,0,25600.0,0.192,0.277,718300.0,351200.0,624300,60,business,1,1,1,1,1,1
CUST107263,31,male,salaried,6.6,59700,671,6,119,7,1,3,14300.0,0.403,0.298,280900.0,241500.0,125700,36,business,1,1,1,1,0,0
CUST107264,45,female,self_employed,16.3,76300,624,4,86,10,0,1,20300.0,0.568,0.433,402900.0,84900.0,304800,24,education,1,1,1,1,0,0
CUST107265,21,male,salaried,2.8,78500,689,8,120,16,0,0,25900.0,0.277,0.474,359400.0,207300.0,407600,36,education,1,1,1,1,1,1
CUST107266,33,male,contract,10.2,61800,736,2,23,1,0,0,7900.0,0.102,0.22,182200.0,97600.0,273400,48,personal,1,1,1,1,0,1
CUST107267,31,male,self_employed,1.8,75000,740,2,33,1,0,1,20800.0,0.307,0.313,99200.0,84400.0,160600,60,home_improvement,1,1,1,1,1,1
CUST107268,60,male,salaried,2.5,55200,669,1,19,0,0,0,8100.0,0.459,0.183,248100.0,128900.0,71400,36,business,1,1,1,0,1,0
CUST107269,31,male,salaried,18.1,64700,658,3,38,4,0,0,9100.0,0.466,0.267,432900.0,273000.0,391300,48,education,1,1,1,1,0,0
CUST107270,42,male,business,12.0,34700,691,6,65,7,0,0,8100.0,0.198,0.266,140900.0,66400.0,54200,48,vehicle,1,1,1,1,1,1
CUST107271,57,female,self_employed,5.3,61900,611,4,84,8,0,1,11600.0,0.184,0.428,266400.0,182200.0,178400,12,business,1,1,1,1,1,0
CUST107272,21,female,business,6.6,115800,750,2,25,1,0,1,39200.0,0.302,0.551,320900.0,224600.0,442500,18,home,1,1,1,1,1,1
CUST107273,29,male,salaried,2.4,38400,715,6,133,5,0,0,16700.0,0.282,0.495,202700.0,152300.0,111200,48,personal,1,1,1,1,1,0
CUST107274,28,female,salaried,12.2,121100,824,4,88,0,0,2,8700.0,0.245,0.191,359300.0,129500.0,518400,36,home,1,1,1,1,0,1
CUST107275,21,female,business,,77200,690,3,65,4,0,0,20100.0,0.396,0.288,520400.0,232100.0,102700,48,personal,1,1,1,1,1,1
CUST107276,48,male,business,10.9,36900,699,3,42,3,0,5,8600.0,0.444,0.309,182300.0,162600.0,168200,60,vehicle,1,1,1,1,1,0
CUST107277,33,female,self_employed,3.0,53500,686,0,0,0,0,2,9400.0,0.335,0.374,160700.0,79300.0,190600,18,personal,1,1,1,1,0,0
CUST107278,49,male,self_employed,10.0,28700,690,1,16,0,0,0,9200.0,0.203,0.457,98100.0,68800.0,23500,6,personal,1,1,0,1,0,0
CUST107279,55,female,salaried,10.3,66000,603,1,9,1,0,2,5000.0,0.638,0.141,39000.0,23700.0,154500,36,home_improvement,1,1,1,1,0,0
CUST107280,55,male,salaried,7.0,54300,583,2,36,6,0,0,8900.0,0.46,0.265,66600.0,39800.0,330100,60,business,1,1,1,1,1,0
CUST107281,36,male,salaried,14.0,51700,773,6,60,0,0,2,18600.0,0.172,0.379,193600.0,98500.0,72100,72,business,1,1,1,1,1,1
CUST107282,30,female,salaried,3.0,119300,659,2,23,3,0,2,20000.0,0.733,0.245,421300.0,323400.0,221900,24,home,1,1,1,1,0,0
CUST107283,64,female,self_employed,1.6,93500,654,2,37,3,0,1,10400.0,0.637,0.229,466100.0,188300.0,397900,36,personal,1,1,1,1,1,0
CUST107284,26,male,salaried,10.0,63000,692,0,0,0,0,2,9800.0,0.444,0.224,69500.0,33400.0,258700,60,vehicle,0,1,1,1,1,0
CUST107285,52,male,business,13.2,73800,670,2,44,4,0,3,5300.0,0.633,0.256,353900.0,149000.0,488800,36,vehicle,1,1,1,1,0,0
CUST107286,40,male,salaried,8.9,34500,631,2,35,3,0,0,3200.0,0.317,0.301,127700.0,83600.0,129400,18,personal,1,1,1,1,1,0
CUST107287,64,female,salaried,2.6,69200,744,3,40,2,0,2,6400.0,0.235,1.196,296800.0,181000.0,458200,6,business,1,1,1,1,1,1
CUST107288,24,male,self_employed,5.9,68500,700,5,83,2,0,1,10600.0,0.58,0.185,325100.0,286300.0,147400,72,home_improvement,1,1,1,1,0,1
CUST107289,40,female,contract,7.5,91400,698,1,16,1,0,1,8500.0,0.389,0.191,158100.0,52600.0,647500,72,home_improvement,1,1,1,1,0,0
CUST107290,50,female,business,3.6,49900,722,1,14,0,0,2,5300.0,0.21,0.163,351600.0,174200.0,135100,48,home,1,1,1,1,0,1
CUST107291,37,male,salaried,4.8,56500,674,7,87,4,0,2,4900.0,0.195,0.167,111600.0,52600.0,273300,60,vehicle,1,1,0,0,0,0
CUST107292,58,male,salaried,19.9,75200,736,7,138,2,0,2,12500.0,0.517,0.27,251500.0,52800.0,375700,48,business,1,1,1,1,0,1
CUST107293,61,male,self_employed,5.8,90800,731,3,72,0,0,2,24900.0,0.28,0.413,385800.0,138300.0,452300,36,business,1,0,1,1,0,1
CUST107294,40,male,self_employed,18.6,34900,687,3,61,11,0,2,10000.0,0.698,0.403,263300.0,87500.0,244500,60,vehicle,1,1,1,1,1,0
CUST107295,38,female,self_employed,1.9,156500,724,6,102,6,0,0,30000.0,0.135,0.323,287900.0,92900.0,738600,36,education,1,1,1,1,0,1
CUST107296,23,male,salaried,6.3,77300,738,0,0,0,0,1,2100.0,0.601,0.612,115500.0,36400.0,271400,6,home,1,1,1,1,0,0
CUST107297,54,male,salaried,4.4,25800,694,2,18,2,0,1,6600.0,0.285,0.502,124800.0,37300.0,229100,36,vehicle,1,1,1,1,0,0
CUST107298,62,male,salaried,4.5,83400,621,1,23,1,0,2,26700.0,0.139,0.499,482900.0,421200.0,537600,36,personal,1,1,1,1,0,0
CUST107299,29,female,business,8.3,50600,645,2,33,1,0,0,9500.0,0.584,0.287,248800.0,155600.0,240400,48,consumer,1,1,1,1,0,0
CUST107300,63,female,business,17.2,28400,780,1,15,0,0,3,7500.0,0.459,0.284,135700.0,48600.0,20000,36,vehicle,1,1,1,1,0,1
CUST107301,36,male,salaried,6.4,110100,827,3,30,0,0,3,15300.0,0.427,0.174,530500.0,390200.0,186200,48,vehicle,1,1,1,1,1,1
CUST107302,36,male,self_employed,7.2,48600,699,4,48,4,0,0,9200.0,0.385,0.346,208800.0,118700.0,137300,18,business,0,1,1,1,0,1
CUST107303,28,male,business,5.0,128700,669,2,30,2,0,0,21600.0,0.078,0.281,172700.0,88900.0,525300,36,business,1,1,1,1,0,1
CUST107304,54,male,self_employed,1.7,60700,727,1,22,1,0,0,23300.0,0.074,0.454,252600.0,226000.0,152200,36,vehicle,0,1,1,1,1,1
CUST107305,59,female,self_employed,12.9,128400,732,3,68,4,0,0,22000.0,0.17,0.296,291700.0,199900.0,289000,18,home,1,1,1,1,1,1
CUST107306,29,male,business,8.4,93500,651,1,19,1,0,2,23200.0,0.381,0.32,89900.0,40000.0,242900,36,business,1,1,1,1,0,0
CUST107307,35,male,self_employed,4.5,28300,668,2,28,4,0,2,2200.0,0.322,0.164,174700.0,148400.0,58400,24,personal,1,1,1,1,0,0
CUST107308,56,male,salaried,6.3,71500,706,3,61,2,0,2,14600.0,0.551,0.478,261300.0,222900.0,469000,24,business,1,1,1,1,1,0
CUST107309,32,female,salaried,7.0,34200,647,2,38,2,0,2,10600.0,0.456,0.408,20600.0,8100.0,201500,60,personal,1,1,1,1,1,0
CUST107310,25,female,salaried,15.6,82000,708,3,28,2,0,3,900.0,0.266,0.236,403500.0,311400.0,442700,24,education,1,1,1,1,1,1
CUST107311,65,female,business,7.8,141900,660,3,35,4,0,1,19500.0,0.381,0.298,239400.0,214100.0,547100,24,business,1,1,1,1,1,1
CUST107312,52,female,salaried,5.8,111600,657,3,30,3,0,1,24200.0,0.318,0.689,133300.0,72400.0,632900,12,vehicle,1,1,1,1,1,0
CUST107313,64,male,salaried,1.9,55000,635,8,93,11,1,1,18100.0,0.884,0.416,349500.0,196700.0,115100,24,home_improvement,1,1,1,1,1,0
CUST107314,33,female,salaried,6.5,32500,634,3,23,7,1,0,0.0,0.329,0.148,219200.0,176000.0,172600,36,business,1,1,1,1,0,0
CUST107315,44,male,salaried,1.8,119100,709,4,92,4,0,0,16600.0,0.133,0.215,274100.0,98500.0,645900,72,home,1,0,1,1,1,1
CUST107316,43,female,salaried,3.7,80500,695,3,50,1,0,2,11400.0,0.349,0.29,156800.0,138100.0,572400,48,personal,1,1,1,1,0,1
CUST107317,63,male,self_employed,6.0,39200,638,4,65,7,0,0,15300.0,0.342,0.445,162800.0,38900.0,129700,60,home,1,1,1,1,1,0
CUST107318,49,male,self_employed,10.9,51100,686,4,60,4,0,1,5000.0,0.216,0.126,350700.0,239200.0,52300,36,personal,1,1,1,1,1,1
CUST107319,43,male,salaried,10.9,46700,657,2,29,1,0,1,13300.0,0.481,0.538,211400.0,66500.0,212800,18,vehicle,1,1,0,1,1,0
CUST107320,58,female,salaried,3.6,105900,644,3,39,3,0,0,21600.0,0.242,0.276,487400.0,152200.0,274600,36,home,1,1,1,1,1,1
CUST107321,59,male,business,4.4,42800,698,3,52,2,0,2,10800.0,0.558,0.303,240900.0,101500.0,103100,48,personal,1,1,1,1,1,1
CUST107322,41,female,salaried,7.0,52000,793,3,65,1,0,0,10300.0,0.318,0.318,307100.0,215600.0,299200,48,consumer,1,1,1,1,1,1
CUST107323,56,male,salaried,16.6,65200,712,5,102,3,0,3,14200.0,0.381,0.295,186400.0,121900.0,120500,24,vehicle,1,1,1,1,0,1
CUST107324,43,female,salaried,7.7,140900,666,1,22,1,0,1,24200.0,0.48,0.222,981100.0,582000.0,336700,48,vehicle,1,1,1,1,1,0
CUST107325,28,male,business,6.0,113300,731,6,104,4,0,3,28500.0,0.434,0.809,540900.0,456300.0,757600,12,consumer,1,1,1,1,1,1
CUST107326,29,female,salaried,22.0,50800,682,4,77,3,0,1,15900.0,0.484,0.445,128700.0,60000.0,241800,36,business,1,1,1,1,1,1
CUST107327,65,male,salaried,1.1,88100,669,1,18,0,0,2,18000.0,0.439,0.239,340200.0,120600.0,184200,60,medical,1,1,1,1,1,0
CUST107328,37,female,self_employed,8.8,47100,674,2,37,1,0,2,6400.0,0.363,0.169,298200.0,260500.0,94500,60,vehicle,1,1,1,1,1,0
CUST107329,48,female,salaried,14.7,33600,766,3,35,1,0,1,9900.0,0.216,0.305,83900.0,63000.0,20000,60,business,1,1,1,1,0,1
CUST107330,43,female,business,2.0,165800,749,3,42,0,0,2,30500.0,0.231,0.24,809100.0,165000.0,668100,72,business,1,1,1,1,1,1
CUST107331,58,male,salaried,16.6,109900,709,0,0,0,0,0,22600.0,0.178,0.335,756200.0,284200.0,512200,36,business,1,1,1,1,1,1
CUST107332,40,male,business,4.3,64300,669,1,14,0,0,0,4400.0,0.605,0.113,61300.0,30500.0,102200,36,medical,1,1,1,1,1,0
CUST107333,51,female,salaried,14.5,66100,708,0,0,0,0,1,20900.0,0.244,0.475,369400.0,222900.0,377500,36,vehicle,1,1,1,1,1,1
CUST107334,46,male,self_employed,5.1,100800,772,4,88,0,0,1,30300.0,0.525,0.502,133400.0,35800.0,244100,12,home_improvement,1,1,1,1,1,1
CUST107335,65,female,self_employed,2.9,49000,753,1,22,0,0,1,14500.0,0.181,0.794,122100.0,82400.0,146400,6,education,1,1,1,1,1,1
CUST107336,65,male,self_employed,12.7,44600,720,5,55,5,0,3,4700.0,0.348,0.168,280000.0,86000.0,100700,36,consumer,1,1,1,1,0,0
CUST107337,40,female,salaried,3.2,111200,713,4,89,7,0,1,28400.0,0.437,0.278,471100.0,120400.0,184900,72,consumer,1,1,1,1,1,1
CUST107338,25,female,salaried,3.8,26700,637,6,113,19,0,2,5100.0,0.436,0.295,41600.0,29300.0,66600,24,home,1,1,1,1,0,0
CUST107339,41,male,business,3.0,59000,653,2,40,4,0,5,22900.0,0.436,0.514,41300.0,12200.0,133300,18,personal,1,1,1,1,1,0
CUST107340,42,female,salaried,5.5,110300,687,2,37,1,0,1,3200.0,0.223,0.054,663000.0,243100.0,166700,60,business,1,1,1,1,1,1
CUST107341,54,male,self_employed,6.8,18300,690,2,32,2,0,0,6200.0,0.317,1.5,44500.0,19100.0,145700,6,home,1,1,1,1,0,0
CUST107342,21,male,contract,15.3,88600,731,2,28,0,0,3,19400.0,0.434,0.298,536000.0,245900.0,422500,60,home_improvement,1,1,1,1,0,1
CUST107343,37,female,business,5.1,53900,671,1,22,2,0,0,5300.0,0.347,0.231,269800.0,131000.0,343600,48,personal,1,1,1,1,1,0
CUST107344,26,female,salaried,8.2,44000,762,4,52,0,0,1,4800.0,0.276,0.152,110200.0,72300.0,68200,36,education,1,1,1,1,1,1
CUST107345,40,male,contract,15.4,52500,660,0,0,0,0,1,7200.0,0.573,0.267,175200.0,130700.0,163400,24,personal,1,1,0,1,1,0
CUST107346,32,male,salaried,14.0,73900,711,4,56,4,0,0,3200.0,0.412,0.113,507400.0,145400.0,93200,18,personal,1,1,1,1,1,1
CUST107347,36,male,self_employed,6.2,24700,655,2,41,1,0,1,7200.0,0.152,0.416,113900.0,73200.0,147400,48,medical,1,1,1,1,0,0
CUST107348,63,male,salaried,12.2,67300,715,3,68,1,0,2,4300.0,0.329,0.272,360800.0,211900.0,335800,24,education,1,1,1,1,1,1
CUST107349,23,female,self_employed,15.9,27600,744,5,49,1,0,2,2700.0,0.482,0.12,85300.0,27100.0,44800,72,education,1,1,1,1,1,1
CUST107350,59,female,contract,1.2,41500,609,4,61,7,0,3,3900.0,0.352,0.223,239900.0,50000.0,192900,36,consumer,1,1,1,1,0,0
CUST107351,57,female,self_employed,9.2,41500,743,1,20,0,0,0,6100.0,0.333,0.182,210500.0,114600.0,86200,60,education,1,1,1,1,1,1
CUST107352,21,male,self_employed,9.2,85300,612,4,42,6,0,2,7200.0,0.721,0.118,328200.0,292100.0,69700,24,business,1,1,1,1,0,0
CUST107353,51,female,salaried,2.3,106600,628,1,18,0,0,1,11500.0,0.141,0.222,708300.0,277500.0,436500,36,personal,1,1,0,1,0,0
CUST107354,53,male,salaried,15.0,67600,722,3,49,2,0,1,13400.0,0.468,0.31,66500.0,25500.0,452300,60,personal,1,1,1,1,1,1
CUST107355,60,female,contract,6.7,29900,639,2,23,7,0,0,10800.0,0.205,1.5,26400.0,14900.0,206500,6,business,1,1,1,1,0,0
CUST107356,25,female,salaried,13.6,132400,792,5,99,1,0,1,42100.0,0.411,0.443,539100.0,474600.0,794300,48,home_improvement,1,1,1,1,1,1
CUST107357,23,male,salaried,1.9,70100,643,1,14,2,0,2,4900.0,0.388,0.105,191400.0,107800.0,118300,48,consumer,1,1,1,1,1,0
CUST107358,44,male,salaried,15.5,112300,763,2,34,0,0,0,36600.0,0.131,0.521,569900.0,498300.0,790600,36,business,1,1,1,1,1,1
CUST107359,26,female,salaried,14.6,34200,800,4,96,0,0,0,5800.0,0.196,0.208,116300.0,99800.0,47100,36,business,1,1,1,1,1,1
CUST107360,37,male,salaried,9.2,57600,641,3,33,6,0,1,9600.0,0.246,0.18,272500.0,112100.0,35600,48,consumer,1,1,1,1,1,0
CUST107361,22,male,self_employed,3.5,20400,665,0,0,0,0,1,0.0,0.277,0.131,53900.0,24900.0,127800,48,business,1,1,1,1,1,0
CUST107362,57,male,salaried,3.1,98800,715,2,42,4,0,1,28500.0,0.324,0.59,107300.0,36100.0,536500,18,education,1,1,1,1,1,1
CUST107363,36,male,business,12.9,43200,720,0,0,0,0,2,10700.0,0.4,0.304,125400.0,58800.0,176300,72,home,1,1,1,1,1,0
CUST107364,43,male,salaried,0.3,119700,653,2,37,1,0,1,24200.0,0.36,0.612,439400.0,383000.0,588700,12,vehicle,1,1,1,1,1,0
CUST107365,31,female,contract,5.1,46100,730,4,74,2,0,2,4900.0,0.719,0.2,185000.0,61800.0,155600,36,vehicle,1,1,1,1,1,1
CUST107366,54,male,self_employed,5.6,27800,599,0,0,0,0,2,7600.0,0.493,0.345,116100.0,103900.0,71700,36,personal,1,1,1,1,1,0
CUST107367,42,male,salaried,13.4,83900,711,0,0,0,0,0,5300.0,0.225,0.265,534300.0,211600.0,406100,24,business,1,1,0,1,1,1
CUST107368,53,male,salaried,4.8,99100,673,2,29,1,0,0,17800.0,0.55,0.226,565400.0,213000.0,221600,48,consumer,0,1,1,1,1,1
CUST107369,59,female,salaried,5.2,23100,725,2,19,1,0,0,7700.0,0.273,0.419,76600.0,,94800,48,home_improvement,1,1,1,1,0,1
CUST107370,61,male,self_employed,9.7,36600,775,6,77,1,0,0,13200.0,0.322,0.589,22900.0,16000.0,150200,18,home_improvement,1,1,1,1,0,1
CUST107371,54,male,self_employed,8.3,55300,651,2,28,2,0,2,10700.0,0.391,0.696,257200.0,113800.0,166700,6,home,1,1,1,1,1,0
CUST107372,51,female,business,13.0,59300,619,0,0,0,0,1,24100.0,0.458,0.448,390200.0,216100.0,89300,36,consumer,1,0,1,1,1,0
CUST107373,29,female,salaried,6.1,57000,646,6,86,4,0,1,16000.0,0.111,0.341,183100.0,88700.0,123700,36,consumer,1,1,0,1,1,0
CUST107374,50,male,salaried,9.7,58300,745,4,40,0,0,1,6800.0,0.183,0.154,137300.0,116600.0,131500,60,consumer,1,1,1,1,0,1
CUST107375,42,male,salaried,8.9,47700,662,2,30,2,0,3,8800.0,0.304,0.329,207200.0,155900.0,248800,36,vehicle,1,1,0,1,1,0
CUST107376,37,female,salaried,11.0,70400,706,3,70,2,0,1,14400.0,0.263,0.487,257700.0,199800.0,477600,24,home,1,1,1,1,0,1
CUST107377,41,female,salaried,5.5,45800,796,1,10,0,0,1,16600.0,0.217,0.608,291000.0,107600.0,270000,24,home,1,1,1,1,1,1
CUST107378,44,male,self_employed,7.3,76500,710,4,63,5,0,0,23500.0,0.186,0.337,382100.0,95500.0,165600,72,personal,1,1,1,1,1,1
CUST107379,23,female,salaried,5.1,52100,674,2,41,3,0,2,7000.0,0.395,0.266,13100.0,3600.0,329000,48,business,1,1,1,1,0,0
CUST107380,26,male,business,12.0,155300,730,4,86,2,0,0,37400.0,0.501,0.353,60700.0,43400.0,1047200,60,vehicle,1,1,1,1,0,1
CUST107381,33,male,contract,7.5,78400,712,3,31,2,0,0,14900.0,0.162,0.451,461600.0,149000.0,490200,24,personal,1,1,1,1,1,1
CUST107382,56,male,self_employed,9.1,42300,658,3,38,1,0,1,14000.0,0.192,0.421,120500.0,51800.0,91300,24,business,1,1,1,1,0,0
CUST107383,53,male,salaried,11.7,142600,709,3,60,3,0,1,25300.0,0.519,0.266,162500.0,52300.0,454300,36,vehicle,1,0,1,1,1,1
CUST107384,22,female,business,10.0,56400,771,3,50,1,0,1,5300.0,0.338,0.194,37600.0,7700.0,136000,24,home,1,1,1,1,1,1
CUST107385,60,male,self_employed,5.7,22200,677,1,16,0,0,4,0.0,0.274,0.17,10500.0,3400.0,180800,48,vehicle,1,1,1,1,1,0
CUST107386,26,female,salaried,7.7,66200,713,1,22,1,0,0,19800.0,0.114,0.33,228900.0,107300.0,74200,36,business,1,1,1,1,0,1
CUST107387,58,female,salaried,4.8,88800,707,2,30,2,0,0,25900.0,0.111,0.326,534800.0,113200.0,110600,36,personal,1,1,1,1,0,1
CUST107388,39,male,self_employed,10.8,93300,693,3,67,5,0,3,30000.0,0.193,0.562,657600.0,146400.0,537500,24,consumer,1,1,1,1,0,0
CUST107389,53,male,self_employed,7.2,62100,696,4,67,5,0,3,10400.0,0.296,0.475,326700.0,90500.0,229500,12,business,1,1,1,1,0,0
CUST107390,40,male,salaried,8.2,48700,710,2,41,3,0,0,12000.0,0.485,0.504,42300.0,18500.0,300600,24,consumer,1,1,1,1,1,1
CUST107391,56,female,salaried,11.1,73200,739,2,40,0,0,2,24000.0,0.662,0.409,515200.0,149600.0,213500,36,personal,1,1,1,1,0,1
CUST107392,65,male,salaried,9.5,68900,726,4,69,3,0,3,10500.0,0.572,0.314,295700.0,70900.0,266500,24,vehicle,1,1,1,1,0,1
CUST107393,22,female,salaried,5.1,68300,664,7,70,7,0,1,19500.0,0.312,0.321,202300.0,115400.0,115800,48,business,1,1,1,1,0,0
CUST107394,50,male,contract,3.2,29300,713,5,59,1,0,2,12700.0,0.334,0.978,30500.0,12000.0,95800,6,medical,1,1,1,1,1,0
CUST107395,60,male,salaried,5.6,85100,658,3,59,4,0,3,26100.0,0.383,0.345,482200.0,406600.0,118000,36,business,1,1,1,1,0,0
CUST107396,40,male,salaried,3.8,25500,654,1,18,0,0,0,900.0,0.399,0.177,0.0,0.0,173800,48,home_improvement,1,1,1,1,0,0
CUST107397,30,female,salaried,6.9,128700,636,2,27,3,0,1,42400.0,0.106,0.604,388600.0,185900.0,848000,24,vehicle,1,1,1,1,1,1
CUST107398,63,female,business,7.1,50600,706,5,58,2,0,0,22800.0,0.108,0.608,284100.0,121700.0,287000,36,home,0,1,1,1,0,0
CUST107399,28,female,salaried,1.2,85000,718,1,11,0,0,2,15600.0,0.354,0.383,383900.0,172000.0,406900,24,vehicle,1,0,1,1,1,0
CUST107400,64,male,salaried,8.8,24600,718,1,11,0,0,1,12800.0,0.065,0.6,34200.0,7400.0,94100,48,education,1,1,1,1,1,1
CUST107401,31,male,salaried,15.7,73800,724,2,26,0,0,1,4900.0,0.212,0.114,135100.0,41500.0,126500,36,vehicle,1,1,1,1,0,1
CUST107402,46,male,salaried,10.2,64900,716,2,20,2,0,0,23700.0,0.297,0.543,104200.0,39800.0,277300,24,medical,1,1,1,1,1,1
CUST107403,31,female,salaried,6.7,56000,633,7,128,12,0,0,1500.0,0.679,0.067,82400.0,53500.0,53500,24,home,1,1,1,1,1,0
CUST107404,33,female,salaried,7.6,52900,685,6,76,8,0,3,15800.0,0.274,0.378,96900.0,53500.0,151600,36,personal,1,1,1,1,1,0
CUST107405,22,female,salaried,3.5,46800,706,1,21,3,0,1,8900.0,0.337,0.211,84400.0,71400.0,46600,48,personal,1,1,1,1,0,0
CUST107406,39,female,salaried,1.5,181000,736,2,40,0,0,2,27400.0,0.365,0.365,1046300.0,326300.0,694400,18,home,1,1,1,1,1,1
CUST107407,30,female,business,5.0,34600,704,5,77,3,0,2,9700.0,0.331,0.844,199800.0,78300.0,234200,12,vehicle,1,1,1,1,1,0
CUST107408,62,male,salaried,4.5,155000,734,0,0,0,0,1,35800.0,0.182,0.277,484100.0,354600.0,343400,48,education,1,1,1,1,1,1
CUST107409,61,male,contract,4.7,41800,690,2,27,1,0,3,10900.0,0.21,0.304,104600.0,64800.0,130200,72,medical,1,1,1,1,1,0
CUST107410,50,female,salaried,8.8,23700,738,1,18,0,0,2,7800.0,0.322,0.489,9700.0,4200.0,68100,18,home_improvement,1,1,1,1,0,0
CUST107411,56,female,salaried,4.7,236400,834,1,14,0,0,1,83600.0,0.108,0.388,829100.0,238300.0,385100,48,vehicle,1,1,1,1,0,1
CUST107412,33,male,self_employed,7.1,66000,676,1,10,0,0,0,12000.0,0.109,0.285,394900.0,346100.0,122500,18,personal,1,1,1,0,0,1
CUST107413,55,male,salaried,3.2,78900,708,6,55,5,0,2,5600.0,0.264,0.647,242600.0,72000.0,545800,12,medical,1,1,1,1,0,0
CUST107414,43,female,salaried,3.0,56400,690,6,115,5,0,0,19900.0,0.567,0.538,198200.0,122700.0,376000,36,personal,1,1,1,0,1,0
CUST107415,25,male,salaried,15.3,29500,731,0,0,0,0,0,8000.0,0.408,0.357,136600.0,92200.0,61100,24,vehicle,1,1,0,1,0,1
CUST107416,52,female,salaried,2.1,83500,670,4,86,10,0,1,13100.0,0.422,0.314,156800.0,95300.0,236200,18,business,1,1,1,1,1,1
CUST107417,33,male,business,10.4,49500,678,2,20,2,0,3,5700.0,0.453,0.369,227500.0,132400.0,302000,24,business,1,1,1,1,0,0
CUST107418,39,male,salaried,10.2,162500,691,4,72,4,0,1,23800.0,0.269,0.516,648400.0,571900.0,1080800,18,business,1,1,1,1,0,1
CUST107419,23,female,salaried,,98600,685,1,20,2,0,2,25500.0,0.277,0.342,655000.0,298000.0,491900,60,personal,1,1,1,1,1,1
CUST107420,47,male,salaried,9.3,53600,712,6,88,2,0,3,12900.0,0.563,0.35,72800.0,64000.0,351100,60,vehicle,1,1,1,1,1,0
CUST107421,31,male,salaried,9.0,69500,723,5,102,3,0,1,9500.0,0.336,0.207,200200.0,103500.0,233900,48,education,1,1,1,1,1,1
CUST107422,65,male,salaried,7.3,47500,760,3,69,0,0,2,17300.0,0.405,0.417,61000.0,53100.0,181500,72,personal,1,1,1,1,0,1
CUST107423,26,female,salaried,8.0,48600,643,3,27,3,0,1,9900.0,0.416,0.45,253500.0,66100.0,143500,12,education,1,1,1,1,0,0
CUST107424,27,male,salaried,7.2,55100,628,4,62,6,0,1,4800.0,0.13,0.42,38300.0,9600.0,329900,18,education,1,1,1,1,1,0
CUST107425,49,male,business,7.6,60200,756,1,15,0,0,4,7900.0,0.363,0.427,178400.0,,427100,24,education,1,1,1,1,1,0
CUST107426,51,male,self_employed,12.6,85800,670,6,126,12,0,1,24800.0,0.146,0.402,173300.0,101200.0,232500,24,education,1,1,1,1,1,1
CUST107427,53,male,salaried,7.9,95500,640,3,64,8,1,0,30500.0,0.411,0.68,312400.0,144600.0,206800,6,medical,1,1,1,1,1,0
CUST107428,60,male,salaried,3.1,86600,633,2,31,3,0,0,9200.0,0.547,0.18,101600.0,51300.0,229700,36,personal,1,0,1,1,1,0
CUST107429,26,male,salaried,1.9,92400,711,6,72,6,2,0,17800.0,0.348,0.269,630700.0,433800.0,84500,12,home_improvement,1,1,1,1,1,0
CUST107430,45,male,salaried,20.8,41100,729,4,44,0,0,0,23500.0,0.26,0.601,130500.0,97100.0,71200,60,personal,1,1,1,1,1,1
CUST107431,41,male,contract,1.9,39500,648,6,85,11,0,1,11000.0,0.235,0.376,119700.0,33300.0,185100,48,vehicle,1,1,1,1,1,0
CUST107432,43,male,salaried,2.9,66900,673,3,37,2,0,1,15700.0,0.341,0.388,93800.0,81400.0,246900,24,home_improvement,1,1,1,1,1,0
CUST107433,22,female,salaried,10.5,141300,755,2,19,1,0,1,50900.0,0.193,0.783,968400.0,844300.0,358100,6,home,1,1,1,1,0,1
CUST107434,35,female,salaried,11.9,29000,718,1,17,2,0,1,2900.0,0.053,0.267,207400.0,136000.0,174600,36,personal,1,1,0,1,1,1
CUST107435,55,female,salaried,8.9,64500,729,3,63,0,0,0,6500.0,0.481,0.162,97400.0,53300.0,190700,48,business,1,1,1,1,1,1
CUST107436,44,male,salaried,11.0,56000,713,2,42,4,0,1,10100.0,0.342,0.322,152500.0,77100.0,142500,18,consumer,1,1,1,1,0,1
CUST107437,42,male,salaried,2.6,77500,685,2,20,0,0,2,1400.0,0.343,0.049,130400.0,33300.0,142100,60,vehicle,1,1,1,1,0,1
CUST107438,54,male,contract,4.7,59700,709,4,69,3,0,0,0.0,0.336,0.151,89500.0,44400.0,324200,36,personal,1,1,1,1,1,1
CUST107439,65,female,self_employed,12.0,38600,645,7,145,9,0,4,9800.0,0.465,1.099,138300.0,60600.0,195800,6,education,1,1,1,1,0,0
CUST107440,55,male,self_employed,4.3,80100,672,4,49,3,0,2,23500.0,0.162,0.335,527000.0,318100.0,120600,36,business,1,1,1,1,1,0
CUST107441,47,male,salaried,16.9,31900,756,5,68,2,0,0,10200.0,0.597,0.436,210800.0,98000.0,134000,36,medical,1,1,1,1,0,1
CUST107442,49,male,business,10.5,82100,655,4,82,6,0,3,22400.0,0.257,0.299,554100.0,362800.0,131000,60,home_improvement,1,1,1,1,0,0
CUST107443,60,female,contract,19.4,78000,766,2,46,0,0,0,16300.0,0.2,0.265,479600.0,308800.0,157700,36,business,1,1,1,1,1,1
CUST107444,49,male,contract,10.0,87600,719,1,12,0,0,1,21300.0,0.474,0.264,151100.0,30200.0,87000,48,education,1,1,1,1,1,1
CUST107445,53,male,salaried,7.5,45800,675,4,65,3,0,2,16700.0,0.121,0.412,308000.0,154800.0,26000,12,personal,1,0,1,1,1,0
CUST107446,57,female,contract,4.0,74800,711,3,59,4,0,0,19100.0,0.494,0.375,376600.0,268200.0,535300,60,personal,1,1,1,1,0,1
CUST107447,56,female,salaried,4.2,37800,701,1,24,0,0,0,11100.0,0.423,0.349,189500.0,133400.0,75200,36,business,1,1,1,1,1,0
CUST107448,25,male,self_employed,6.9,124200,656,3,51,6,0,0,37000.0,0.279,0.406,810800.0,320400.0,644900,48,business,0,1,1,1,0,0
CUST107449,22,male,contract,6.9,110600,680,2,31,5,0,2,18600.0,0.244,0.223,633600.0,519000.0,220100,36,home_improvement,1,1,1,1,1,0
CUST107450,45,female,salaried,7.0,38100,664,4,82,10,0,3,12100.0,0.536,0.441,107100.0,94200.0,225800,48,home,1,1,1,1,1,0
CUST107451,26,male,salaried,3.9,88800,636,4,71,9,0,1,17100.0,0.216,0.312,337800.0,113100.0,634700,60,personal,1,1,1,1,0,0
CUST107452,65,male,salaried,7.2,72700,651,5,49,6,0,1,21700.0,0.056,0.491,384000.0,325700.0,336300,24,education,1,1,1,1,0,0
CUST107453,45,male,self_employed,13.6,32400,742,5,62,3,0,1,0.0,0.52,0.034,107300.0,63400.0,20000,18,personal,1,1,1,1,0,1
CUST107454,36,female,business,2.2,70400,719,4,87,1,0,1,23900.0,0.494,1.256,476700.0,218300.0,387300,6,consumer,1,1,1,1,0,0
CUST107455,43,male,contract,8.3,53600,676,2,21,3,0,2,10100.0,0.408,0.289,135900.0,36300.0,323300,60,vehicle,1,1,1,1,0,0
CUST107456,56,male,salaried,10.8,163000,779,1,18,0,0,1,29100.0,0.651,0.239,153500.0,59300.0,476500,48,personal,1,1,1,1,1,1
CUST107457,35,female,self_employed,4.4,56500,750,2,29,1,0,0,10200.0,0.487,0.323,183700.0,114000.0,387700,48,education,1,1,1,1,1,1
CUST107458,40,male,business,19.3,56200,694,3,39,3,0,0,0.0,0.144,0.02,249200.0,154700.0,36800,36,education,1,1,1,1,0,1
CUST107459,62,female,salaried,10.7,33600,671,2,32,6,0,3,6300.0,0.219,0.221,136800.0,105800.0,81200,72,medical,1,1,1,1,1,0
CUST107460,34,male,salaried,5.8,66200,730,2,44,2,0,1,4300.0,0.175,0.172,346600.0,215100.0,340200,48,education,1,1,1,1,1,1
CUST107461,46,male,salaried,2.5,82900,710,0,0,0,0,0,30100.0,0.068,0.654,431500.0,213100.0,434800,18,personal,1,1,1,1,0,0
CUST107462,38,male,salaried,4.8,43500,695,2,20,2,0,1,1100.0,0.406,0.132,130100.0,84300.0,222000,48,personal,1,1,1,1,0,0
CUST107463,26,male,salaried,9.4,42900,717,3,62,4,0,0,4800.0,0.466,0.122,138200.0,33500.0,20000,48,home_improvement,1,1,1,1,0,1
CUST107464,57,male,salaried,3.4,42200,682,3,55,5,0,1,8500.0,0.215,0.249,290000.0,139300.0,47900,24,medical,1,1,1,1,1,0
CUST107465,35,male,contract,5.2,31600,636,3,31,5,0,1,9300.0,0.267,0.418,221500.0,64500.0,93900,24,vehicle,1,1,1,1,1,0
CUST107466,48,male,salaried,11.2,62500,665,2,19,1,0,2,16100.0,0.28,1.111,203200.0,48100.0,319900,6,personal,1,1,1,1,1,0
CUST107467,28,male,salaried,6.4,47700,668,2,29,1,0,1,7800.0,0.111,0.202,190100.0,151300.0,109000,60,vehicle,1,1,1,1,1,1
CUST107468,54,female,self_employed,1.3,90100,624,5,84,6,0,4,6900.0,0.392,0.237,539900.0,336400.0,521500,36,education,1,1,1,1,0,0
CUST107469,60,female,salaried,12.6,57100,697,2,47,1,0,1,17600.0,0.251,0.346,277000.0,229500.0,77200,36,home,1,1,1,1,0,1
CUST107470,36,female,self_employed,8.6,127600,676,3,52,8,0,0,28800.0,0.168,0.327,492200.0,412400.0,465600,36,consumer,1,1,1,1,0,1
CUST107471,21,male,salaried,,54900,691,6,124,8,0,3,0.0,0.912,0.122,202700.0,181500.0,241200,36,vehicle,1,1,0,1,1,0
CUST107472,34,female,self_employed,6.0,97600,727,1,11,0,0,2,18000.0,0.305,0.235,339100.0,124100.0,117900,24,medical,1,1,1,1,1,1
CUST107473,60,female,salaried,1.6,66100,659,5,60,5,0,2,16700.0,0.274,0.317,52300.0,38500.0,205100,48,personal,1,1,1,1,0,0
CUST107474,29,male,self_employed,4.5,55200,620,2,30,2,0,0,6800.0,0.357,0.26,84200.0,39900.0,271300,36,business,1,1,1,1,1,0
CUST107475,29,female,salaried,2.6,92700,772,1,18,0,0,1,25500.0,0.124,0.354,629000.0,147800.0,263100,36,home,1,1,1,1,0,1
CUST107476,64,female,business,9.4,65500,765,4,51,1,0,0,21000.0,0.342,0.413,161700.0,121100.0,291600,48,personal,1,1,1,0,1,1
CUST107477,31,male,self_employed,7.8,50300,683,3,50,4,0,1,7100.0,0.234,0.21,108500.0,47100.0,124500,36,home_improvement,1,1,1,1,0,0
CUST107478,37,female,self_employed,6.3,84800,693,1,20,3,0,2,4900.0,0.366,0.199,414500.0,251900.0,431600,36,personal,1,1,1,1,0,0
CUST107479,36,male,salaried,11.6,130600,711,3,44,4,0,0,42600.0,0.05,0.418,556100.0,382200.0,866000,72,medical,1,1,1,0,1,1
CUST107480,56,male,contract,8.1,133600,808,2,20,0,0,2,41900.0,0.315,0.618,430300.0,214000.0,488000,12,home,0,1,1,1,0,1
CUST107481,45,female,salaried,3.7,53000,760,1,19,0,0,1,11000.0,0.147,1.155,198100.0,82400.0,301300,6,education,1,1,1,0,1,0
CUST107482,38,female,salaried,5.7,149900,706,6,94,2,0,0,51800.0,0.102,0.818,386800.0,301900.0,849400,12,home_improvement,1,1,1,1,1,1
CUST107483,60,female,salaried,11.3,69800,800,3,68,1,0,3,15500.0,0.19,0.385,373400.0,242300.0,273200,24,consumer,1,1,1,1,1,1
CUST107484,45,male,salaried,6.0,26300,728,2,38,2,0,0,4400.0,0.21,0.394,20600.0,11000.0,142900,24,personal,1,1,0,1,0,0
CUST107485,53,male,salaried,5.9,81100,737,2,36,0,0,2,18300.0,0.516,0.533,282000.0,95200.0,448700,18,personal,1,1,1,1,0,1
CUST107486,59,male,salaried,11.0,153500,776,1,14,1,0,0,14700.0,0.234,0.15,910700.0,756500.0,604800,72,home,1,1,1,1,0,1
CUST107487,48,male,salaried,14.2,20600,677,7,72,5,0,2,2700.0,0.716,0.17,47400.0,34600.0,28700,36,home_improvement,1,1,1,1,0,0
CUST107488,30,female,salaried,1.5,68300,604,2,28,2,1,0,18500.0,0.368,0.349,269200.0,174100.0,257700,48,business,1,1,1,1,1,0
CUST107489,51,male,business,21.1,53900,812,3,71,1,0,3,3300.0,0.459,0.077,229800.0,104900.0,41000,48,personal,1,1,1,1,0,1
CUST107490,45,male,self_employed,6.7,80800,708,4,85,3,0,1,6600.0,0.231,0.622,263600.0,170200.0,524300,12,education,1,0,1,1,0,1
CUST107491,24,female,business,10.9,74600,653,2,45,1,0,3,21500.0,0.273,0.731,121900.0,35600.0,198200,6,business,1,1,1,1,0,0
CUST107492,31,female,salaried,1.5,38700,676,2,21,1,0,4,12800.0,0.566,1.176,161500.0,106000.0,196300,6,home,0,1,1,1,0,0
CUST107493,58,male,business,7.4,46100,768,1,10,0,0,1,4700.0,0.468,0.2,245900.0,95500.0,271500,60,medical,1,1,1,1,1,1
CUST107494,65,female,contract,7.1,41000,686,3,61,2,0,1,8900.0,0.257,0.349,95900.0,20300.0,194800,36,business,1,1,1,1,0,0
CUST107495,56,male,salaried,18.7,122300,753,2,27,1,0,1,15700.0,0.252,0.198,561700.0,202000.0,408500,48,vehicle,1,1,1,0,0,1
CUST107496,62,male,salaried,1.5,28700,644,0,0,0,0,1,0.0,0.404,0.053,164000.0,104300.0,72600,48,personal,1,1,1,1,0,0
CUST107497,36,male,business,7.8,81200,736,1,21,3,0,0,18400.0,0.439,0.314,438600.0,378200.0,171000,24,home_improvement,1,1,1,1,1,1
CUST107498,41,male,salaried,1.9,119600,705,0,0,0,0,0,44500.0,0.696,0.473,773100.0,262400.0,870900,72,personal,1,1,1,1,1,0
CUST107499,35,male,salaried,0.7,66000,742,3,53,1,0,0,8600.0,0.376,0.21,124200.0,99300.0,377800,72,home,1,1,1,1,1,1
CUST107500,33,male,salaried,11.0,191100,783,3,60,0,0,2,10700.0,0.271,0.12,1194500.0,526300.0,441500,36,personal,1,1,1,1,1,1
CUST107501,21,female,contract,12.1,75600,724,4,84,4,0,2,5000.0,0.528,0.115,285400.0,191800.0,134200,36,vehicle,1,1,1,1,0,1
CUST107502,48,male,business,5.2,121700,721,2,20,0,0,1,16000.0,0.425,0.318,583100.0,130800.0,545400,24,vehicle,1,1,1,1,0,1
CUST107503,47,male,business,10.3,39000,623,5,51,9,0,1,14500.0,0.164,0.522,79100.0,34500.0,281900,48,home,1,1,1,1,0,0
CUST107504,59,male,business,4.3,82400,685,3,59,4,0,1,16400.0,0.484,0.4,82400.0,25700.0,297800,18,education,1,1,1,1,0,0
CUST107505,49,male,salaried,12.4,22600,699,4,70,2,0,1,800.0,0.144,0.265,170100.0,83900.0,124700,24,education,1,1,1,1,0,0
CUST107506,50,male,salaried,2.3,79000,557,1,13,4,0,1,23100.0,0.53,0.45,168900.0,118900.0,448500,36,consumer,1,1,1,1,0,0
CUST107507,42,male,self_employed,2.5,57800,650,4,64,8,0,2,22400.0,0.773,0.431,368600.0,277500.0,90400,36,education,1,1,1,1,0,0
CUST107508,58,male,contract,8.6,22000,735,5,96,4,0,4,8900.0,0.509,0.457,63100.0,23300.0,55600,48,personal,1,1,1,1,1,0
CUST107509,35,female,salaried,9.0,86800,706,3,56,4,0,0,29700.0,0.178,0.472,73100.0,18500.0,404600,36,business,1,1,1,1,1,1
CUST107510,58,male,salaried,19.9,67500,750,1,16,1,0,2,20700.0,0.236,0.329,268300.0,190200.0,71600,48,vehicle,1,1,1,1,1,1
CUST107511,47,male,self_employed,15.5,44500,720,1,16,1,0,0,14100.0,0.013,0.799,300100.0,233500.0,128800,6,education,1,1,1,1,1,1
CUST107512,27,male,business,6.7,49500,677,1,14,0,0,1,9200.0,0.169,0.273,124200.0,60600.0,154400,36,business,1,1,1,1,1,0
CUST107513,56,female,contract,5.4,50500,629,4,54,6,0,1,9900.0,0.225,0.276,121800.0,99500.0,292400,72,consumer,1,1,1,1,1,0
CUST107514,42,male,contract,12.0,49300,620,1,16,3,1,2,3500.0,0.598,0.209,254800.0,178600.0,326900,48,personal,1,1,0,0,0,0
CUST107515,29,female,salaried,2.6,59100,621,2,28,2,0,1,21300.0,0.427,0.695,42900.0,18500.0,355500,18,vehicle,1,1,1,1,1,0
CUST107516,32,male,salaried,10.2,81100,726,3,39,0,0,0,6300.0,0.217,0.475,137500.0,34700.0,579500,18,medical,1,1,1,1,1,1
CUST107517,45,male,salaried,14.9,56300,662,3,64,5,0,0,18600.0,0.262,0.541,265200.0,179900.0,284200,24,home_improvement,1,1,1,1,1,0
CUST107518,23,female,salaried,22.8,40100,733,3,58,2,0,2,15600.0,0.497,0.478,161000.0,107500.0,170300,48,personal,1,1,1,1,0,1
CUST107519,47,female,business,12.4,64100,713,1,13,2,0,0,12000.0,0.117,0.405,119900.0,38500.0,334400,24,consumer,1,1,1,1,1,1
CUST107520,25,male,salaried,13.4,48000,762,2,24,0,0,3,4400.0,0.413,0.264,245500.0,138500.0,298400,36,personal,1,1,1,1,0,1
CUST107521,53,male,salaried,7.0,72400,733,3,48,0,0,1,18900.0,0.42,0.367,164200.0,129800.0,368000,48,home_improvement,1,1,1,1,1,1
CUST107522,64,male,contract,4.4,44000,700,3,35,1,0,1,6500.0,0.665,0.279,204700.0,51400.0,138800,24,education,1,1,1,1,0,0
CUST107523,55,female,salaried,9.4,96300,694,1,21,0,0,0,17300.0,0.083,0.289,425800.0,166800.0,504900,48,home,1,1,0,1,1,1
CUST107524,59,male,self_employed,16.9,63700,736,2,22,0,0,1,8000.0,0.065,0.649,161900.0,78200.0,399800,12,personal,1,1,1,1,1,1
CUST107525,55,female,salaried,12.4,40800,728,2,39,1,0,0,13800.0,0.2,0.879,161000.0,107700.0,264600,12,personal,1,1,1,1,0,1
CUST107526,61,female,self_employed,22.4,77500,754,6,123,3,0,5,13600.0,0.594,0.217,213100.0,172400.0,76900,24,education,1,1,1,1,1,1
CUST107527,28,male,salaried,10.1,37100,711,3,32,1,0,3,12000.0,0.277,0.455,234800.0,106000.0,233900,48,consumer,1,1,1,0,1,1
CUST107528,28,male,business,9.9,23800,716,4,49,3,0,4,4400.0,0.31,0.354,125600.0,56800.0,144500,36,vehicle,1,1,1,1,0,0
CUST107529,31,female,salaried,5.6,167500,725,3,46,2,0,0,31800.0,0.124,0.286,971000.0,366500.0,772900,48,home_improvement,1,1,1,1,0,1
CUST107530,33,male,self_employed,3.5,250100,738,2,22,0,0,0,77500.0,0.15,0.81,522100.0,435200.0,1500000,12,personal,1,1,1,1,1,1
CUST107531,21,male,business,5.2,21000,682,1,11,0,0,0,3100.0,0.186,0.239,81600.0,21800.0,92200,48,consumer,1,1,1,1,1,1
CUST107532,33,male,salaried,5.0,69000,722,1,17,1,0,3,9000.0,0.418,0.398,234900.0,175900.0,332600,18,personal,1,1,1,1,0,0
CUST107533,52,female,salaried,10.5,72900,649,4,50,2,0,2,24100.0,0.201,0.355,262200.0,217700.0,106100,60,education,1,1,1,1,1,1
CUST107534,40,male,salaried,5.1,56500,683,4,89,3,0,1,11100.0,0.152,0.596,319400.0,262700.0,271100,12,vehicle,1,1,0,1,1,0
CUST107535,64,male,salaried,2.7,79800,625,4,48,4,0,0,24300.0,0.601,0.489,393100.0,300100.0,264300,18,medical,1,1,1,1,1,0
CUST107536,58,male,self_employed,13.3,52500,706,0,0,0,0,3,14600.0,0.152,0.315,274700.0,182900.0,116500,60,consumer,1,1,1,1,0,1
CUST107537,51,male,salaried,1.2,52000,652,3,33,6,0,1,10800.0,0.144,0.323,74200.0,56100.0,107800,18,personal,1,1,1,1,1,0
CUST107538,45,female,contract,6.1,32400,721,1,12,1,0,1,9400.0,0.525,0.445,128900.0,109500.0,120100,24,personal,1,1,1,1,0,0
CUST107539,30,male,salaried,7.8,64200,715,6,92,4,0,0,18000.0,0.014,0.366,145000.0,37700.0,198600,36,consumer,1,1,1,0,1,1
CUST107540,47,male,salaried,8.1,112600,765,5,98,2,0,0,19200.0,0.66,0.375,463500.0,218800.0,553700,24,education,1,1,1,1,0,1
CUST107541,39,male,salaried,7.6,95800,765,4,40,0,0,2,21800.0,0.343,0.529,545600.0,450900.0,346600,12,business,1,1,1,1,1,1
CUST107542,59,male,contract,7.5,51500,642,3,56,4,0,0,20700.0,0.087,0.504,157900.0,63000.0,125600,24,education,1,1,1,1,0,0
CUST107543,54,female,salaried,10.0,61800,714,6,103,5,0,1,500.0,0.176,0.056,106400.0,62900.0,106200,36,vehicle,1,1,1,1,1,1
CUST107544,38,male,salaried,11.5,67900,681,0,0,0,0,1,17900.0,0.498,0.381,140200.0,123100.0,287300,36,home_improvement,1,1,1,1,0,0
CUST107545,64,female,business,8.0,26700,702,3,46,5,0,3,5500.0,0.381,0.498,117100.0,28100.0,187100,24,vehicle,1,1,1,1,1,0
CUST107546,60,male,self_employed,6.7,71200,644,2,35,5,0,4,8400.0,0.568,0.18,363100.0,148300.0,212800,48,business,1,1,1,1,1,0
CUST107547,62,male,self_employed,8.5,38800,712,1,22,1,0,0,3700.0,0.441,0.257,178600.0,151100.0,112900,18,home_improvement,1,1,1,1,0,1
CUST107548,65,female,salaried,10.3,43700,740,0,0,0,0,2,0.0,0.902,0.197,264600.0,74600.0,310700,36,vehicle,1,1,1,1,0,0
CUST107549,30,female,self_employed,3.6,42200,637,1,14,0,0,1,3100.0,0.178,0.14,134000.0,60200.0,101100,36,personal,1,1,1,1,0,0
CUST107550,43,male,self_employed,22.8,71700,717,1,17,0,0,3,15800.0,0.799,0.518,269700.0,139100.0,383500,18,home_improvement,1,1,1,1,0,1
CUST107551,50,female,salaried,5.5,28000,697,1,13,0,0,1,7700.0,0.393,0.335,115100.0,46100.0,100100,60,business,1,1,1,1,0,0
CUST107552,50,female,salaried,11.0,89200,700,3,45,3,0,1,17900.0,0.238,0.449,123300.0,107300.0,399500,18,home_improvement,1,1,1,1,0,1
CUST107553,63,male,salaried,11.1,62200,689,0,0,0,0,4,18400.0,0.171,0.369,122700.0,56000.0,109500,24,vehicle,1,1,1,1,0,0
CUST107554,56,male,salaried,13.9,37500,753,6,81,3,0,3,9600.0,0.174,0.345,49900.0,26800.0,120800,36,vehicle,1,1,1,1,0,1
CUST107555,29,female,salaried,4.3,89700,679,4,50,6,0,1,30800.0,0.538,0.42,135300.0,53900.0,328800,48,education,1,1,1,1,0,0
CUST107556,30,female,salaried,7.1,74800,715,2,38,2,0,2,22900.0,0.275,0.369,491600.0,257100.0,225000,48,consumer,1,1,1,1,0,1
CUST107557,31,female,self_employed,8.7,91400,623,3,58,5,0,1,38200.0,0.486,0.52,222800.0,183600.0,446000,48,vehicle,1,1,1,1,0,0
CUST107558,37,female,self_employed,4.6,76800,672,0,0,0,0,0,18700.0,0.226,0.387,383100.0,101400.0,397000,36,vehicle,1,1,1,1,1,0
CUST107559,24,female,salaried,9.0,38500,654,1,11,2,0,2,15300.0,0.277,0.568,7200.0,5100.0,235900,36,vehicle,1,1,1,1,0,0
CUST107560,23,male,salaried,6.9,52600,617,2,18,2,0,2,2100.0,0.498,0.139,96600.0,62200.0,187300,36,business,1,1,1,1,1,0
CUST107561,50,male,contract,5.2,45500,686,5,110,5,0,1,0.0,0.479,0.104,183200.0,91600.0,170900,36,medical,1,1,1,1,0,1
CUST107562,63,female,business,11.6,43200,652,1,8,2,0,1,7200.0,0.41,0.292,68100.0,14800.0,195200,36,personal,1,0,1,1,0,0
CUST107563,65,male,business,30.0,35600,790,1,15,0,0,4,4900.0,0.436,0.219,172700.0,91300.0,104300,36,personal,1,1,1,1,1,1
CUST107564,41,female,salaried,9.5,25400,674,1,17,0,0,4,7400.0,0.529,0.407,104900.0,37600.0,141100,48,personal,1,1,1,1,1,0
CUST107565,30,male,salaried,11.5,37500,751,3,30,0,0,2,9100.0,0.3,0.493,15800.0,8300.0,225300,24,personal,1,1,1,1,0,1
CUST107566,42,male,salaried,7.3,55300,711,0,0,0,0,0,15300.0,0.555,0.465,146400.0,56800.0,249700,24,vehicle,1,1,1,1,1,0
CUST107567,54,male,salaried,12.3,122900,768,1,15,0,0,1,7700.0,0.085,0.104,505400.0,291500.0,306600,60,personal,1,1,1,1,1,1
CUST107568,24,female,salaried,4.3,31400,629,3,25,5,0,2,7500.0,0.374,0.493,132700.0,66900.0,143400,18,personal,1,1,1,0,0,0
CUST107569,24,female,salaried,3.5,26300,714,4,55,5,0,0,7600.0,0.293,0.424,189300.0,149100.0,127600,36,personal,1,1,1,1,1,0
CUST107570,60,female,self_employed,5.5,39400,748,3,55,2,0,0,12000.0,0.547,0.431,126400.0,37300.0,119200,24,business,1,1,0,1,0,1
CUST107571,57,male,salaried,4.2,48900,737,3,45,0,0,2,7200.0,0.57,0.25,257000.0,164400.0,181700,36,medical,1,1,0,1,1,1
CUST107572,37,female,salaried,9.4,126200,743,0,0,0,0,0,10800.0,0.289,0.121,430100.0,106100.0,162600,36,education,1,1,1,0,0,1
CUST107573,59,male,salaried,8.5,36100,619,4,69,7,2,2,8500.0,0.251,0.412,145900.0,98700.0,229400,36,vehicle,1,1,1,1,0,0
CUST107574,30,female,self_employed,8.3,90700,766,2,44,0,0,0,21500.0,0.404,0.262,300600.0,68500.0,137500,60,business,1,0,1,1,1,1
CUST107575,34,female,salaried,2.7,40100,565,0,0,0,0,4,5000.0,0.41,0.231,87000.0,76700.0,256100,60,education,1,1,1,1,0,0
CUST107576,39,female,business,4.0,47400,746,4,63,1,0,1,6900.0,0.213,0.291,280100.0,59400.0,247600,36,business,1,1,1,1,1,1
CUST107577,58,female,salaried,5.6,96900,726,5,50,0,0,1,20200.0,0.348,0.32,533700.0,273000.0,646700,60,business,1,1,1,1,0,1
CUST107578,40,female,self_employed,6.3,82100,745,3,48,0,0,2,16300.0,0.249,0.482,135600.0,34300.0,557600,24,business,1,1,1,1,0,1
CUST107579,26,female,salaried,7.6,90800,737,3,54,3,0,2,24100.0,0.279,0.403,117600.0,35100.0,300500,24,personal,1,1,1,1,1,1
CUST107580,48,female,self_employed,9.0,25100,728,4,69,3,0,2,1000.0,0.408,0.123,68600.0,33900.0,74800,36,business,1,1,1,1,0,1
CUST107581,22,male,salaried,2.1,40800,683,3,52,5,0,4,11600.0,0.319,0.305,153800.0,126200.0,20000,24,business,1,1,1,1,0,0
CUST107582,43,female,contract,9.0,42700,643,2,37,5,0,2,5200.0,0.396,0.454,290900.0,100600.0,255700,18,consumer,1,1,1,1,0,0
CUST107583,64,male,salaried,9.1,68400,688,2,32,2,0,0,17300.0,0.346,0.348,35400.0,19400.0,155600,24,personal,1,1,1,1,1,1
CUST107584,33,male,self_employed,3.5,36400,696,3,31,5,0,1,3400.0,0.471,0.105,160900.0,122000.0,20000,48,vehicle,1,1,1,1,0,0
CUST107585,21,female,business,17.2,46900,750,3,71,1,0,3,20100.0,0.554,0.583,133800.0,62200.0,261000,36,personal,1,1,1,1,0,1
CUST107586,26,male,self_employed,3.9,43700,706,2,25,1,0,0,4400.0,0.415,0.277,269800.0,105400.0,276600,36,home,1,1,1,1,1,0
CUST107587,65,male,contract,6.3,30400,663,2,40,8,0,1,4400.0,0.639,0.855,117600.0,38400.0,259000,12,business,1,1,1,1,1,0
CUST107588,27,female,business,7.2,55100,694,5,104,6,0,0,8900.0,0.566,0.307,125000.0,95100.0,193000,24,medical,1,1,1,1,0,1
CUST107589,33,male,contract,5.7,93300,657,4,65,3,0,1,37000.0,0.255,0.461,197400.0,56900.0,359700,60,home,1,1,1,1,1,1
CUST107590,47,female,self_employed,4.4,37400,684,3,28,2,0,0,6300.0,0.441,0.27,60400.0,19800.0,182400,48,consumer,1,1,1,1,1,0
CUST107591,53,female,salaried,9.6,54900,694,0,0,0,0,2,14200.0,0.309,0.448,285600.0,169500.0,249600,24,business,1,1,1,1,1,0
CUST107592,53,female,salaried,3.2,64200,716,3,45,3,0,1,12000.0,0.349,0.242,233900.0,120900.0,255300,72,home,1,1,0,1,0,1
CUST107593,53,female,salaried,6.4,49500,693,5,95,10,0,1,12100.0,0.312,0.431,33500.0,22400.0,332800,36,consumer,1,1,1,1,0,0
CUST107594,25,female,self_employed,8.7,71200,692,5,75,5,0,1,15400.0,0.447,0.317,228800.0,200100.0,345000,48,personal,1,1,1,1,0,1
CUST107595,60,male,salaried,4.1,31200,697,3,66,3,0,2,300.0,0.368,0.201,149000.0,107700.0,215400,36,personal,1,1,1,1,1,1
CUST107596,46,male,contract,5.3,41500,760,3,32,1,0,0,8200.0,0.193,0.258,218800.0,186900.0,149600,60,personal,1,1,1,1,1,1
CUST107597,49,female,business,3.0,43100,569,0,0,0,0,1,15600.0,0.663,0.412,213500.0,174600.0,78000,36,medical,1,1,1,1,1,0
CUST107598,55,male,salaried,7.3,72100,650,4,46,2,0,1,11200.0,0.487,0.406,360000.0,129300.0,325100,18,medical,1,1,1,1,1,0
CUST107599,21,female,salaried,8.1,43800,704,4,72,4,0,0,6500.0,0.438,0.67,53100.0,10700.0,137100,6,personal,1,1,1,1,0,0
CUST107600,22,male,self_employed,6.5,47300,658,4,87,9,0,0,13200.0,0.228,0.452,311900.0,255100.0,295100,36,consumer,1,1,1,1,0,0
CUST107601,27,male,self_employed,6.8,90800,708,2,34,4,0,1,23800.0,0.435,0.374,94700.0,57200.0,489600,48,personal,1,1,1,1,0,1
CUST107602,56,male,business,4.0,124800,712,4,76,8,0,0,39100.0,0.147,0.865,450000.0,312600.0,826300,12,personal,1,1,1,1,0,1
CUST107603,60,female,salaried,13.2,38000,665,0,0,0,0,2,7400.0,0.198,0.296,42000.0,11400.0,92700,24,consumer,1,1,1,1,1,0
CUST107604,30,male,business,2.3,98000,653,6,122,10,2,2,22800.0,0.13,0.726,175000.0,120300.0,580300,12,personal,1,1,1,1,0,0
CUST107605,28,male,contract,10.2,82400,661,0,0,0,0,2,9700.0,0.273,0.249,337600.0,286800.0,260000,24,personal,1,1,1,1,1,0
CUST107606,56,male,business,3.2,46700,701,5,67,3,0,2,6700.0,0.146,0.326,287300.0,183500.0,204800,24,personal,1,1,1,1,0,1
CUST107607,59,female,salaried,19.0,110000,714,0,0,0,0,1,11500.0,0.478,0.154,460300.0,169700.0,196900,36,consumer,1,1,1,1,1,1
CUST107608,48,female,business,5.2,45200,682,3,26,4,0,1,5800.0,0.392,0.315,66000.0,40600.0,303000,36,home,1,1,1,1,1,0
CUST107609,62,female,salaried,11.1,37500,648,4,58,2,0,3,14700.0,0.693,0.441,258300.0,218300.0,87800,48,vehicle,1,1,1,1,1,0
CUST107610,49,female,business,9.7,34400,696,5,77,3,0,3,12800.0,0.254,0.4,73700.0,17300.0,46000,48,medical,1,1,1,1,0,0
CUST107611,41,male,salaried,13.8,51200,741,2,29,1,0,2,8800.0,0.26,0.323,270200.0,108100.0,279000,36,consumer,1,1,1,1,1,1
CUST107612,26,male,salaried,5.6,32400,687,4,67,5,0,2,8300.0,0.445,0.415,122000.0,61800.0,61800,12,personal,1,0,1,1,1,0
CUST107613,39,female,contract,7.2,122300,726,4,66,2,0,0,13000.0,0.549,0.289,234300.0,75600.0,806400,36,consumer,1,1,1,1,1,1
CUST107614,60,male,salaried,10.9,83000,737,3,41,1,0,2,25700.0,0.373,0.397,524600.0,403500.0,436200,60,vehicle,1,1,1,1,0,1
CUST107615,55,male,salaried,4.4,55000,684,1,17,3,0,1,5200.0,0.175,0.284,147900.0,84300.0,374800,36,business,1,1,1,1,1,0
CUST107616,38,female,contract,5.4,69600,655,1,14,0,0,1,19600.0,0.28,1.159,359500.0,282800.0,366600,6,business,1,1,1,1,0,0
CUST107617,63,male,salaried,18.5,87400,743,4,58,2,0,3,4300.0,0.507,0.348,77300.0,24700.0,469700,18,vehicle,1,1,1,1,1,1
CUST107618,38,male,contract,2.3,86400,717,3,27,3,0,0,31100.0,0.16,0.622,507100.0,108900.0,543300,24,home,1,1,1,1,0,1
CUST107619,22,male,salaried,6.0,118400,755,0,0,0,0,2,32400.0,0.578,0.607,244300.0,172100.0,711400,18,vehicle,1,1,1,1,1,1
CUST107620,59,male,salaried,3.3,87500,764,4,48,0,0,1,18300.0,0.306,0.304,357600.0,119600.0,299300,36,business,1,1,1,1,1,1
CUST107621,59,male,salaried,10.4,59500,723,4,49,3,0,2,4800.0,0.306,0.162,296300.0,171000.0,291200,60,vehicle,1,1,1,1,0,1
CUST107622,33,male,salaried,4.8,29500,639,8,86,10,0,2,4000.0,0.537,0.24,210400.0,177800.0,221000,72,home,1,1,1,1,0,0
CUST107623,44,male,contract,9.7,71200,703,2,43,1,0,1,11700.0,0.207,0.237,356100.0,142600.0,249700,48,medical,1,1,1,1,1,1
CUST107624,59,male,salaried,3.2,95100,630,5,93,12,0,0,20400.0,0.474,0.336,153500.0,68000.0,552600,48,personal,1,1,1,1,0,0
CUST107625,26,male,salaried,5.0,119200,739,2,42,2,0,2,39800.0,0.288,0.505,435000.0,295700.0,488600,24,education,1,1,1,1,1,1
CUST107626,30,female,self_employed,16.6,72900,732,0,0,0,0,1,5800.0,0.345,0.134,193600.0,55500.0,96100,24,home_improvement,1,1,1,1,0,1
CUST107627,22,male,salaried,6.0,65800,719,2,34,0,0,0,9700.0,0.375,0.27,96200.0,33700.0,290500,36,business,1,1,1,1,1,1
CUST107628,62,male,contract,12.2,41000,663,1,20,1,0,1,9900.0,0.223,0.347,128300.0,101100.0,258600,60,vehicle,1,1,1,1,0,0
CUST107629,26,female,salaried,12.6,47300,773,0,0,0,0,1,6500.0,0.37,0.306,55800.0,30000.0,287300,36,personal,1,1,1,1,1,1
CUST107630,34,female,self_employed,7.3,108800,728,2,36,2,0,2,28300.0,0.175,0.427,450500.0,109500.0,653100,36,business,1,1,1,1,0,1
CUST107631,59,male,self_employed,7.5,59300,666,8,100,4,0,3,20900.0,0.358,0.433,231800.0,99000.0,342100,72,business,1,0,1,1,1,0
CUST107632,59,female,salaried,11.6,51500,567,2,29,7,0,0,8100.0,0.287,0.288,252600.0,120700.0,321900,48,business,1,1,1,1,0,0
CUST107633,48,male,salaried,10.2,90500,724,2,23,1,0,1,17400.0,0.638,0.264,620500.0,361600.0,234400,36,business,1,1,1,1,1,1
CUST107634,22,male,business,3.9,169500,757,1,11,1,0,0,45800.0,0.64,0.361,765700.0,517000.0,367600,24,consumer,1,1,1,1,0,1
CUST107635,63,female,business,16.3,28400,722,2,19,1,0,0,8000.0,0.237,0.301,123600.0,76700.0,20000,36,business,1,1,1,1,1,1
CUST107636,43,female,salaried,4.3,131400,704,0,0,0,0,0,2900.0,0.3,0.114,519900.0,235700.0,290400,24,home_improvement,1,1,1,1,1,1
CUST107637,21,male,business,,53700,686,1,12,2,0,1,8200.0,0.267,0.19,247900.0,150800.0,95500,48,vehicle,1,0,1,1,0,0
CUST107638,55,male,salaried,6.5,15700,744,3,51,3,0,2,3900.0,0.213,0.275,0.0,0.0,20000,48,home_improvement,1,1,1,1,0,1
CUST107639,40,female,contract,4.2,30800,681,4,78,2,0,2,11400.0,0.605,0.505,113500.0,46300.0,199700,48,home_improvement,1,1,1,1,0,0
CUST107640,34,female,contract,19.6,141200,772,3,44,1,0,4,38700.0,0.455,0.431,718300.0,637000.0,400100,18,vehicle,0,1,1,1,1,1
CUST107641,22,female,salaried,20.3,59600,680,4,73,7,0,1,19500.0,0.416,0.464,114600.0,55000.0,146400,18,vehicle,1,1,1,1,0,1
CUST107642,24,female,business,2.3,54000,667,0,0,0,0,0,7000.0,0.496,0.226,316400.0,282600.0,310800,60,home,1,1,1,1,1,0
CUST107643,63,male,self_employed,8.7,140100,722,5,87,3,0,3,46000.0,0.461,0.72,834300.0,,657800,12,vehicle,1,1,1,1,0,1
CUST107644,38,male,business,8.6,35600,753,2,38,2,0,2,12600.0,0.584,0.483,67000.0,49000.0,220400,48,vehicle,1,1,1,1,1,1
CUST107645,39,male,business,5.6,75000,720,4,40,0,0,2,2900.0,0.246,0.245,107600.0,75700.0,558300,36,business,1,1,1,1,1,1
CUST107646,45,male,salaried,3.3,62100,602,2,21,3,0,2,4000.0,0.837,0.348,253300.0,63500.0,316700,18,vehicle,1,0,1,1,1,0
CUST107647,40,female,salaried,3.4,98500,724,4,67,1,0,1,31800.0,0.35,0.876,681400.0,512100.0,654400,12,personal,1,1,1,1,0,1
CUST107648,23,male,salaried,3.4,87100,624,3,38,4,0,1,33400.0,0.081,0.455,203200.0,98000.0,149100,24,business,1,1,1,1,1,0
CUST107649,56,female,salaried,6.3,53600,735,5,93,2,0,0,15300.0,0.471,0.442,108500.0,63800.0,100600,12,home_improvement,1,1,1,1,1,1
CUST107650,29,female,contract,9.1,139900,715,3,41,1,0,1,44400.0,0.447,0.433,936000.0,551400.0,776400,48,vehicle,1,1,1,1,0,1
CUST107651,47,female,contract,13.3,103500,773,1,21,0,0,2,33400.0,0.225,0.838,379400.0,98100.0,639400,12,vehicle,1,1,1,1,0,1
CUST107652,47,female,business,7.2,15000,713,6,129,9,1,2,8200.0,0.2,0.598,106300.0,78400.0,36800,48,business,1,1,1,1,0,0
CUST107653,28,male,salaried,2.6,64300,685,2,34,0,0,0,7900.0,0.332,0.26,346700.0,154600.0,423000,48,home,1,1,1,1,1,1
CUST107654,47,male,salaried,20.5,90400,739,3,38,1,0,3,30000.0,0.501,0.447,581100.0,481100.0,374300,36,education,1,1,1,1,1,1
CUST107655,29,male,salaried,6.7,124100,723,1,23,1,0,2,37100.0,0.215,0.667,615600.0,363600.0,548200,12,education,1,1,1,1,1,1
CUST107656,53,male,salaried,2.8,67900,705,5,71,4,0,1,10600.0,0.56,0.226,364700.0,134900.0,170600,36,personal,1,1,1,1,0,1
CUST107657,53,female,contract,10.0,111200,738,5,72,3,0,0,7700.0,0.656,0.133,93400.0,60700.0,255800,36,consumer,1,1,1,1,1,1
CUST107658,34,male,business,1.6,55500,715,5,103,7,0,2,15000.0,0.292,0.371,216500.0,49200.0,334600,60,personal,1,1,1,1,1,0
CUST107659,51,male,salaried,15.7,56700,775,5,69,1,0,1,6600.0,0.197,0.268,251800.0,65100.0,154800,18,personal,1,1,1,1,0,1
CUST107660,45,female,business,5.3,17900,646,3,49,5,0,3,1500.0,0.337,0.11,63500.0,51500.0,33900,72,home_improvement,1,1,1,1,1,0
CUST107661,33,male,business,14.2,66200,793,4,82,2,0,2,7100.0,0.504,0.301,186000.0,159300.0,308300,24,business,1,1,1,1,1,1
CUST107662,53,female,self_employed,5.1,57000,684,2,34,2,0,2,1300.0,0.51,0.109,343300.0,76300.0,353500,72,home,1,1,1,1,1,0
CUST107663,23,male,salaried,13.2,77400,738,1,21,1,0,2,29400.0,0.366,0.474,50300.0,29600.0,175300,24,consumer,1,1,1,1,1,1
CUST107664,49,male,contract,8.8,80700,720,1,23,1,0,2,12200.0,0.503,0.747,49500.0,29800.0,288500,6,personal,1,1,1,1,1,0
CUST107665,34,male,salaried,8.6,26100,603,2,23,3,0,1,2800.0,0.309,0.272,136100.0,118100.0,154900,36,consumer,0,1,1,1,1,0
CUST107666,54,male,salaried,11.5,41200,701,7,147,7,0,2,12700.0,0.332,0.738,105300.0,86900.0,212500,12,vehicle,1,1,0,1,0,0
CUST107667,32,male,self_employed,7.6,83400,737,0,0,0,0,3,17700.0,0.144,0.261,542400.0,238100.0,145800,36,personal,1,1,1,1,1,1
CUST107668,24,male,salaried,11.1,95300,716,2,24,2,0,3,34100.0,0.257,0.516,201500.0,134800.0,361800,24,business,1,1,1,1,0,1
CUST107669,65,male,contract,11.0,71600,656,2,32,4,0,0,15600.0,0.231,0.276,424000.0,301600.0,150000,36,business,1,1,1,1,0,1
CUST107670,50,female,self_employed,5.3,37300,708,3,44,1,0,1,2800.0,0.211,0.151,30600.0,16000.0,101800,36,home,1,1,1,1,0,1
CUST107671,51,female,salaried,7.1,76800,636,2,28,2,0,1,26100.0,0.495,0.37,325300.0,121400.0,140300,60,education,1,0,1,1,0,0
CUST107672,29,male,salaried,2.0,86800,741,5,112,8,0,0,33000.0,0.316,0.421,338900.0,167100.0,252900,72,business,1,1,1,1,1,1
CUST107673,43,female,business,15.0,137900,754,0,0,0,0,2,43000.0,0.361,0.406,323700.0,265400.0,621300,48,business,1,1,1,1,1,1
CUST107674,38,male,business,5.3,91200,692,2,29,1,0,0,27500.0,0.346,0.531,275400.0,180600.0,377200,18,consumer,1,1,1,1,1,1
CUST107675,29,male,contract,7.7,65800,639,4,33,7,0,2,17000.0,0.362,0.332,448600.0,307500.0,233600,48,education,1,1,1,1,1,0
CUST107676,41,female,self_employed,16.8,59700,670,1,22,2,0,0,21700.0,0.459,0.417,219500.0,89100.0,152800,48,home,1,1,1,1,0,1
CUST107677,39,female,salaried,9.2,66300,706,1,18,0,0,1,7600.0,0.094,0.244,238400.0,174600.0,410500,48,consumer,1,1,1,1,0,1
CUST107678,26,female,business,21.4,33500,731,4,78,2,0,1,3100.0,0.307,0.382,182700.0,118900.0,232400,24,consumer,1,1,1,1,0,1
CUST107679,58,female,salaried,6.3,42300,691,4,56,0,0,1,7700.0,0.477,0.36,22100.0,14700.0,270900,36,consumer,1,1,1,1,1,1
CUST107680,27,female,salaried,1.9,36700,697,4,36,4,0,0,14200.0,0.036,0.529,86200.0,27600.0,125000,24,business,1,1,1,1,0,0
CUST107681,45,male,salaried,3.9,65400,745,3,50,1,0,3,19400.0,0.346,0.45,450700.0,289900.0,360600,36,business,1,1,1,1,1,1
CUST107682,25,male,business,5.7,108200,708,1,21,3,0,2,22600.0,0.309,0.283,242900.0,90100.0,193600,24,education,1,1,1,1,1,1
CUST107683,64,male,salaried,4.3,59500,658,4,69,3,0,1,8600.0,0.377,0.284,66000.0,41900.0,298900,36,business,1,1,0,1,1,0
CUST107684,32,female,salaried,8.0,36700,776,3,27,3,1,3,4500.0,0.687,0.177,42100.0,14400.0,47800,24,personal,1,1,1,1,0,0
CUST107685,58,female,self_employed,9.2,47400,771,3,66,0,0,0,11700.0,0.273,0.274,269500.0,234600.0,92500,72,personal,0,1,1,1,1,1
CUST107686,53,female,self_employed,10.1,114300,710,2,39,3,0,1,7400.0,0.255,0.105,309200.0,62400.0,222800,48,vehicle,1,1,1,1,1,1
CUST107687,26,female,contract,10.2,65900,650,2,34,4,0,2,18300.0,0.239,0.445,34900.0,31100.0,396400,36,consumer,1,1,1,1,0,0
CUST107688,34,male,salaried,8.7,140700,750,1,16,0,0,3,30800.0,0.272,0.367,216100.0,178700.0,748200,36,business,1,1,1,1,1,1
CUST107689,59,male,salaried,9.7,85600,670,0,0,0,0,1,21700.0,0.443,0.51,537100.0,269500.0,263400,12,home_improvement,1,1,1,1,1,0
CUST107690,45,male,business,2.5,47800,654,4,71,5,0,0,8600.0,0.245,0.345,211200.0,98000.0,284700,36,consumer,1,1,1,1,0,0
CUST107691,37,female,salaried,17.9,60100,655,4,63,5,0,0,7200.0,0.089,0.218,108800.0,24500.0,284200,48,vehicle,1,1,1,1,1,1
CUST107692,61,female,contract,11.2,25400,801,7,139,1,0,2,1200.0,0.539,0.096,85300.0,50900.0,44500,36,personal,1,1,1,1,1,1
CUST107693,50,male,business,2.8,65100,654,3,62,4,0,0,18200.0,0.06,0.313,158100.0,129800.0,158600,72,personal,1,1,1,1,1,1
CUST107694,29,female,salaried,14.2,77000,811,2,29,1,0,0,25800.0,0.274,0.494,121100.0,26600.0,587600,48,business,1,1,1,1,0,1
CUST107695,39,female,salaried,5.2,41800,660,3,38,4,0,0,10900.0,0.305,0.331,224300.0,117400.0,105700,36,vehicle,1,1,1,1,1,0
CUST107696,34,male,salaried,8.2,83300,735,5,48,2,0,1,6800.0,0.217,0.115,373100.0,155900.0,197500,72,business,1,1,1,1,0,1
CUST107697,61,male,business,15.6,84200,673,7,65,5,0,0,18000.0,0.171,0.353,173600.0,76200.0,211400,18,medical,1,1,1,1,1,1
CUST107698,47,female,salaried,6.3,54500,757,2,22,0,0,3,12000.0,0.533,0.31,380000.0,263800.0,293300,60,vehicle,1,1,1,1,0,1
CUST107699,62,male,salaried,5.3,58000,656,4,82,2,1,4,9100.0,0.705,0.246,292200.0,106200.0,186900,36,consumer,1,1,1,1,1,0
CUST107700,21,female,salaried,4.0,91400,676,5,50,5,0,0,32900.0,0.275,0.638,321300.0,137000.0,609800,24,business,1,1,1,1,0,1
CUST107701,29,female,self_employed,6.7,69800,700,4,54,6,0,1,17500.0,0.178,0.32,224300.0,57600.0,233600,48,personal,1,1,1,1,1,1
CUST107702,49,male,salaried,1.3,81200,666,3,32,4,0,1,34200.0,0.605,0.744,162300.0,96200.0,314300,12,medical,1,1,1,1,0,0
CUST107703,48,male,salaried,11.8,56000,693,2,41,3,0,2,6900.0,0.337,0.355,288200.0,145500.0,312100,24,education,1,1,1,1,0,1
CUST107704,27,female,self_employed,6.0,120700,690,5,67,3,0,1,23200.0,0.32,0.44,516300.0,324400.0,718000,24,vehicle,1,1,1,1,0,1
CUST107705,25,male,salaried,19.0,70500,750,1,10,0,0,1,18800.0,0.632,0.463,399900.0,341700.0,498000,36,personal,1,1,1,1,0,1
CUST107706,63,female,business,6.2,46400,677,2,38,2,0,1,8800.0,0.091,0.208,196600.0,141700.0,20000,24,personal,1,1,1,1,0,1
CUST107707,38,male,salaried,6.4,63600,646,1,17,1,0,0,12200.0,0.341,0.218,289800.0,67300.0,78700,48,consumer,1,1,1,1,1,1
CUST107708,63,female,salaried,5.2,49300,666,5,74,6,0,1,18600.0,0.169,0.549,146800.0,70300.0,305200,36,business,1,1,1,1,1,0
CUST107709,53,male,salaried,15.0,83800,718,3,65,1,0,2,18900.0,0.46,0.377,174100.0,115400.0,304100,24,business,1,1,1,1,1,1
CUST107710,37,female,salaried,4.9,25800,673,3,34,2,0,1,4800.0,0.32,0.394,50300.0,18700.0,96800,18,medical,1,1,1,1,0,0
CUST107711,42,female,self_employed,2.9,73000,664,2,35,3,0,0,3500.0,0.438,0.142,112500.0,79400.0,246100,36,consumer,1,1,0,1,1,0
CUST107712,40,female,business,3.0,42100,637,4,71,9,0,1,5600.0,0.333,0.236,224500.0,199400.0,156100,36,personal,1,1,1,1,1,0
CUST107713,60,female,salaried,11.9,81700,701,2,46,2,0,0,16900.0,0.693,0.245,108400.0,49000.0,112100,36,consumer,1,1,1,1,0,1
CUST107714,50,female,business,1.6,115300,677,2,33,1,0,3,40700.0,0.392,0.465,627400.0,529300.0,466000,36,consumer,1,1,1,1,1,0
CUST107715,56,female,self_employed,9.2,43500,691,1,18,2,0,0,10200.0,0.395,0.329,99800.0,60600.0,246000,60,business,1,1,1,1,0,1
CUST107716,45,male,salaried,5.1,102800,699,3,66,3,0,1,18100.0,0.452,0.324,664200.0,188300.0,548400,36,personal,1,1,1,1,1,1
CUST107717,53,male,salaried,18.1,142400,750,3,35,1,0,4,9100.0,0.278,0.193,549200.0,177800.0,660500,36,business,1,1,1,1,0,1
CUST107718,64,male,contract,0.4,81900,713,3,62,1,0,1,16500.0,0.754,0.234,63800.0,28400.0,63100,24,home_improvement,1,1,0,1,1,0
CUST107719,46,female,salaried,3.1,36500,675,3,46,2,0,1,2100.0,0.212,0.215,276200.0,92700.0,206400,36,personal,0,1,1,0,0,0
CUST107720,60,female,business,4.6,18600,645,2,36,6,0,0,0.0,0.674,0.022,117800.0,34900.0,20000,48,medical,1,1,1,1,0,0
CUST107721,42,male,business,11.4,58500,670,4,47,9,0,0,16600.0,0.378,0.44,19200.0,4900.0,164000,18,personal,1,1,1,1,1,0
CUST107722,59,male,self_employed,6.1,57400,704,1,22,0,0,0,18000.0,0.393,1.204,215600.0,64600.0,306600,6,personal,1,1,1,1,0,0
CUST107723,65,male,business,11.6,51100,666,1,20,0,0,0,18000.0,0.272,0.466,41700.0,17200.0,278700,48,home_improvement,1,1,1,1,0,0
CUST107724,42,female,self_employed,4.1,50200,676,3,45,3,0,0,12900.0,0.481,0.354,227000.0,174000.0,116600,24,personal,1,1,1,1,0,0
CUST107725,52,male,salaried,18.5,15000,704,3,57,6,0,0,700.0,0.289,0.102,79200.0,17800.0,20000,24,education,1,1,1,1,0,1
CUST107726,45,female,salaried,8.3,88400,717,1,17,0,0,2,26100.0,0.284,0.414,135000.0,105100.0,126300,12,business,1,1,1,1,0,1
CUST107727,61,female,self_employed,8.7,140000,749,3,60,3,0,1,24400.0,0.628,0.238,104200.0,64500.0,641700,72,consumer,1,1,1,1,1,1
CUST107728,28,male,business,10.8,44100,677,4,73,3,0,1,9700.0,0.257,0.42,109600.0,77600.0,317000,36,home_improvement,1,1,1,1,1,0
CUST107729,54,male,contract,3.9,48700,694,2,18,2,0,1,10800.0,0.304,0.547,273700.0,155800.0,284700,18,home,1,1,1,0,1,0
CUST107730,58,male,salaried,4.1,75000,745,3,71,1,0,1,16200.0,0.291,0.429,166600.0,59100.0,383800,24,personal,1,1,1,1,1,1
CUST107731,36,female,salaried,4.4,36100,649,1,13,2,0,3,2000.0,0.199,0.598,218300.0,153700.0,235100,12,home_improvement,1,1,1,1,1,0
CUST107732,39,male,business,7.5,121800,683,2,27,1,0,3,14900.0,0.27,0.441,767600.0,,466400,12,medical,1,1,1,1,1,1
CUST107733,63,female,salaried,3.9,73700,653,2,17,5,0,0,12400.0,0.312,0.464,51500.0,28500.0,392200,18,home_improvement,1,0,1,1,1,0
CUST107734,53,male,self_employed,12.2,57700,699,3,36,0,0,1,3400.0,0.247,0.113,314200.0,143900.0,186300,60,vehicle,1,1,1,1,0,1
CUST107735,52,male,salaried,5.0,32900,563,2,28,2,0,2,6600.0,0.528,0.332,141100.0,123300.0,103500,24,education,1,1,1,1,1,0
CUST107736,33,female,business,12.3,65000,627,5,87,13,0,1,7700.0,0.368,0.291,139000.0,82200.0,268900,24,vehicle,1,1,1,1,0,0
CUST107737,25,female,self_employed,8.8,51700,586,7,84,14,0,0,4100.0,0.206,0.17,315600.0,236400.0,169600,36,consumer,1,1,1,1,0,0
CUST107738,59,male,contract,6.0,92500,642,2,25,1,0,1,19200.0,0.138,0.377,634600.0,359400.0,565400,36,vehicle,1,1,1,1,1,0
CUST107739,26,female,salaried,6.7,60400,652,3,38,4,0,2,14200.0,0.541,0.643,197200.0,110800.0,295300,12,business,1,1,1,0,0,0
CUST107740,45,female,self_employed,3.9,65400,623,1,9,1,0,3,24200.0,0.353,0.532,63100.0,12700.0,507100,48,home_improvement,1,1,1,1,1,0
CUST107741,63,male,salaried,12.9,78300,704,2,43,3,0,1,7000.0,0.223,0.463,205900.0,48600.0,526400,18,business,1,1,1,1,0,1
CUST107742,44,female,salaried,6.8,60000,699,0,0,0,0,2,5000.0,0.656,0.222,78000.0,62200.0,298900,36,vehicle,1,1,1,1,1,0
CUST107743,48,male,self_employed,3.6,99400,630,0,0,0,0,3,5100.0,0.482,0.226,432000.0,214400.0,417900,24,business,1,1,1,1,1,0
CUST107744,43,male,self_employed,4.0,62100,812,3,42,0,0,2,9000.0,0.257,0.339,381300.0,222000.0,434400,36,personal,1,1,1,1,0,1
CUST107745,30,male,self_employed,11.6,47300,734,0,0,0,0,4,0.0,0.604,0.139,282800.0,253500.0,118400,18,education,1,1,1,1,0,0
CUST107746,21,female,salaried,8.8,62000,736,3,58,2,0,0,18300.0,0.555,0.466,375600.0,113200.0,381200,36,personal,1,1,1,1,1,1
CUST107747,38,male,self_employed,5.5,42400,674,5,89,6,0,2,7000.0,0.305,0.292,16600.0,14100.0,258700,48,business,1,1,1,1,0,0
CUST107748,49,female,contract,3.8,99700,685,0,0,0,0,2,8100.0,0.149,0.26,180000.0,40100.0,640100,36,personal,1,1,1,1,1,0
CUST107749,52,female,salaried,22.5,73900,674,1,13,2,0,2,5000.0,0.694,0.396,200400.0,124900.0,437400,18,home_improvement,1,1,1,1,1,0
CUST107750,37,female,salaried,6.7,40700,647,4,59,5,0,2,9300.0,0.194,0.431,140500.0,99200.0,297300,36,home,1,1,1,1,0,0
CUST107751,37,male,salaried,5.5,149800,697,3,68,4,0,2,45800.0,0.838,0.41,551600.0,345900.0,564600,36,education,1,1,1,1,0,1
CUST107752,47,male,salaried,9.4,63700,617,5,102,8,0,5,17600.0,0.448,0.316,268100.0,123700.0,182700,72,business,1,1,1,1,1,0
CUST107753,56,female,salaried,10.7,40900,723,3,65,1,0,1,400.0,0.143,0.143,182900.0,52400.0,195500,36,personal,1,1,1,1,1,1
CUST107754,55,female,salaried,5.1,62100,716,4,85,3,0,1,3900.0,0.433,0.068,419400.0,311400.0,20000,60,business,1,1,1,1,1,1
CUST107755,46,male,self_employed,4.2,66800,713,0,0,0,0,2,11100.0,0.426,0.199,118200.0,69800.0,79200,36,education,1,1,1,1,1,0
CUST107756,38,male,self_employed,5.9,120400,731,1,12,0,0,2,35000.0,0.227,0.3,273600.0,91400.0,81200,72,home_improvement,1,1,1,1,1,1
CUST107757,44,female,business,3.9,46400,634,3,46,5,0,2,8800.0,0.316,0.365,136100.0,99200.0,293000,36,vehicle,1,1,1,1,0,0
CUST107758,26,male,salaried,2.8,127100,723,6,140,4,0,0,30300.0,0.321,0.419,45100.0,34100.0,824300,36,vehicle,1,1,1,1,0,1
CUST107759,57,female,salaried,10.2,137200,688,0,0,0,0,3,16900.0,0.419,0.248,306600.0,156600.0,205100,12,personal,1,1,1,1,1,0
CUST107760,45,female,salaried,8.6,112000,752,1,20,0,0,1,19900.0,0.197,0.283,308900.0,195100.0,423400,36,personal,1,1,1,1,1,1
CUST107761,23,male,salaried,3.1,103000,644,5,65,5,0,3,25500.0,0.354,0.328,110300.0,51800.0,297100,36,vehicle,1,1,1,1,1,0
CUST107762,41,male,salaried,2.6,165100,740,3,32,1,0,1,11400.0,0.161,0.248,926200.0,449800.0,1063600,36,home_improvement,1,0,1,1,1,1
CUST107763,42,female,salaried,11.9,40200,713,2,44,2,0,2,7700.0,0.636,0.289,194400.0,112500.0,234400,60,personal,1,1,1,1,0,1
CUST107764,31,male,contract,5.2,88200,695,3,67,2,0,2,17700.0,0.091,0.376,91500.0,59100.0,555500,36,personal,1,1,1,1,1,1
CUST107765,55,male,self_employed,8.6,81800,710,2,27,3,0,2,22900.0,0.587,0.544,324700.0,75000.0,517700,24,personal,1,1,1,1,1,1
CUST107766,52,male,contract,4.5,24400,710,3,67,2,0,0,2600.0,0.337,0.138,170700.0,135600.0,45800,60,consumer,1,1,1,1,0,1
CUST107767,24,male,salaried,8.3,34100,679,3,47,4,0,2,6300.0,0.264,0.285,55300.0,20500.0,164400,48,vehicle,1,1,1,1,1,0
CUST107768,60,male,salaried,18.6,39800,752,1,16,1,0,2,4000.0,0.632,0.176,181500.0,72800.0,143600,48,personal,1,1,1,1,0,1
CUST107769,32,female,business,6.2,33600,704,3,32,4,0,0,3600.0,0.123,0.143,24000.0,10300.0,57300,48,vehicle,1,1,1,1,0,1
CUST107770,54,male,business,7.8,26700,656,5,79,11,0,3,11300.0,0.455,0.546,196600.0,155600.0,196500,60,home,1,1,1,1,1,0
CUST107771,53,male,salaried,3.3,59200,658,1,22,2,0,3,20500.0,0.241,0.597,114900.0,92100.0,177800,12,home_improvement,1,1,1,1,1,0
CUST107772,56,male,self_employed,7.9,34300,680,2,24,2,0,0,900.0,0.366,0.056,95000.0,43900.0,37300,36,consumer,1,1,1,1,0,0
CUST107773,65,male,self_employed,10.0,56900,658,6,56,4,0,1,17100.0,0.496,0.47,150200.0,65700.0,347800,36,personal,1,1,1,1,1,0
CUST107774,45,male,salaried,12.8,26100,702,3,69,3,0,1,5800.0,0.657,0.238,67000.0,23400.0,20000,48,personal,1,1,1,1,0,1
CUST107775,39,male,salaried,9.4,44600,721,1,10,0,0,1,5900.0,0.429,0.243,46500.0,17800.0,177000,36,education,1,1,1,1,1,1
CUST107776,58,male,salaried,2.3,40000,649,0,0,0,0,1,11400.0,0.5,0.302,188700.0,94500.0,24600,36,business,1,1,1,1,0,0
CUST107777,58,male,business,6.7,140000,741,2,47,1,0,0,30300.0,0.44,0.398,434800.0,233600.0,610800,24,home_improvement,1,1,1,1,1,1
CUST107778,63,female,salaried,5.4,59000,680,0,0,0,0,2,18100.0,0.476,0.532,118900.0,95300.0,159700,12,education,1,1,0,1,0,0
CUST107779,46,female,salaried,10.7,88300,685,0,0,0,0,1,10600.0,0.593,0.209,163800.0,94500.0,141700,18,personal,1,1,0,1,1,0
CUST107780,43,male,salaried,10.1,21800,708,3,57,3,0,0,7700.0,0.045,0.39,28800.0,20300.0,28500,36,business,1,1,1,1,0,1
CUST107781,62,female,salaried,2.4,67700,584,2,40,4,0,1,12800.0,0.337,0.334,431400.0,378100.0,353100,36,vehicle,1,1,0,1,0,0
CUST107782,51,female,self_employed,7.4,166900,759,6,141,3,0,3,42100.0,0.453,0.314,585000.0,352800.0,249300,24,personal,1,1,1,1,1,1
CUST107783,45,male,self_employed,6.0,59300,710,1,10,0,0,2,10400.0,0.492,0.26,225000.0,199900.0,239900,48,consumer,1,1,1,1,1,1
CUST107784,26,female,salaried,8.2,94100,770,4,60,0,0,1,24100.0,0.091,0.51,446200.0,100100.0,143300,6,business,1,1,1,1,0,1
CUST107785,51,male,salaried,15.5,82100,740,6,133,5,0,2,16800.0,0.181,0.309,307500.0,129900.0,309900,36,vehicle,1,1,1,1,0,1
CUST107786,50,female,salaried,2.6,57600,725,1,22,1,0,1,10400.0,0.346,0.549,45600.0,13600.0,255000,12,consumer,1,1,1,1,1,1
CUST107787,32,male,contract,3.9,65100,748,6,69,3,0,3,7800.0,0.631,0.315,197300.0,117100.0,152200,12,personal,1,1,1,1,1,1
CUST107788,53,male,self_employed,7.6,44000,643,4,68,4,0,1,2800.0,0.538,0.349,273200.0,,226200,18,personal,1,1,1,1,1,0
CUST107789,65,female,salaried,16.8,69900,692,1,10,1,0,1,10100.0,0.435,0.295,386900.0,339600.0,378700,36,home,1,1,1,1,0,1
CUST107790,56,male,salaried,17.3,46200,736,4,70,2,0,0,19400.0,0.125,0.599,160500.0,95300.0,198100,24,consumer,1,1,1,1,1,1
CUST107791,61,female,self_employed,13.0,69000,708,4,70,2,0,1,4800.0,0.125,0.255,180200.0,129100.0,461000,36,business,1,1,1,1,1,1
CUST107792,65,female,salaried,11.1,31800,611,0,0,0,0,1,8200.0,0.495,0.347,153100.0,48700.0,68400,24,medical,1,1,1,1,0,0
CUST107793,31,male,business,13.0,41100,810,3,67,2,0,3,8100.0,0.203,0.303,212300.0,146200.0,209600,48,vehicle,1,1,1,1,0,1
CUST107794,61,female,self_employed,10.1,74200,658,4,73,11,0,0,12300.0,0.333,0.216,172200.0,86900.0,223600,60,personal,0,1,1,1,0,1
CUST107795,64,male,self_employed,7.2,115600,634,8,117,11,0,2,42000.0,0.524,0.414,653100.0,567600.0,212800,36,home_improvement,1,1,0,1,1,0
CUST107796,26,male,salaried,6.2,130600,764,0,0,0,0,2,9600.0,0.63,0.122,673000.0,427800.0,152100,24,home,1,1,0,1,1,1
CUST107797,44,female,self_employed,6.9,103700,786,3,37,2,0,0,39700.0,0.406,0.62,675200.0,352900.0,590500,24,medical,1,1,1,1,1,1
CUST107798,44,male,salaried,8.3,65200,715,0,0,0,0,1,22100.0,0.388,0.436,75300.0,63700.0,303500,48,consumer,1,1,1,1,0,0
CUST107799,36,male,salaried,6.4,62900,691,0,0,0,0,0,19900.0,0.507,0.358,373900.0,132000.0,157900,60,home_improvement,1,1,1,1,1,0
CUST107800,47,male,salaried,1.2,60200,648,5,60,5,0,4,19600.0,0.419,0.538,185400.0,150800.0,306200,24,business,1,1,1,1,1,0
CUST107801,23,male,salaried,5.9,59600,693,2,44,2,0,2,3700.0,0.578,0.102,230400.0,143600.0,86500,36,personal,1,1,1,1,1,1
CUST107802,23,male,salaried,7.3,50400,643,4,83,5,0,0,15300.0,0.675,0.321,107400.0,92300.0,41100,48,personal,1,1,1,1,0,0
CUST107803,39,female,contract,6.0,107800,698,1,9,1,0,0,39600.0,0.058,0.394,154400.0,121900.0,207400,72,personal,1,0,1,1,1,1
CUST107804,60,male,contract,6.3,102200,707,2,33,1,0,1,31600.0,0.111,0.412,324100.0,,502100,48,personal,1,1,1,1,1,1
CUST107805,42,male,business,8.4,84700,683,7,75,9,0,0,14400.0,0.322,0.234,108500.0,35300.0,260000,48,education,1,1,1,1,0,1
CUST107806,65,female,self_employed,,54100,687,3,47,1,0,1,10000.0,0.454,0.284,250000.0,198400.0,193900,36,personal,1,1,1,1,0,0
CUST107807,47,male,business,4.7,29800,763,5,55,0,0,1,9400.0,0.661,0.444,176300.0,158500.0,138100,36,personal,1,1,1,1,0,1
CUST107808,33,female,salaried,12.4,59100,678,1,15,0,0,1,9300.0,0.677,0.294,268100.0,215400.0,289800,36,business,0,1,1,1,1,1
CUST107809,34,male,salaried,3.1,28900,720,2,32,0,0,0,10000.0,0.327,0.466,83700.0,37700.0,166300,48,business,1,1,1,1,0,1
CUST107810,28,male,business,3.6,41900,622,1,19,3,0,2,9100.0,0.352,0.313,106400.0,42100.0,96500,24,education,1,1,1,1,1,0
CUST107811,62,female,salaried,0.8,30200,669,2,44,4,0,0,8600.0,0.224,0.328,241500.0,64800.0,46800,36,vehicle,1,1,1,1,1,0
CUST107812,63,female,self_employed,10.7,77500,727,3,36,3,0,2,15400.0,0.276,0.406,190600.0,129800.0,579400,36,education,1,1,1,1,0,0
CUST107813,50,male,contract,2.3,34900,673,3,33,3,0,0,8300.0,0.574,0.465,31700.0,14400.0,142800,18,consumer,1,1,1,1,0,0
CUST107814,39,male,salaried,5.3,33900,705,2,30,0,0,4,6800.0,0.501,0.234,131100.0,27100.0,40200,36,home,1,1,1,1,1,0
CUST107815,42,male,salaried,11.0,103400,696,2,32,0,0,0,4300.0,0.085,0.067,614700.0,467800.0,190600,72,medical,1,1,1,1,1,1
CUST107816,34,male,salaried,3.8,68800,750,6,113,1,0,4,6000.0,0.323,0.216,289200.0,125400.0,425700,48,personal,1,1,0,1,1,1
CUST107817,59,male,salaried,10.2,31300,655,3,35,1,0,0,6500.0,0.131,0.267,18800.0,16500.0,67100,36,vehicle,1,1,1,1,0,0
CUST107818,26,female,salaried,10.4,86700,726,1,12,0,0,1,8500.0,0.176,0.246,474700.0,111500.0,462400,36,vehicle,1,1,1,1,1,1
CUST107819,25,male,salaried,6.3,16300,720,3,67,2,0,1,0.0,0.633,0.187,91100.0,61700.0,109500,36,business,1,1,1,1,1,0
CUST107820,61,male,contract,2.6,52900,744,4,66,2,0,0,14000.0,0.337,0.415,34100.0,26700.0,287000,36,home,1,1,1,1,0,1
CUST107821,32,male,business,9.7,62600,800,2,23,1,0,1,14100.0,0.239,0.333,347000.0,88300.0,324500,48,business,1,1,1,1,1,1
CUST107822,25,male,salaried,3.2,47800,623,3,56,13,0,0,18200.0,0.278,0.526,98700.0,40000.0,249900,36,personal,1,1,1,1,0,0
CUST107823,23,male,self_employed,5.0,42800,634,2,33,7,0,2,12900.0,0.417,0.39,53800.0,46400.0,137200,36,business,1,1,1,1,1,0
CUST107824,50,male,salaried,8.3,74400,759,2,23,1,0,0,17100.0,0.125,0.378,138700.0,41600.0,396500,36,business,1,1,1,1,0,1
CUST107825,48,female,business,1.4,132100,715,4,81,7,0,1,54800.0,0.863,0.687,794900.0,640800.0,864100,24,home_improvement,1,1,1,1,1,0
CUST107826,29,male,business,2.7,90600,671,1,14,1,0,2,17800.0,0.562,0.345,628800.0,445400.0,242600,18,consumer,1,1,1,1,0,0
CUST107827,60,female,salaried,7.0,104200,684,3,56,1,0,4,16800.0,0.57,0.306,232800.0,201400.0,181600,12,business,1,1,1,1,0,0
CUST107828,34,male,salaried,2.0,89400,637,3,30,3,0,2,32100.0,0.352,0.434,355600.0,296400.0,241500,36,education,1,1,1,1,1,0
CUST107829,39,male,salaried,3.8,35500,694,2,31,1,0,0,0.0,0.21,0.11,217800.0,98500.0,141000,36,vehicle,1,1,1,1,1,0
CUST107830,54,male,salaried,3.8,66200,637,2,30,2,0,4,14400.0,0.566,0.376,451100.0,106800.0,188600,18,consumer,1,0,1,1,1,0
CUST107831,34,female,contract,10.4,100700,701,4,37,3,0,0,17500.0,0.374,0.251,542100.0,413900.0,278900,36,personal,1,1,1,1,1,1
CUST107832,56,male,self_employed,6.0,109900,676,1,17,0,0,0,35000.0,0.055,0.378,193300.0,95400.0,234800,36,home_improvement,1,0,1,1,0,1
CUST107833,26,male,self_employed,19.8,85000,741,2,37,3,0,3,29000.0,0.567,0.645,252700.0,134700.0,154800,6,vehicle,1,1,1,1,0,1
CUST107834,32,female,self_employed,7.5,69400,638,2,19,1,0,1,9700.0,0.175,0.469,466700.0,198000.0,274100,12,medical,1,1,1,1,1,0
CUST107835,55,female,self_employed,6.2,72900,783,4,94,2,0,1,12900.0,0.246,0.228,452800.0,364500.0,222800,60,personal,1,1,1,0,0,1
CUST107836,32,male,business,7.9,43600,666,1,18,3,0,1,10600.0,0.648,0.795,215000.0,122900.0,288900,12,vehicle,1,1,1,1,0,0
CUST107837,46,male,salaried,8.1,95200,689,2,23,1,0,2,34700.0,0.367,0.404,144600.0,92300.0,224100,60,vehicle,1,1,1,1,0,1
CUST107838,34,female,salaried,11.1,59900,721,0,0,0,0,1,5900.0,0.258,0.168,200700.0,97900.0,149900,36,business,1,1,1,1,0,0
CUST107839,47,male,salaried,12.6,31200,796,2,34,0,0,1,5200.0,0.287,0.275,71700.0,64000.0,202300,60,education,1,1,1,1,1,1
CUST107840,44,female,self_employed,6.6,49700,724,1,18,3,0,1,12400.0,0.331,0.439,349300.0,145200.0,56500,6,home_improvement,1,1,1,1,0,0
CUST107841,30,male,salaried,7.3,108100,722,4,47,1,0,2,11200.0,0.713,0.138,422200.0,262600.0,179200,48,education,1,1,0,1,0,1
CUST107842,46,male,self_employed,6.1,22900,710,4,49,3,0,1,5300.0,0.263,0.373,120500.0,95800.0,116400,36,medical,1,1,1,1,0,0
CUST107843,48,female,salaried,8.9,112200,739,4,88,4,0,0,30200.0,0.156,0.367,177200.0,89500.0,395400,36,vehicle,1,1,1,1,0,1
CUST107844,53,female,self_employed,2.9,51500,679,3,49,2,0,0,5400.0,0.513,0.408,255000.0,180200.0,281100,18,personal,1,1,1,1,0,1
CUST107845,63,female,salaried,6.2,15000,624,1,18,3,0,0,600.0,0.078,0.228,52500.0,23100.0,101400,36,vehicle,1,1,1,1,1,0
CUST107846,25,male,salaried,4.6,28400,642,1,15,0,0,0,6400.0,0.301,0.368,129400.0,95400.0,72900,18,business,1,1,1,1,0,0
CUST107847,42,male,salaried,7.9,108800,707,0,0,0,0,1,15400.0,0.481,0.246,261000.0,83800.0,411000,36,personal,1,1,1,1,0,1
CUST107848,49,male,salaried,10.6,49600,689,3,63,6,0,0,7800.0,0.186,0.219,203900.0,51000.0,110800,36,personal,1,1,1,1,0,1
CUST107849,29,female,salaried,1.6,44700,627,1,21,3,0,1,4300.0,0.077,0.305,149300.0,99600.0,224400,24,business,1,1,1,1,0,0
CUST107850,29,female,business,9.4,58400,773,1,10,0,0,2,11500.0,0.385,0.288,333000.0,229600.0,255500,48,home,1,1,1,1,0,1
CUST107851,42,male,self_employed,14.6,98300,700,5,89,11,0,0,24600.0,0.669,0.333,230700.0,191300.0,489100,60,education,1,1,1,1,1,1
CUST107852,31,female,self_employed,6.9,38700,713,1,10,0,0,2,4100.0,0.395,0.204,192000.0,149700.0,182200,48,medical,1,1,1,1,1,0
CUST107853,65,male,salaried,3.5,28400,641,0,0,0,0,4,11600.0,0.302,0.514,26900.0,18700.0,107800,36,consumer,1,1,1,1,1,0
CUST107854,22,male,business,2.5,38500,706,5,47,3,0,0,10700.0,0.759,0.324,75700.0,16500.0,64100,36,medical,1,1,1,1,0,0
CUST107855,38,male,salaried,3.0,95500,677,1,17,4,0,3,31200.0,0.547,0.379,578500.0,154200.0,180000,36,business,1,1,1,1,1,0
CUST107856,22,female,business,4.4,39800,721,3,42,0,0,1,10900.0,0.354,0.316,188900.0,127700.0,30500,18,vehicle,1,1,1,1,0,0
CUST107857,31,male,salaried,12.1,34200,716,2,43,1,0,0,9100.0,0.288,0.434,143200.0,59800.0,137600,24,medical,1,1,1,1,1,1
CUST107858,39,male,salaried,1.3,68000,711,0,0,0,0,2,10700.0,0.145,0.2,86300.0,17500.0,173900,60,vehicle,1,1,1,1,0,0
CUST107859,36,male,salaried,1.8,20700,655,4,78,6,0,0,7700.0,0.358,0.455,74200.0,49700.0,103600,60,consumer,1,1,1,1,1,0
CUST107860,39,male,salaried,5.0,55500,713,1,13,0,0,1,0.0,0.157,0.262,367900.0,222900.0,262200,18,vehicle,1,1,1,1,1,1
CUST107861,23,female,salaried,16.9,76800,769,2,35,1,0,3,19800.0,0.268,0.526,328300.0,233300.0,494700,24,personal,1,1,1,1,0,1
CUST107862,30,male,salaried,13.3,62900,652,1,14,1,0,1,8800.0,0.349,0.301,313700.0,193200.0,243600,24,education,1,1,1,1,0,1
CUST107863,53,male,salaried,7.1,25000,697,2,24,0,0,2,0.0,0.277,0.085,70000.0,42800.0,102500,48,home,1,1,1,1,1,0
CUST107864,65,female,contract,8.1,117300,669,7,160,8,0,0,44000.0,0.233,0.414,462600.0,245100.0,164200,36,personal,1,1,1,1,1,1
CUST107865,62,female,self_employed,6.4,95700,719,7,97,1,0,0,15400.0,0.135,0.254,39900.0,35900.0,642200,72,personal,1,1,1,1,0,1
CUST107866,61,male,business,6.6,54800,637,3,39,3,0,0,16400.0,0.064,0.479,253500.0,218500.0,236100,24,personal,1,1,1,1,1,0
CUST107867,50,female,contract,1.9,93300,787,4,51,1,0,0,25000.0,0.415,0.376,485600.0,285100.0,361300,36,home_improvement,1,1,1,1,0,1
CUST107868,50,male,self_employed,8.3,58200,649,1,14,0,0,2,5900.0,0.295,0.615,51100.0,38400.0,358400,12,vehicle,1,1,1,1,1,0
CUST107869,59,male,self_employed,8.0,76100,764,3,45,0,0,0,18700.0,0.437,0.303,402900.0,187700.0,156800,36,consumer,1,1,1,1,0,1
CUST107870,29,male,salaried,9.0,46100,646,2,20,2,1,4,15900.0,0.576,0.485,160100.0,122100.0,232900,36,personal,1,1,1,1,0,0
CUST107871,24,female,salaried,2.5,42500,707,2,44,4,0,0,7500.0,0.324,0.289,14500.0,7100.0,229700,48,medical,1,1,1,1,1,0
CUST107872,37,male,salaried,6.7,139100,684,3,52,5,0,1,40700.0,0.257,0.37,480400.0,198000.0,644000,60,medical,1,1,1,1,0,0
CUST107873,29,male,business,6.5,80700,660,2,27,3,0,3,2100.0,0.535,0.098,253900.0,,210500,36,vehicle,1,1,1,1,0,0
CUST107874,47,male,self_employed,10.1,78800,659,1,17,2,0,1,6500.0,0.372,0.558,472300.0,138900.0,449400,12,home_improvement,1,1,1,1,0,0
CUST107875,45,male,salaried,7.8,66200,700,6,56,4,0,2,17200.0,0.44,0.346,270300.0,82300.0,341800,60,vehicle,1,1,1,1,1,0
CUST107876,22,male,self_employed,4.8,48800,702,4,47,1,0,1,15600.0,0.341,0.627,206700.0,48900.0,179900,12,business,1,1,1,1,1,0
CUST107877,46,female,salaried,,65500,765,2,28,0,0,1,8100.0,0.625,0.404,366800.0,283500.0,440500,24,home,1,1,0,1,1,1
CUST107878,33,male,salaried,8.1,36900,662,3,31,5,0,1,10300.0,0.379,0.996,218100.0,122100.0,158800,6,personal,1,1,1,1,0,0
CUST107879,27,male,salaried,4.4,53300,625,5,102,18,0,1,18800.0,0.577,0.408,339400.0,231600.0,107000,36,personal,1,1,1,1,1,0
CUST107880,31,female,salaried,7.9,55300,628,2,26,0,0,0,10700.0,0.3,0.362,285500.0,224700.0,336300,36,vehicle,1,0,1,1,0,0
CUST107881,32,female,self_employed,3.2,71000,682,2,40,4,0,0,26700.0,0.443,0.415,125400.0,92100.0,200100,72,home_improvement,1,1,1,1,1,0
CUST107882,23,female,self_employed,15.9,51700,690,5,99,6,0,1,2500.0,0.289,0.22,98400.0,85500.0,106300,12,personal,1,1,1,1,0,1
CUST107883,39,male,salaried,5.4,27800,649,6,117,15,1,0,6100.0,0.221,0.289,57100.0,27700.0,116200,60,home,1,1,1,1,1,0
CUST107884,41,male,salaried,4.8,191000,729,2,38,2,0,3,22300.0,0.402,0.874,662100.0,541900.0,867800,6,home_improvement,1,1,1,1,1,1
CUST107885,32,female,salaried,18.6,62700,731,1,13,1,0,1,17400.0,0.252,0.671,69900.0,61800.0,444200,18,home,1,1,1,1,1,1
CUST107886,60,female,salaried,4.6,39400,698,1,11,1,0,0,8000.0,0.292,0.387,65200.0,42600.0,260500,36,personal,1,1,1,1,1,1
CUST107887,35,male,contract,11.4,60800,659,4,65,7,0,3,16000.0,0.443,0.379,140400.0,120700.0,253100,36,personal,1,1,1,1,0,0
CUST107888,38,male,salaried,7.0,74400,747,2,19,1,0,1,4600.0,0.235,0.457,512300.0,271500.0,528700,18,business,1,1,1,1,1,1
CUST107889,28,male,salaried,7.2,103700,712,4,84,4,0,0,28500.0,0.449,0.45,655500.0,182500.0,435700,24,business,1,1,1,1,1,1
CUST107890,56,male,business,19.1,45600,680,1,11,0,0,0,15600.0,0.205,0.411,108600.0,90400.0,189700,60,business,1,1,1,1,0,1
CUST107891,44,female,contract,9.6,82900,705,1,22,1,0,1,27100.0,0.616,0.41,250400.0,128900.0,246600,36,business,1,1,1,1,1,1
CUST107892,52,male,salaried,1.2,83200,663,5,104,6,0,3,23200.0,0.538,0.307,431800.0,257800.0,169000,72,vehicle,1,1,1,1,1,0
CUST107893,23,female,salaried,6.7,179900,679,0,0,0,0,3,47700.0,0.601,1.257,926500.0,743700.0,1070600,6,medical,1,1,1,1,0,0
CUST107894,46,male,salaried,7.5,71200,619,4,74,10,0,4,15700.0,0.47,0.611,101600.0,24500.0,334000,12,business,1,1,1,1,0,0
CUST107895,32,female,salaried,4.8,95000,658,1,12,1,0,1,10500.0,0.556,0.407,395800.0,337700.0,675300,24,home_improvement,1,1,1,1,1,0
CUST107896,40,male,salaried,0.9,107500,623,3,47,1,0,2,13700.0,0.386,0.218,376100.0,90200.0,583100,60,vehicle,1,1,1,1,0,0
CUST107897,54,male,contract,13.1,74600,683,3,36,0,0,1,4900.0,0.553,0.168,215900.0,145900.0,366400,48,vehicle,1,1,1,1,1,1
CUST107898,35,male,salaried,2.8,62400,680,2,42,2,0,2,11700.0,0.133,0.196,284100.0,253600.0,20000,36,personal,1,1,1,1,1,1
CUST107899,24,female,self_employed,4.6,60500,756,3,57,3,0,0,15900.0,0.365,0.33,401300.0,337700.0,146400,36,business,1,1,1,1,1,1
CUST107900,56,male,business,10.1,59500,703,4,35,5,0,2,10100.0,0.459,0.227,228700.0,205400.0,164600,48,consumer,1,0,1,1,0,0
CUST107901,45,male,contract,2.3,50800,692,0,0,0,0,1,8500.0,0.25,0.418,126200.0,56200.0,229300,18,home_improvement,1,1,1,1,1,0
CUST107902,33,male,salaried,8.8,34200,726,4,86,2,0,1,4400.0,0.36,0.298,144200.0,84100.0,208600,36,business,1,1,1,1,0,0
CUST107903,58,male,salaried,6.0,43200,651,3,44,4,0,1,8000.0,0.351,0.252,211800.0,66400.0,103300,36,education,1,1,1,1,0,0
CUST107904,22,male,salaried,22.0,198700,768,7,69,1,0,1,9700.0,0.198,0.228,325500.0,177100.0,853500,24,personal,1,1,1,1,0,1
CUST107905,31,male,salaried,3.8,54500,746,0,0,0,0,1,23500.0,0.345,0.519,340900.0,278000.0,171400,36,home,1,1,1,1,1,1
CUST107906,49,male,self_employed,13.3,93600,672,1,20,2,0,0,17000.0,0.206,0.299,381000.0,192900.0,396300,36,consumer,1,1,1,1,0,1
CUST107907,60,female,business,4.9,112900,729,1,15,1,0,0,16500.0,0.344,0.317,606500.0,296700.0,693200,36,medical,1,1,1,1,0,1
CUST107908,65,male,salaried,7.2,103100,687,4,44,0,0,3,23800.0,0.488,0.363,461100.0,369800.0,652000,48,vehicle,1,1,1,1,1,1
CUST107909,21,male,self_employed,9.3,28000,676,3,37,2,0,2,5300.0,0.726,0.294,71100.0,21200.0,70300,24,home,1,1,1,0,1,0
CUST107910,53,female,salaried,7.8,57000,629,4,72,4,0,0,6700.0,0.324,0.179,160300.0,88500.0,125900,36,medical,1,1,1,0,0,0
CUST107911,45,female,salaried,5.4,82200,718,4,83,1,0,2,19000.0,0.459,0.392,98000.0,51600.0,476500,36,home,1,1,1,1,1,1
CUST107912,41,female,self_employed,7.1,53900,679,5,50,0,0,0,3400.0,0.097,0.125,284000.0,61900.0,120900,36,education,1,1,1,1,1,1
CUST107913,47,female,salaried,4.6,143200,758,2,25,1,0,3,30600.0,0.54,0.23,248900.0,,110800,48,education,1,1,1,1,1,1
CUST107914,59,male,self_employed,7.3,111300,737,3,54,3,0,2,38400.0,0.246,0.463,591600.0,359600.0,470900,36,personal,1,1,0,1,0,1
CUST107915,21,male,self_employed,11.7,65600,672,5,46,4,0,0,6200.0,0.358,0.153,460000.0,346600.0,228500,60,consumer,0,1,1,1,1,1
CUST107916,59,female,business,6.9,106400,726,2,23,1,0,1,18000.0,0.489,0.76,487400.0,119400.0,755000,12,personal,1,1,1,1,1,1
CUST107917,47,male,business,8.2,38900,645,2,40,4,0,2,16400.0,0.316,0.442,263400.0,55000.0,37200,48,consumer,1,1,1,0,0,0
CUST107918,43,male,salaried,9.0,75400,626,5,111,4,0,2,3700.0,0.178,0.158,487300.0,399400.0,393800,48,business,1,1,1,1,0,0
CUST107919,48,male,self_employed,5.9,20200,668,3,63,6,0,1,7600.0,0.237,0.467,83500.0,43300.0,66200,36,home_improvement,1,1,1,1,1,0
CUST107920,37,female,contract,5.3,43900,675,2,32,4,0,0,8400.0,0.331,0.256,87100.0,53800.0,101500,36,personal,1,1,1,1,1,1
CUST107921,21,female,salaried,3.1,37300,605,4,75,9,0,1,10700.0,0.145,0.407,55200.0,45500.0,80700,18,personal,1,1,1,1,1,0
CUST107922,29,male,salaried,11.6,116500,771,3,41,1,0,2,32400.0,0.44,0.42,593400.0,399100.0,396600,24,personal,1,1,1,1,0,1
CUST107923,59,male,salaried,5.2,43200,734,0,0,0,0,1,6900.0,0.249,0.216,292500.0,224600.0,116300,48,personal,1,1,1,1,1,0
CUST107924,53,male,salaried,2.7,22700,629,2,17,3,0,0,2900.0,0.283,0.203,43200.0,19300.0,82400,48,vehicle,1,1,1,1,1,0
CUST107925,21,male,contract,4.0,57000,652,2,30,2,0,0,19300.0,0.062,0.423,214100.0,74000.0,115200,24,business,1,1,1,1,1,0
CUST107926,28,male,self_employed,3.5,52100,672,2,31,3,0,1,15900.0,0.245,0.421,80600.0,70000.0,217300,36,home,1,1,1,1,1,1
CUST107927,59,male,salaried,17.9,45300,704,2,23,1,0,1,800.0,0.419,0.161,64800.0,44800.0,233800,36,consumer,1,1,1,1,0,1
CUST107928,32,female,salaried,7.2,51100,671,3,42,3,0,1,6400.0,0.105,1.046,188600.0,66900.0,282200,6,vehicle,1,1,1,1,1,0
CUST107929,59,female,salaried,1.9,62200,753,1,19,0,0,2,10800.0,0.467,0.401,120700.0,87400.0,254300,18,business,1,1,0,1,1,0
CUST107930,48,male,business,2.2,60700,785,1,20,0,0,2,12900.0,0.514,0.306,262300.0,229400.0,205300,36,home_improvement,1,1,1,1,0,1
CUST107931,52,female,contract,11.0,34500,683,2,24,4,0,1,6800.0,0.251,0.449,213300.0,99400.0,156500,18,home_improvement,1,1,1,1,0,0
CUST107932,48,female,salaried,7.1,99800,745,3,52,2,0,1,30500.0,0.22,0.372,343900.0,125400.0,398800,60,personal,1,1,1,1,0,1
CUST107933,42,female,salaried,10.3,41500,804,2,35,1,0,3,4000.0,0.388,0.337,163800.0,119200.0,179600,18,business,1,1,1,1,0,1
CUST107934,65,male,business,7.2,36900,651,3,31,2,0,0,5000.0,0.122,0.203,199200.0,167000.0,150400,60,education,1,1,1,1,0,0
CUST107935,65,male,salaried,14.1,75000,686,0,0,0,0,0,26200.0,0.202,0.602,357800.0,247500.0,227600,12,consumer,1,1,1,1,1,0
CUST107936,25,female,salaried,14.8,42500,710,6,102,12,0,0,8000.0,0.263,0.195,58500.0,29100.0,20000,72,business,1,1,1,1,0,1
CUST107937,40,male,self_employed,16.7,27300,731,1,18,0,0,3,8300.0,0.472,0.368,93700.0,30000.0,63200,36,home_improvement,1,1,1,1,1,1
CUST107938,49,male,contract,0.2,82200,652,0,0,0,0,2,16300.0,0.397,0.203,47600.0,18700.0,20000,48,business,1,1,1,1,0,0
CUST107939,27,female,contract,5.2,34100,647,8,153,15,0,4,2700.0,0.808,0.125,184200.0,103300.0,93400,60,personal,1,1,1,1,0,0
CUST107940,49,female,salaried,5.3,70600,739,3,71,1,0,1,7000.0,0.574,0.141,219200.0,141100.0,107500,36,personal,1,1,1,1,1,1
CUST107941,21,male,salaried,12.0,85700,720,5,60,5,0,0,22700.0,0.193,0.419,204200.0,64100.0,474500,36,vehicle,1,1,1,1,1,1
CUST107942,43,female,business,12.0,42300,725,2,41,3,0,0,1400.0,0.262,0.107,103500.0,32600.0,224600,72,business,1,1,1,1,0,1
CUST107943,38,female,business,5.5,76100,658,3,46,2,0,1,21100.0,0.14,0.421,281800.0,248200.0,393700,36,home_improvement,1,1,1,0,1,0
CUST107944,47,male,business,6.3,63300,610,3,46,8,1,0,3000.0,0.406,0.102,64600.0,49800.0,123400,36,education,1,1,1,1,1,0
CUST107945,34,female,contract,11.3,75000,671,4,87,5,0,4,20500.0,0.176,0.309,477900.0,167600.0,160600,60,vehicle,1,1,1,1,0,0
CUST107946,50,male,contract,10.1,70000,761,5,103,2,0,1,14800.0,0.485,0.619,423300.0,,342300,12,personal,1,1,1,1,0,1
CUST107947,46,male,salaried,6.9,48000,690,1,12,1,0,0,22400.0,0.079,0.827,135900.0,97500.0,207600,12,home,1,1,1,1,1,0
CUST107948,63,female,business,19.7,67900,658,2,19,1,0,1,7300.0,0.355,0.209,120900.0,75800.0,414800,60,home,1,1,1,1,1,1
CUST107949,54,male,self_employed,7.7,45800,701,3,64,2,0,0,12900.0,0.261,0.403,274900.0,75800.0,100400,18,personal,1,1,1,1,0,1
CUST107950,39,female,contract,7.1,43100,703,4,37,3,0,2,11800.0,0.322,0.354,25300.0,13900.0,82500,24,vehicle,1,1,1,1,1,0
CUST107951,48,female,salaried,7.6,80700,695,5,87,3,0,2,26300.0,0.465,0.436,178400.0,47400.0,321300,36,personal,1,1,1,1,0,0
CUST107952,35,female,salaried,4.1,64300,676,2,28,2,0,2,13900.0,0.486,1.217,301900.0,117200.0,386200,6,personal,1,1,1,1,0,0
CUST107953,43,female,business,2.4,73400,650,2,37,1,0,1,8700.0,0.273,0.223,307200.0,235900.0,366400,48,business,1,1,0,1,0,0
CUST107954,32,male,salaried,10.2,55700,727,3,46,2,0,2,4000.0,0.561,0.195,27600.0,16500.0,330300,48,vehicle,1,1,1,1,1,1
CUST107955,49,male,business,9.5,85500,626,1,15,3,1,1,14000.0,0.606,0.333,95600.0,36500.0,347900,24,education,1,1,1,1,1,0
CUST107956,24,male,salaried,3.5,55500,691,2,25,1,0,3,10000.0,0.22,0.462,343700.0,105800.0,375300,24,home,1,1,1,1,0,0
CUST107957,47,male,self_employed,2.8,77200,624,3,62,7,0,3,19800.0,0.769,0.389,546000.0,221700.0,367900,36,home,1,1,0,1,1,0
CUST107958,56,female,contract,5.6,45600,656,3,52,5,0,0,11100.0,0.079,0.299,121200.0,58400.0,121100,48,home_improvement,1,1,1,1,1,0
CUST107959,41,male,salaried,2.9,30700,635,3,55,5,0,2,11200.0,0.265,0.395,29600.0,6100.0,33000,36,personal,1,1,0,1,0,0
CUST107960,35,male,contract,3.4,25600,651,2,28,4,0,2,10000.0,0.524,0.469,44200.0,12600.0,96000,48,vehicle,1,1,1,1,1,0
CUST107961,46,male,self_employed,2.6,52900,624,6,80,10,0,0,23300.0,0.116,0.516,57100.0,36400.0,95900,24,medical,1,1,1,1,1,0
CUST107962,45,male,salaried,8.2,35100,672,0,0,0,0,3,11100.0,0.228,0.499,231800.0,71100.0,230500,36,consumer,1,1,1,0,1,0
CUST107963,24,female,salaried,2.6,45600,717,2,46,0,0,0,15000.0,0.193,0.581,75100.0,60600.0,275500,24,vehicle,1,1,1,1,0,0
CUST107964,50,male,salaried,11.2,52600,731,0,0,0,0,3,19900.0,0.574,0.452,117500.0,37400.0,69400,18,business,1,1,1,1,0,0
CUST107965,34,male,salaried,5.7,15000,677,2,31,1,0,1,0.0,0.391,0.168,47500.0,31400.0,150900,60,business,1,1,1,1,1,0
CUST107966,35,female,business,9.3,74100,749,5,83,2,0,3,11500.0,0.688,0.666,343500.0,204800.0,454000,12,home_improvement,1,1,1,1,1,1
CUST107967,52,male,self_employed,7.1,65700,627,2,28,4,0,0,7200.0,0.323,0.269,382000.0,149200.0,377900,36,vehicle,1,1,0,1,1,0
CUST107968,46,female,salaried,8.3,28000,635,2,43,3,0,0,7000.0,0.672,0.389,144100.0,95900.0,140600,36,business,1,1,1,1,0,0
CUST107969,48,female,salaried,6.3,88800,616,2,29,9,0,0,18900.0,0.41,0.301,377700.0,221400.0,141000,18,home,1,1,1,1,1,0
CUST107970,42,male,contract,6.7,30700,734,2,23,1,0,0,7200.0,0.408,0.253,116300.0,30000.0,20000,36,home,1,1,1,1,0,1
CUST107971,61,male,self_employed,4.9,30700,666,4,45,3,0,2,4400.0,0.668,0.18,84400.0,72100.0,81600,72,business,1,1,1,1,1,0
CUST107972,30,male,business,20.7,42500,731,1,16,0,0,1,9100.0,0.176,0.325,81800.0,24100.0,113100,24,education,1,1,1,1,1,1
CUST107973,57,female,contract,4.3,128900,749,6,137,7,0,1,7100.0,0.573,0.183,455200.0,139900.0,198500,12,medical,1,1,1,1,0,1
CUST107974,32,female,business,9.8,52900,657,1,17,2,0,1,16700.0,0.375,0.407,352300.0,76100.0,115500,24,vehicle,1,1,1,1,0,0
CUST107975,57,female,salaried,6.0,65700,708,3,64,5,0,2,4900.0,0.273,0.223,254100.0,149800.0,233900,24,home_improvement,1,1,1,1,0,1
CUST107976,58,female,salaried,4.0,55100,733,3,41,1,0,2,18900.0,0.472,0.46,317700.0,159200.0,232700,36,home,1,1,1,1,1,0
CUST107977,21,male,business,2.5,58000,657,3,65,7,0,4,15700.0,0.64,0.53,377500.0,110200.0,270300,18,personal,1,1,1,1,0,0
CUST107978,45,male,salaried,8.4,45200,703,4,43,5,0,1,2600.0,0.323,0.287,109200.0,69900.0,249100,24,home,1,1,1,1,1,0
CUST107979,43,male,self_employed,6.1,26300,662,1,16,2,0,0,3900.0,0.371,0.313,155100.0,58100.0,78100,18,education,1,0,1,1,1,0
CUST107980,39,female,contract,3.1,137500,687,7,133,7,0,2,47400.0,0.308,0.453,184200.0,120800.0,267300,18,business,1,1,1,1,1,1
CUST107981,31,male,salaried,3.0,65300,671,4,53,3,0,1,23800.0,0.386,0.703,311800.0,82200.0,397500,18,medical,1,1,1,1,0,0
CUST107982,25,female,self_employed,5.7,99400,737,3,60,0,0,1,9400.0,0.577,0.655,465300.0,253900.0,668400,12,personal,1,1,1,1,1,1
CUST107983,31,male,salaried,21.7,52500,643,4,89,7,0,1,0.0,0.186,0.254,380300.0,310200.0,320200,24,education,1,1,1,1,1,1
CUST107984,25,male,contract,5.4,28300,651,2,28,4,0,1,5200.0,0.186,0.279,109500.0,75900.0,97300,36,home,1,1,1,1,1,0
CUST107985,58,female,salaried,7.3,135600,747,0,0,0,0,1,18400.0,0.085,0.235,812200.0,529500.0,161800,12,vehicle,1,1,1,1,0,1
CUST107986,37,female,self_employed,3.2,138100,705,2,41,1,0,1,32600.0,0.567,0.357,545000.0,124900.0,401300,24,home,1,1,1,1,0,1
CUST107987,41,female,business,7.0,30500,600,5,71,9,1,1,8800.0,0.254,0.623,45600.0,15200.0,183800,18,personal,1,1,0,1,1,0
CUST107988,49,male,salaried,4.5,59600,758,0,0,0,0,0,7500.0,0.575,0.214,233000.0,141800.0,189300,36,home,1,1,1,1,0,1
CUST107989,48,male,salaried,14.4,33600,786,4,88,4,0,0,5400.0,0.143,0.315,164600.0,38300.0,186700,36,home_improvement,1,1,1,1,1,1
CUST107990,26,female,business,6.4,77200,722,3,42,3,0,0,22300.0,0.22,0.425,258500.0,85500.0,252500,24,personal,1,1,1,1,1,1
CUST107991,64,male,salaried,0.5,74600,650,4,40,8,0,2,20700.0,0.246,0.377,177900.0,37100.0,268600,36,personal,1,1,1,1,0,0
CUST107992,51,female,salaried,12.9,36800,694,5,52,3,0,1,4300.0,0.257,0.156,182900.0,131000.0,52500,36,medical,1,1,1,1,1,1
CUST107993,49,female,salaried,7.7,41900,731,2,44,0,0,1,5300.0,0.518,0.19,149900.0,47300.0,160200,60,medical,1,1,1,1,1,1
CUST107994,22,female,salaried,8.6,56200,653,4,46,2,0,0,7000.0,0.36,0.239,133800.0,99300.0,231600,36,home,1,1,1,1,1,0
CUST107995,58,female,self_employed,4.8,44600,659,2,34,2,0,3,4300.0,0.7,0.349,121400.0,29700.0,269900,24,personal,1,0,1,1,1,0
CUST107996,47,female,salaried,13.0,35700,666,5,72,8,0,2,7100.0,0.485,0.329,174600.0,40200.0,167100,36,personal,1,1,1,1,1,0
CUST107997,49,male,salaried,14.9,57800,723,3,53,1,0,2,10400.0,0.409,0.245,179400.0,,270800,72,home,1,1,1,1,0,1
CUST107998,37,male,salaried,3.1,83600,707,3,40,2,0,1,9900.0,0.133,0.306,306200.0,71000.0,564800,36,vehicle,1,1,1,1,0,1
CUST107999,49,female,salaried,9.1,84500,666,4,56,4,0,1,23000.0,0.387,0.501,491200.0,214700.0,348400,18,personal,1,0,1,1,0,0
CUST108000,22,male,self_employed,2.3,50200,716,4,73,3,0,0,14800.0,0.09,0.718,231900.0,193000.0,254800,12,business,1,1,1,1,0,0
